param_count,model_size_mb,flops,params,training_memory_mb
870523817,3320.784824371338,1849726633,"{'num_conv_layers': 1, 'conv1d_0_filters': 512, 'conv1d_0_kernel_size': 4, 'conv1d_0_act': 'silu', 'pool_size_0': 1, 'pooling_type': 'flatten', 'num_dense_layers': 1, 'dense_0_units': 425, 'dense_0_dropout': 0.5, 'dense_0_act': 'relu', 'learning_rate': 0.007336840603929844}",19358.6573638916
6611200,25.2197265625,50766522112,"{'num_conv_layers': 2, 'conv1d_0_filters': 1024, 'conv1d_0_kernel_size': 8, 'conv1d_0_act': 'relu', 'pool_size_0': 1, 'conv1d_1_filters': 1024, 'conv1d_1_kernel_size': 6, 'conv1d_1_act': 'gelu', 'pool_size_1': 1, 'pooling_type': 'max', 'num_dense_layers': 0, 'learning_rate': 0.00012289651979753092}",17176.2392578125
312265922,1191.1999588012695,21669676226,"{'num_conv_layers': 2, 'conv1d_0_filters': 1024, 'conv1d_0_kernel_size': 1, 'conv1d_0_act': 'gelu', 'pool_size_0': 2, 'conv1d_1_filters': 1024, 'conv1d_1_kernel_size': 5, 'conv1d_1_act': 'elu', 'pool_size_1': 3, 'pooling_type': 'flatten', 'num_dense_layers': 1, 'dense_0_units': 450, 'dense_0_dropout': 0.2, 'dense_0_act': 'tanh', 'learning_rate': 0.001645778796674692}",16506.319366455078
8888414,33.90660858154297,67478574174,"{'num_conv_layers': 2, 'conv1d_0_filters': 1024, 'conv1d_0_kernel_size': 7, 'conv1d_0_act': 'tanh', 'pool_size_0': 1, 'conv1d_1_filters': 1024, 'conv1d_1_kernel_size': 8, 'conv1d_1_act': 'sigmoid', 'pool_size_1': 2, 'pooling_type': 'max', 'num_dense_layers': 1, 'dense_0_units': 350, 'dense_0_dropout': 0.30000000000000004, 'dense_0_act': 'elu', 'learning_rate': 0.008897749557277422}",16211.499481201172
6548655,24.981136322021484,50579393967,"{'num_conv_layers': 2, 'conv1d_0_filters': 1024, 'conv1d_0_kernel_size': 4, 'conv1d_0_act': 'silu', 'pool_size_0': 1, 'conv1d_1_filters': 1024, 'conv1d_1_kernel_size': 6, 'conv1d_1_act': 'gelu', 'pool_size_1': 3, 'pooling_type': 'average', 'num_dense_layers': 1, 'dense_0_units': 175, 'dense_0_dropout': 0.5, 'dense_0_act': 'sigmoid', 'learning_rate': 0.0016117281742799579}",15842.041244506836
6402123,24.422161102294922,50422125899,"{'num_conv_layers': 2, 'conv1d_0_filters': 1024, 'conv1d_0_kernel_size': 1, 'conv1d_0_act': 'elu', 'pool_size_0': 1, 'conv1d_1_filters': 1024, 'conv1d_1_kernel_size': 6, 'conv1d_1_act': 'gelu', 'pool_size_1': 4, 'pooling_type': 'max', 'num_dense_layers': 1, 'dense_0_units': 75, 'dense_0_dropout': 0.30000000000000004, 'dense_0_act': 'none', 'learning_rate': 0.0004558595447365814}",15673.12223815918
263070208,1003.533203125,7917224448,"{'num_conv_layers': 2, 'conv1d_0_filters': 128, 'conv1d_0_kernel_size': 5, 'conv1d_0_act': 'none', 'pool_size_0': 1, 'conv1d_1_filters': 1024, 'conv1d_1_kernel_size': 7, 'conv1d_1_act': 'silu', 'pool_size_1': 4, 'pooling_type': 'flatten', 'num_dense_layers': 0, 'learning_rate': 0.007626084367187703}",12839.013671875
4368640,16.6650390625,33885616896,"{'num_conv_layers': 2, 'conv1d_0_filters': 1024, 'conv1d_0_kernel_size': 6, 'conv1d_0_act': 'silu', 'pool_size_0': 1, 'conv1d_1_filters': 512, 'conv1d_1_kernel_size': 8, 'conv1d_1_act': 'gelu', 'pool_size_1': 2, 'pooling_type': 'average', 'num_dense_layers': 0, 'learning_rate': 0.001071338467649279}",12641.7822265625
2777344,10.5947265625,21155248896,"{'num_conv_layers': 2, 'conv1d_0_filters': 1024, 'conv1d_0_kernel_size': 3, 'conv1d_0_act': 'silu', 'pool_size_0': 1, 'conv1d_1_filters': 512, 'conv1d_1_kernel_size': 5, 'conv1d_1_act': 'gelu', 'pool_size_1': 2, 'pooling_type': 'average', 'num_dense_layers': 0, 'learning_rate': 0.00018927804415206482}",12617.5009765625
704768,2.6884765625,4557232384,"{'num_conv_layers': 2, 'conv1d_0_filters': 1024, 'conv1d_0_kernel_size': 7, 'conv1d_0_act': 'sigmoid', 'pool_size_0': 1, 'conv1d_1_filters': 512, 'conv1d_1_kernel_size': 1, 'conv1d_1_act': 'relu', 'pool_size_1': 3, 'pooling_type': 'max', 'num_dense_layers': 0, 'learning_rate': 0.0001433335413608569}",12419.1259765625
4442899,16.948314666748047,33819217427,"{'num_conv_layers': 2, 'conv1d_0_filters': 1024, 'conv1d_0_kernel_size': 5, 'conv1d_0_act': 'tanh', 'pool_size_0': 1, 'conv1d_1_filters': 512, 'conv1d_1_kernel_size': 8, 'conv1d_1_act': 'relu', 'pool_size_1': 4, 'pooling_type': 'max', 'num_dense_layers': 1, 'dense_0_units': 275, 'dense_0_dropout': 0.1, 'dense_0_act': 'elu', 'learning_rate': 0.0001475167840993845}",12393.318161010742
1937602,7.391365051269531,12709216202,"{'num_conv_layers': 2, 'conv1d_0_filters': 1024, 'conv1d_0_kernel_size': 2, 'conv1d_0_act': 'silu', 'pool_size_0': 1, 'conv1d_1_filters': 512, 'conv1d_1_kernel_size': 3, 'conv1d_1_act': 'tanh', 'pool_size_1': 4, 'pooling_type': 'average', 'num_dense_layers': 1, 'dense_0_units': 450, 'dense_0_dropout': 0.1, 'dense_0_act': 'gelu', 'learning_rate': 0.004398206867996324}",12355.346710205078
1747200,6.6650390625,12904880896,"{'num_conv_layers': 2, 'conv1d_0_filters': 1024, 'conv1d_0_kernel_size': 6, 'conv1d_0_act': 'silu', 'pool_size_0': 1, 'conv1d_1_filters': 512, 'conv1d_1_kernel_size': 3, 'conv1d_1_act': 'tanh', 'pool_size_1': 4, 'pooling_type': 'max', 'num_dense_layers': 0, 'learning_rate': 0.006863749657642351}",12351.7822265625
1956115,7.461986541748047,12798827027,"{'num_conv_layers': 2, 'conv1d_0_filters': 512, 'conv1d_0_kernel_size': 8, 'conv1d_0_act': 'sigmoid', 'pool_size_0': 1, 'conv1d_1_filters': 1024, 'conv1d_1_kernel_size': 3, 'conv1d_1_act': 'elu', 'pool_size_1': 2, 'pooling_type': 'max', 'num_dense_layers': 1, 'dense_0_units': 275, 'dense_0_dropout': 0.30000000000000004, 'dense_0_act': 'elu', 'learning_rate': 0.0004473651496448051}",12105.622848510742
1666523,6.357280731201172,8433005127,"{'num_conv_layers': 2, 'conv1d_0_filters': 512, 'conv1d_0_kernel_size': 1, 'conv1d_0_act': 'relu', 'pool_size_0': 1, 'conv1d_1_filters': 1024, 'conv1d_1_kernel_size': 2, 'conv1d_1_act': 'elu', 'pool_size_1': 2, 'pooling_type': 'max', 'num_dense_layers': 1, 'dense_0_units': 475, 'dense_0_dropout': 0.2, 'dense_0_act': 'gelu', 'learning_rate': 0.00033257138387231847}",12101.496994018555
262185216,1000.1572265625,831655680,"{'num_conv_layers': 1, 'conv1d_0_filters': 1024, 'conv1d_0_kernel_size': 6, 'conv1d_0_act': 'tanh', 'pool_size_0': 4, 'pooling_type': 'flatten', 'num_dense_layers': 0, 'learning_rate': 0.0009682729388019014}",12075.5126953125
3877782,14.792564392089844,29454207170,"{'num_conv_layers': 2, 'conv1d_0_filters': 512, 'conv1d_0_kernel_size': 3, 'conv1d_0_act': 'sigmoid', 'pool_size_0': 1, 'conv1d_1_filters': 1024, 'conv1d_1_kernel_size': 7, 'conv1d_1_act': 'elu', 'pool_size_1': 3, 'pooling_type': 'average', 'num_dense_layers': 1, 'dense_0_units': 150, 'dense_0_dropout': 0.2, 'dense_0_act': 'silu', 'learning_rate': 0.00017180919742361587}",11801.26205444336
349485312,1333.1806640625,1055394560,"{'num_conv_layers': 1, 'conv1d_0_filters': 1024, 'conv1d_0_kernel_size': 7, 'conv1d_0_act': 'none', 'pool_size_0': 3, 'pooling_type': 'flatten', 'num_dense_layers': 0, 'learning_rate': 0.0001072796669806333}",11740.6064453125
8537444,32.56776428222656,33679789924,"{'num_conv_layers': 2, 'conv1d_0_filters': 1024, 'conv1d_0_kernel_size': 2, 'conv1d_0_act': 'relu', 'pool_size_0': 2, 'conv1d_1_filters': 1024, 'conv1d_1_kernel_size': 8, 'conv1d_1_act': 'gelu', 'pool_size_1': 2, 'pooling_type': 'max', 'num_dense_layers': 1, 'dense_0_units': 100, 'dense_0_dropout': 0.0, 'dense_0_act': 'tanh', 'learning_rate': 0.006228241039344799}",11705.729064941406
3947776,15.0595703125,29452983040,"{'num_conv_layers': 2, 'conv1d_0_filters': 512, 'conv1d_0_kernel_size': 3, 'conv1d_0_act': 'relu', 'pool_size_0': 1, 'conv1d_1_filters': 1024, 'conv1d_1_kernel_size': 7, 'conv1d_1_act': 'sigmoid', 'pool_size_1': 4, 'pooling_type': 'max', 'num_dense_layers': 0, 'learning_rate': 0.00014201877940516787}",11635.6103515625
3135863,11.96236801147461,21212268627,"{'num_conv_layers': 2, 'conv1d_0_filters': 512, 'conv1d_0_kernel_size': 9, 'conv1d_0_act': 'relu', 'pool_size_0': 1, 'conv1d_1_filters': 1024, 'conv1d_1_kernel_size': 5, 'conv1d_1_act': 'elu', 'pool_size_1': 4, 'pooling_type': 'max', 'num_dense_layers': 1, 'dense_0_units': 375, 'dense_0_dropout': 0.2, 'dense_0_act': 'gelu', 'learning_rate': 0.00020974292651641568}",11623.770858764648
8677632,33.1025390625,33737400064,"{'num_conv_layers': 2, 'conv1d_0_filters': 1024, 'conv1d_0_kernel_size': 3, 'conv1d_0_act': 'gelu', 'pool_size_0': 2, 'conv1d_1_filters': 1024, 'conv1d_1_kernel_size': 8, 'conv1d_1_act': 'tanh', 'pool_size_1': 3, 'pooling_type': 'max', 'num_dense_layers': 0, 'learning_rate': 0.0045492661253886246}",11540.7705078125
2357392,8.99273681640625,14733481616,"{'num_conv_layers': 2, 'conv1d_0_filters': 256, 'conv1d_0_kernel_size': 3, 'conv1d_0_act': 'elu', 'pool_size_0': 1, 'conv1d_1_filters': 1024, 'conv1d_1_kernel_size': 7, 'conv1d_1_act': 'elu', 'pool_size_1': 1, 'pooling_type': 'max', 'num_dense_layers': 1, 'dense_0_units': 400, 'dense_0_dropout': 0.5, 'dense_0_act': 'relu', 'learning_rate': 0.002437237179933768}",11111.934814453125
863488,3.2939453125,6356268032,"{'num_conv_layers': 2, 'conv1d_0_filters': 1024, 'conv1d_0_kernel_size': 1, 'conv1d_0_act': 'elu', 'pool_size_0': 1, 'conv1d_1_filters': 256, 'conv1d_1_kernel_size': 3, 'conv1d_1_act': 'tanh', 'pool_size_1': 3, 'pooling_type': 'max', 'num_dense_layers': 0, 'learning_rate': 0.002650818710475903}",10754.8037109375
1418496,5.4111328125,10798380288,"{'num_conv_layers': 2, 'conv1d_0_filters': 1024, 'conv1d_0_kernel_size': 6, 'conv1d_0_act': 'tanh', 'pool_size_0': 1, 'conv1d_1_filters': 256, 'conv1d_1_kernel_size': 5, 'conv1d_1_act': 'silu', 'pool_size_1': 4, 'pooling_type': 'max', 'num_dense_layers': 0, 'learning_rate': 0.0033677824936598944}",10721.6474609375
363776,1.3876953125,2358828288,"{'num_conv_layers': 2, 'conv1d_0_filters': 1024, 'conv1d_0_kernel_size': 5, 'conv1d_0_act': 'elu', 'pool_size_0': 1, 'conv1d_1_filters': 256, 'conv1d_1_kernel_size': 1, 'conv1d_1_act': 'elu', 'pool_size_1': 4, 'pooling_type': 'average', 'num_dense_layers': 0, 'learning_rate': 0.0018520631922660598}",10705.5537109375
6586624,25.1259765625,16986709760,"{'num_conv_layers': 2, 'conv1d_0_filters': 1024, 'conv1d_0_kernel_size': 4, 'conv1d_0_act': 'relu', 'pool_size_0': 3, 'conv1d_1_filters': 1024, 'conv1d_1_kernel_size': 6, 'conv1d_1_act': 'elu', 'pool_size_1': 1, 'pooling_type': 'max', 'num_dense_layers': 0, 'learning_rate': 0.0020815482751256695}",10508.3642578125
51344793,195.86484146118164,1185716889,"{'num_conv_layers': 2, 'conv1d_0_filters': 64, 'conv1d_0_kernel_size': 7, 'conv1d_0_act': 'elu', 'pool_size_0': 1, 'conv1d_1_filters': 1024, 'conv1d_1_kernel_size': 2, 'conv1d_1_act': 'tanh', 'pool_size_1': 2, 'pooling_type': 'flatten', 'num_dense_layers': 1, 'dense_0_units': 25, 'dense_0_dropout': 0.2, 'dense_0_act': 'none', 'learning_rate': 0.000607499758739365}",10358.366104125977
632064,2.4111328125,4505132288,"{'num_conv_layers': 2, 'conv1d_0_filters': 1024, 'conv1d_0_kernel_size': 6, 'conv1d_0_act': 'tanh', 'pool_size_0': 1, 'conv1d_1_filters': 256, 'conv1d_1_kernel_size': 2, 'conv1d_1_act': 'none', 'pool_size_1': 4, 'pooling_type': 'average', 'num_dense_layers': 0, 'learning_rate': 0.0017089129300442965}",10209.6474609375
4674373,17.831317901611328,11641769541,"{'num_conv_layers': 2, 'conv1d_0_filters': 1024, 'conv1d_0_kernel_size': 9, 'conv1d_0_act': 'tanh', 'pool_size_0': 3, 'conv1d_1_filters': 1024, 'conv1d_1_kernel_size': 4, 'conv1d_1_act': 'relu', 'pool_size_1': 2, 'pooling_type': 'max', 'num_dense_layers': 1, 'dense_0_units': 325, 'dense_0_dropout': 0.1, 'dense_0_act': 'relu', 'learning_rate': 0.0013399753955451175}",10146.161697387695
4471040,17.0556640625,11261897472,"{'num_conv_layers': 2, 'conv1d_0_filters': 1024, 'conv1d_0_kernel_size': 1, 'conv1d_0_act': 'silu', 'pool_size_0': 3, 'conv1d_1_filters': 1024, 'conv1d_1_kernel_size': 4, 'conv1d_1_act': 'gelu', 'pool_size_1': 2, 'pooling_type': 'max', 'num_dense_layers': 0, 'learning_rate': 0.0020053623501518365}",10142.5830078125
1222912,4.6650390625,4506032896,"{'num_conv_layers': 2, 'conv1d_0_filters': 1024, 'conv1d_0_kernel_size': 6, 'conv1d_0_act': 'sigmoid', 'pool_size_0': 2, 'conv1d_1_filters': 512, 'conv1d_1_kernel_size': 2, 'conv1d_1_act': 'elu', 'pool_size_1': 1, 'pooling_type': 'average', 'num_dense_layers': 0, 'learning_rate': 0.0017930188586331196}",10093.7822265625
920308,3.5106964111328125,2216362716,"{'num_conv_layers': 2, 'conv1d_0_filters': 256, 'conv1d_0_kernel_size': 8, 'conv1d_0_act': 'silu', 'pool_size_0': 1, 'conv1d_1_filters': 1024, 'conv1d_1_kernel_size': 1, 'conv1d_1_act': 'elu', 'pool_size_1': 2, 'pooling_type': 'average', 'num_dense_layers': 1, 'dense_0_units': 500, 'dense_0_dropout': 0.0, 'dense_0_act': 'silu', 'learning_rate': 0.0008675316729683425}",10089.908996582031
961280,3.6669921875,7412457984,"{'num_conv_layers': 2, 'conv1d_0_filters': 1024, 'conv1d_0_kernel_size': 1, 'conv1d_0_act': 'silu', 'pool_size_0': 1, 'conv1d_1_filters': 128, 'conv1d_1_kernel_size': 7, 'conv1d_1_act': 'silu', 'pool_size_1': 1, 'pooling_type': 'max', 'num_dense_layers': 0, 'learning_rate': 0.00530369405523149}",10089.611328125
820961,3.1317176818847656,4253417441,"{'num_conv_layers': 2, 'conv1d_0_filters': 256, 'conv1d_0_kernel_size': 2, 'conv1d_0_act': 'elu', 'pool_size_0': 1, 'conv1d_1_filters': 1024, 'conv1d_1_kernel_size': 2, 'conv1d_1_act': 'gelu', 'pool_size_1': 2, 'pooling_type': 'average', 'num_dense_layers': 1, 'dense_0_units': 225, 'dense_0_dropout': 0.4, 'dense_0_act': 'relu', 'learning_rate': 0.00016942437287023056}",10088.234390258789
617216,2.3544921875,4661481984,"{'num_conv_layers': 2, 'conv1d_0_filters': 1024, 'conv1d_0_kernel_size': 9, 'conv1d_0_act': 'silu', 'pool_size_0': 1, 'conv1d_1_filters': 128, 'conv1d_1_kernel_size': 4, 'conv1d_1_act': 'gelu', 'pool_size_1': 1, 'pooling_type': 'average', 'num_dense_layers': 0, 'learning_rate': 0.0006535499966196999}",10084.361328125
1123072,4.2841796875,8697833984,"{'num_conv_layers': 2, 'conv1d_0_filters': 1024, 'conv1d_0_kernel_size': 6, 'conv1d_0_act': 'elu', 'pool_size_0': 1, 'conv1d_1_filters': 128, 'conv1d_1_kernel_size': 8, 'conv1d_1_act': 'elu', 'pool_size_1': 2, 'pooling_type': 'average', 'num_dense_layers': 0, 'learning_rate': 0.005136186385660212}",9967.080078125
58683717,223.86061477661133,8806916677,"{'num_conv_layers': 2, 'conv1d_0_filters': 1024, 'conv1d_0_kernel_size': 6, 'conv1d_0_act': 'elu', 'pool_size_0': 3, 'conv1d_1_filters': 512, 'conv1d_1_kernel_size': 6, 'conv1d_1_act': 'tanh', 'pool_size_1': 4, 'pooling_type': 'flatten', 'num_dense_layers': 1, 'dense_0_units': 325, 'dense_0_dropout': 0.2, 'dense_0_act': 'tanh', 'learning_rate': 0.001385127408983772}",9803.540603637695
1705004,6.5040740966796875,10548477484,"{'num_conv_layers': 2, 'conv1d_0_filters': 256, 'conv1d_0_kernel_size': 3, 'conv1d_0_act': 'elu', 'pool_size_0': 1, 'conv1d_1_filters': 1024, 'conv1d_1_kernel_size': 5, 'conv1d_1_act': 'silu', 'pool_size_1': 3, 'pooling_type': 'average', 'num_dense_layers': 1, 'dense_0_units': 300, 'dense_0_dropout': 0.1, 'dense_0_act': 'elu', 'learning_rate': 0.0005724155989442127}",9768.333679199219
1319168,5.0322265625,8429236480,"{'num_conv_layers': 2, 'conv1d_0_filters': 256, 'conv1d_0_kernel_size': 2, 'conv1d_0_act': 'tanh', 'pool_size_0': 1, 'conv1d_1_filters': 1024, 'conv1d_1_kernel_size': 4, 'conv1d_1_act': 'relu', 'pool_size_1': 3, 'pooling_type': 'max', 'num_dense_layers': 0, 'learning_rate': 0.00144774221494827}",9762.0068359375
538880,2.0556640625,2191028480,"{'num_conv_layers': 2, 'conv1d_0_filters': 256, 'conv1d_0_kernel_size': 6, 'conv1d_0_act': 'gelu', 'pool_size_0': 1, 'conv1d_1_filters': 1024, 'conv1d_1_kernel_size': 1, 'conv1d_1_act': 'elu', 'pool_size_1': 3, 'pooling_type': 'max', 'num_dense_layers': 0, 'learning_rate': 0.00013027497382767997}",9750.1005859375
2271488,8.6650390625,8701616896,"{'num_conv_layers': 2, 'conv1d_0_filters': 1024, 'conv1d_0_kernel_size': 6, 'conv1d_0_act': 'sigmoid', 'pool_size_0': 2, 'conv1d_1_filters': 512, 'conv1d_1_kernel_size': 4, 'conv1d_1_act': 'silu', 'pool_size_1': 4, 'pooling_type': 'average', 'num_dense_layers': 0, 'learning_rate': 0.0015526719447307227}",9734.7822265625
66507520,253.7060546875,4207528448,"{'num_conv_layers': 2, 'conv1d_0_filters': 1024, 'conv1d_0_kernel_size': 8, 'conv1d_0_act': 'sigmoid', 'pool_size_0': 2, 'conv1d_1_filters': 128, 'conv1d_1_kernel_size': 7, 'conv1d_1_act': 'tanh', 'pool_size_1': 1, 'pooling_type': 'flatten', 'num_dense_layers': 0, 'learning_rate': 0.0010462331752042345}",9714.705078125
324322267,1237.1912651062012,757322971,"{'num_conv_layers': 1, 'conv1d_0_filters': 512, 'conv1d_0_kernel_size': 4, 'conv1d_0_act': 'silu', 'pool_size_0': 3, 'pooling_type': 'flatten', 'num_dense_layers': 1, 'dense_0_units': 475, 'dense_0_dropout': 0.2, 'dense_0_act': 'relu', 'learning_rate': 0.0003044338070207634}",9690.856369018555
2755116,10.509933471679688,18948009516,"{'num_conv_layers': 2, 'conv1d_0_filters': 256, 'conv1d_0_kernel_size': 4, 'conv1d_0_act': 'none', 'pool_size_0': 1, 'conv1d_1_filters': 1024, 'conv1d_1_kernel_size': 9, 'conv1d_1_act': 'silu', 'pool_size_1': 2, 'pooling_type': 'max', 'num_dense_layers': 1, 'dense_0_units': 300, 'dense_0_dropout': 0.0, 'dense_0_act': 'elu', 'learning_rate': 0.0050554388808755485}",9617.710632324219
780688,2.97808837890625,2123688464,"{'num_conv_layers': 2, 'conv1d_0_filters': 64, 'conv1d_0_kernel_size': 4, 'conv1d_0_act': 'relu', 'pool_size_0': 1, 'conv1d_1_filters': 1024, 'conv1d_1_kernel_size': 4, 'conv1d_1_act': 'sigmoid', 'pool_size_1': 1, 'pooling_type': 'max', 'num_dense_layers': 1, 'dense_0_units': 400, 'dense_0_dropout': 0.2, 'dense_0_act': 'relu', 'learning_rate': 0.00359269587691778}",9587.880615234375
791424,3.01904296875,4215220352,"{'num_conv_layers': 2, 'conv1d_0_filters': 64, 'conv1d_0_kernel_size': 1, 'conv1d_0_act': 'tanh', 'pool_size_0': 1, 'conv1d_1_filters': 1024, 'conv1d_1_kernel_size': 8, 'conv1d_1_act': 'tanh', 'pool_size_1': 1, 'pooling_type': 'average', 'num_dense_layers': 0, 'learning_rate': 0.005121584149513572}",9587.45849609375
359835,1.3726615905761719,1635544475,"{'num_conv_layers': 2, 'conv1d_0_filters': 1024, 'conv1d_0_kernel_size': 1, 'conv1d_0_act': 'tanh', 'pool_size_0': 1, 'conv1d_1_filters': 64, 'conv1d_1_kernel_size': 3, 'conv1d_1_act': 'sigmoid', 'pool_size_1': 3, 'pooling_type': 'max', 'num_dense_layers': 1, 'dense_0_units': 475, 'dense_0_dropout': 0.2, 'dense_0_act': 'none', 'learning_rate': 0.00016066701357077948}",9497.524337768555
205690,0.7846450805664062,989320314,"{'num_conv_layers': 2, 'conv1d_0_filters': 1024, 'conv1d_0_kernel_size': 9, 'conv1d_0_act': 'silu', 'pool_size_0': 1, 'conv1d_1_filters': 64, 'conv1d_1_kernel_size': 1, 'conv1d_1_act': 'gelu', 'pool_size_1': 4, 'pooling_type': 'average', 'num_dense_layers': 1, 'dense_0_units': 250, 'dense_0_dropout': 0.4, 'dense_0_act': 'tanh', 'learning_rate': 0.009680267024268118}",9484.668365478516
4834498,18.44214630126953,8848174274,"{'num_conv_layers': 2, 'conv1d_0_filters': 1024, 'conv1d_0_kernel_size': 9, 'conv1d_0_act': 'sigmoid', 'pool_size_0': 4, 'conv1d_1_filters': 1024, 'conv1d_1_kernel_size': 4, 'conv1d_1_act': 'tanh', 'pool_size_1': 2, 'pooling_type': 'average', 'num_dense_layers': 1, 'dense_0_units': 450, 'dense_0_dropout': 0.4, 'dense_0_act': 'relu', 'learning_rate': 0.0005355479168366842}",9399.788116455078
5519616,21.0556640625,10551226112,"{'num_conv_layers': 2, 'conv1d_0_filters': 1024, 'conv1d_0_kernel_size': 1, 'conv1d_0_act': 'tanh', 'pool_size_0': 4, 'conv1d_1_filters': 1024, 'conv1d_1_kernel_size': 5, 'conv1d_1_act': 'relu', 'pool_size_1': 4, 'pooling_type': 'average', 'num_dense_layers': 0, 'learning_rate': 0.00015668930354466952}",9284.5830078125
1368320,5.2197265625,3206139648,"{'num_conv_layers': 2, 'conv1d_0_filters': 1024, 'conv1d_0_kernel_size': 8, 'conv1d_0_act': 'relu', 'pool_size_0': 3, 'conv1d_1_filters': 1024, 'conv1d_1_kernel_size': 1, 'conv1d_1_act': 'none', 'pool_size_1': 4, 'pooling_type': 'average', 'num_dense_layers': 0, 'learning_rate': 0.006370745722116046}",9262.2392578125
6477156,24.708389282226562,12991917924,"{'num_conv_layers': 2, 'conv1d_0_filters': 1024, 'conv1d_0_kernel_size': 8, 'conv1d_0_act': 'elu', 'pool_size_0': 4, 'conv1d_1_filters': 1024, 'conv1d_1_kernel_size': 6, 'conv1d_1_act': 'none', 'pool_size_1': 1, 'pooling_type': 'max', 'num_dense_layers': 1, 'dense_0_units': 100, 'dense_0_dropout': 0.2, 'dense_0_act': 'sigmoid', 'learning_rate': 0.00014095251680613843}",9174.340393066406
661979,2.525249481201172,419176155,"{'num_conv_layers': 1, 'conv1d_0_filters': 1024, 'conv1d_0_kernel_size': 8, 'conv1d_0_act': 'silu', 'pool_size_0': 1, 'pooling_type': 'average', 'num_dense_layers': 1, 'dense_0_units': 475, 'dense_0_dropout': 0.1, 'dense_0_act': 'elu', 'learning_rate': 0.00015565019660102855}",9086.180587768555
636098,2.4265213012695312,460073030,"{'num_conv_layers': 1, 'conv1d_0_filters': 1024, 'conv1d_0_kernel_size': 9, 'conv1d_0_act': 'sigmoid', 'pool_size_0': 1, 'pooling_type': 'average', 'num_dense_layers': 1, 'dense_0_units': 450, 'dense_0_dropout': 0.0, 'dense_0_act': 'silu', 'learning_rate': 0.0034636062863681325}",9085.529327392578
541328,2.06500244140625,214184880,"{'num_conv_layers': 1, 'conv1d_0_filters': 1024, 'conv1d_0_kernel_size': 4, 'conv1d_0_act': 'elu', 'pool_size_0': 1, 'pooling_type': 'average', 'num_dense_layers': 1, 'dense_0_units': 400, 'dense_0_dropout': 0.1, 'dense_0_act': 'silu', 'learning_rate': 0.006761941295648151}",9084.229736328125
509303,1.9428367614746094,210024055,"{'num_conv_layers': 1, 'conv1d_0_filters': 1024, 'conv1d_0_kernel_size': 4, 'conv1d_0_act': 'sigmoid', 'pool_size_0': 1, 'pooling_type': 'max', 'num_dense_layers': 1, 'dense_0_units': 375, 'dense_0_dropout': 0.1, 'dense_0_act': 'sigmoid', 'learning_rate': 0.0001515055336861823}",9083.704452514648
343034,1.3085708618164062,181031930,"{'num_conv_layers': 1, 'conv1d_0_filters': 1024, 'conv1d_0_kernel_size': 3, 'conv1d_0_act': 'gelu', 'pool_size_0': 1, 'pooling_type': 'average', 'num_dense_layers': 1, 'dense_0_units': 250, 'dense_0_dropout': 0.5, 'dense_0_act': 'none', 'learning_rate': 0.0005543669081949594}",9080.862213134766
309504,1.1806640625,357043968,"{'num_conv_layers': 1, 'conv1d_0_filters': 1024, 'conv1d_0_kernel_size': 7, 'conv1d_0_act': 'tanh', 'pool_size_0': 1, 'pooling_type': 'max', 'num_dense_layers': 0, 'learning_rate': 0.0002613159961221323}",9080.1064453125
303360,1.1572265625,307891968,"{'num_conv_layers': 1, 'conv1d_0_filters': 1024, 'conv1d_0_kernel_size': 6, 'conv1d_0_act': 'sigmoid', 'pool_size_0': 1, 'pooling_type': 'max', 'num_dense_layers': 0, 'learning_rate': 0.0003479324612113364}",9080.0126953125
277679,1.0592613220214844,406120205,"{'num_conv_layers': 1, 'conv1d_0_filters': 1024, 'conv1d_0_kernel_size': 8, 'conv1d_0_act': 'elu', 'pool_size_0': 1, 'pooling_type': 'max', 'num_dense_layers': 1, 'dense_0_units': 175, 'dense_0_dropout': 0.30000000000000004, 'dense_0_act': 'silu', 'learning_rate': 0.000650147520468059}",9079.877182006836
291072,1.1103515625,230067968,"{'num_conv_layers': 1, 'conv1d_0_filters': 1024, 'conv1d_0_kernel_size': 4, 'conv1d_0_act': 'gelu', 'pool_size_0': 1, 'pooling_type': 'average', 'num_dense_layers': 0, 'learning_rate': 0.00042046166945764417}",9079.8251953125
291072,1.1103515625,213683968,"{'num_conv_layers': 1, 'conv1d_0_filters': 1024, 'conv1d_0_kernel_size': 4, 'conv1d_0_act': 'relu', 'pool_size_0': 1, 'pooling_type': 'average', 'num_dense_layers': 0, 'learning_rate': 0.0037000862771995073}",9079.8251953125
291072,1.1103515625,213683968,"{'num_conv_layers': 1, 'conv1d_0_filters': 1024, 'conv1d_0_kernel_size': 4, 'conv1d_0_act': 'elu', 'pool_size_0': 1, 'pooling_type': 'average', 'num_dense_layers': 0, 'learning_rate': 0.004266216211882321}",9079.8251953125
284928,1.0869140625,160435968,"{'num_conv_layers': 1, 'conv1d_0_filters': 1024, 'conv1d_0_kernel_size': 3, 'conv1d_0_act': 'relu', 'pool_size_0': 1, 'pooling_type': 'max', 'num_dense_layers': 0, 'learning_rate': 0.003904732799756831}",9079.7314453125
262158592,1000.0556640625,637092608,"{'num_conv_layers': 1, 'conv1d_0_filters': 512, 'conv1d_0_kernel_size': 4, 'conv1d_0_act': 'gelu', 'pool_size_0': 2, 'pooling_type': 'flatten', 'num_dense_layers': 0, 'learning_rate': 0.002979966069754895}",9075.1181640625
262152448,1000.0322265625,579748608,"{'num_conv_layers': 1, 'conv1d_0_filters': 512, 'conv1d_0_kernel_size': 2, 'conv1d_0_act': 'relu', 'pool_size_0': 2, 'pooling_type': 'flatten', 'num_dense_layers': 0, 'learning_rate': 0.0007755908063747332}",9075.0244140625
3819776,14.5712890625,9897674496,"{'num_conv_layers': 2, 'conv1d_0_filters': 1024, 'conv1d_0_kernel_size': 2, 'conv1d_0_act': 'relu', 'pool_size_0': 3, 'conv1d_1_filters': 512, 'conv1d_1_kernel_size': 7, 'conv1d_1_act': 'relu', 'pool_size_1': 2, 'pooling_type': 'average', 'num_dense_layers': 0, 'learning_rate': 0.0012774663024704412}",8966.1572265625
375727,1.4332847595214844,1210204079,"{'num_conv_layers': 2, 'conv1d_0_filters': 1024, 'conv1d_0_kernel_size': 3, 'conv1d_0_act': 'relu', 'pool_size_0': 2, 'conv1d_1_filters': 256, 'conv1d_1_kernel_size': 1, 'conv1d_1_act': 'elu', 'pool_size_1': 3, 'pooling_type': 'max', 'num_dense_layers': 1, 'dense_0_units': 175, 'dense_0_dropout': 0.4, 'dense_0_act': 'sigmoid', 'learning_rate': 0.005462791763733478}",8914.242416381836
273125008,1041.8892211914062,724542096,"{'num_conv_layers': 1, 'conv1d_0_filters': 512, 'conv1d_0_kernel_size': 7, 'conv1d_0_act': 'sigmoid', 'pool_size_0': 3, 'pooling_type': 'flatten', 'num_dense_layers': 1, 'dense_0_units': 400, 'dense_0_dropout': 0.1, 'dense_0_act': 'tanh', 'learning_rate': 0.003952941940089288}",8909.538330078125
4886784,18.6416015625,12843193600,"{'num_conv_layers': 2, 'conv1d_0_filters': 1024, 'conv1d_0_kernel_size': 5, 'conv1d_0_act': 'relu', 'pool_size_0': 3, 'conv1d_1_filters': 512, 'conv1d_1_kernel_size': 9, 'conv1d_1_act': 'gelu', 'pool_size_1': 4, 'pooling_type': 'average', 'num_dense_layers': 0, 'learning_rate': 0.0060879191630677405}",8899.1884765625
51235634,195.44843292236328,278721330,"{'num_conv_layers': 1, 'conv1d_0_filters': 1024, 'conv1d_0_kernel_size': 3, 'conv1d_0_act': 'gelu', 'pool_size_0': 4, 'pooling_type': 'flatten', 'num_dense_layers': 1, 'dense_0_units': 50, 'dense_0_dropout': 0.0, 'dense_0_act': 'elu', 'learning_rate': 0.0012524172603050185}",8856.726348876953
529252,2.0189361572265625,3184551524,"{'num_conv_layers': 2, 'conv1d_0_filters': 128, 'conv1d_0_kernel_size': 4, 'conv1d_0_act': 'elu', 'pool_size_0': 1, 'conv1d_1_filters': 1024, 'conv1d_1_kernel_size': 3, 'conv1d_1_act': 'relu', 'pool_size_1': 3, 'pooling_type': 'max', 'num_dense_layers': 1, 'dense_0_units': 100, 'dense_0_dropout': 0.2, 'dense_0_act': 'none', 'learning_rate': 0.0003210236792865233}",8750.054260253906
18498835,70.56745529174805,3497397523,"{'num_conv_layers': 2, 'conv1d_0_filters': 1024, 'conv1d_0_kernel_size': 6, 'conv1d_0_act': 'silu', 'pool_size_0': 2, 'conv1d_1_filters': 128, 'conv1d_1_kernel_size': 6, 'conv1d_1_act': 'none', 'pool_size_1': 4, 'pooling_type': 'flatten', 'num_dense_layers': 1, 'dense_0_units': 275, 'dense_0_dropout': 0.30000000000000004, 'dense_0_act': 'elu', 'learning_rate': 0.00021673694591679783}",8670.053512573242
2265344,8.6416015625,4454320896,"{'num_conv_layers': 2, 'conv1d_0_filters': 1024, 'conv1d_0_kernel_size': 5, 'conv1d_0_act': 'tanh', 'pool_size_0': 4, 'conv1d_1_filters': 512, 'conv1d_1_kernel_size': 4, 'conv1d_1_act': 'relu', 'pool_size_1': 1, 'pooling_type': 'max', 'num_dense_layers': 0, 'learning_rate': 0.0001535964346493114}",8609.6884765625
2242685,8.555164337158203,4552554877,"{'num_conv_layers': 2, 'conv1d_0_filters': 1024, 'conv1d_0_kernel_size': 7, 'conv1d_0_act': 'elu', 'pool_size_0': 4, 'conv1d_1_filters': 512, 'conv1d_1_kernel_size': 4, 'conv1d_1_act': 'tanh', 'pool_size_1': 1, 'pooling_type': 'max', 'num_dense_layers': 1, 'dense_0_units': 125, 'dense_0_dropout': 0.30000000000000004, 'dense_0_act': 'none', 'learning_rate': 0.00035354767707580553}",8609.464797973633
1676482,6.395271301269531,10622813130,"{'num_conv_layers': 2, 'conv1d_0_filters': 512, 'conv1d_0_kernel_size': 5, 'conv1d_0_act': 'tanh', 'pool_size_0': 1, 'conv1d_1_filters': 512, 'conv1d_1_kernel_size': 5, 'conv1d_1_act': 'tanh', 'pool_size_1': 2, 'pooling_type': 'average', 'num_dense_layers': 1, 'dense_0_units': 450, 'dense_0_dropout': 0.1, 'dense_0_act': 'gelu', 'learning_rate': 0.0059989394931063075}",8601.374053955078
753171,2.873119354248047,3194984339,"{'num_conv_layers': 2, 'conv1d_0_filters': 64, 'conv1d_0_kernel_size': 8, 'conv1d_0_act': 'silu', 'pool_size_0': 1, 'conv1d_1_filters': 1024, 'conv1d_1_kernel_size': 6, 'conv1d_1_act': 'silu', 'pool_size_1': 2, 'pooling_type': 'average', 'num_dense_layers': 1, 'dense_0_units': 275, 'dense_0_dropout': 0.4, 'dense_0_act': 'relu', 'learning_rate': 0.003460475568503902}",8587.277633666992
692477,2.641590118408203,4245736689,"{'num_conv_layers': 2, 'conv1d_0_filters': 64, 'conv1d_0_kernel_size': 9, 'conv1d_0_act': 'relu', 'pool_size_0': 1, 'conv1d_1_filters': 1024, 'conv1d_1_kernel_size': 8, 'conv1d_1_act': 'silu', 'pool_size_1': 2, 'pooling_type': 'average', 'num_dense_layers': 1, 'dense_0_units': 125, 'dense_0_dropout': 0.5, 'dense_0_act': 'gelu', 'learning_rate': 0.00016103381426579784}",8586.131790161133
403712,1.5400390625,2168237824,"{'num_conv_layers': 2, 'conv1d_0_filters': 512, 'conv1d_0_kernel_size': 2, 'conv1d_0_act': 'gelu', 'pool_size_0': 1, 'conv1d_1_filters': 512, 'conv1d_1_kernel_size': 1, 'conv1d_1_act': 'tanh', 'pool_size_1': 2, 'pooling_type': 'average', 'num_dense_layers': 0, 'learning_rate': 0.008675510254464015}",8581.2939453125
361622,1.3794784545898438,1357083798,"{'num_conv_layers': 2, 'conv1d_0_filters': 1024, 'conv1d_0_kernel_size': 6, 'conv1d_0_act': 'sigmoid', 'pool_size_0': 2, 'conv1d_1_filters': 128, 'conv1d_1_kernel_size': 2, 'conv1d_1_act': 'elu', 'pool_size_1': 1, 'pooling_type': 'average', 'num_dense_layers': 1, 'dense_0_units': 150, 'dense_0_dropout': 0.30000000000000004, 'dense_0_act': 'tanh', 'learning_rate': 0.00015693734759512166}",8580.68099975586
4911360,18.7353515625,13037071616,"{'num_conv_layers': 2, 'conv1d_0_filters': 1024, 'conv1d_0_kernel_size': 9, 'conv1d_0_act': 'relu', 'pool_size_0': 3, 'conv1d_1_filters': 512, 'conv1d_1_kernel_size': 9, 'conv1d_1_act': 'none', 'pool_size_1': 4, 'pooling_type': 'average', 'num_dense_layers': 0, 'learning_rate': 0.00011708420641020614}",8566.3134765625
1116928,4.2607421875,4453353984,"{'num_conv_layers': 2, 'conv1d_0_filters': 1024, 'conv1d_0_kernel_size': 5, 'conv1d_0_act': 'elu', 'pool_size_0': 2, 'conv1d_1_filters': 128, 'conv1d_1_kernel_size': 8, 'conv1d_1_act': 'tanh', 'pool_size_1': 2, 'pooling_type': 'max', 'num_dense_layers': 0, 'learning_rate': 0.00048083856904534555}",8529.486328125
1129216,4.3076171875,4559934976,"{'num_conv_layers': 2, 'conv1d_0_filters': 1024, 'conv1d_0_kernel_size': 7, 'conv1d_0_act': 'silu', 'pool_size_0': 2, 'conv1d_1_filters': 128, 'conv1d_1_kernel_size': 8, 'conv1d_1_act': 'sigmoid', 'pool_size_1': 3, 'pooling_type': 'average', 'num_dense_layers': 0, 'learning_rate': 0.0075139225536963025}",8508.798828125
557209,2.1255836486816406,2258363673,"{'num_conv_layers': 2, 'conv1d_0_filters': 1024, 'conv1d_0_kernel_size': 3, 'conv1d_0_act': 'relu', 'pool_size_0': 2, 'conv1d_1_filters': 128, 'conv1d_1_kernel_size': 4, 'conv1d_1_act': 'silu', 'pool_size_1': 4, 'pooling_type': 'max', 'num_dense_layers': 1, 'dense_0_units': 25, 'dense_0_dropout': 0.30000000000000004, 'dense_0_act': 'relu', 'learning_rate': 0.0014845729555994155}",8489.732315063477
2503936,9.5517578125,18960813312,"{'num_conv_layers': 2, 'conv1d_0_filters': 512, 'conv1d_0_kernel_size': 3, 'conv1d_0_act': 'sigmoid', 'pool_size_0': 1, 'conv1d_1_filters': 512, 'conv1d_1_kernel_size': 9, 'conv1d_1_act': 'sigmoid', 'pool_size_1': 3, 'pooling_type': 'max', 'num_dense_layers': 0, 'learning_rate': 0.0010174923146492277}",8446.5908203125
1252084,4.7763214111328125,4257149940,"{'num_conv_layers': 2, 'conv1d_0_filters': 1024, 'conv1d_0_kernel_size': 1, 'conv1d_0_act': 'tanh', 'pool_size_0': 2, 'conv1d_1_filters': 128, 'conv1d_1_kernel_size': 8, 'conv1d_1_act': 'none', 'pool_size_1': 3, 'pooling_type': 'average', 'num_dense_layers': 1, 'dense_0_units': 500, 'dense_0_dropout': 0.30000000000000004, 'dense_0_act': 'elu', 'learning_rate': 0.006749064085842539}",8386.406066894531
2497455,9.527034759521484,6649056431,"{'num_conv_layers': 2, 'conv1d_0_filters': 1024, 'conv1d_0_kernel_size': 7, 'conv1d_0_act': 'sigmoid', 'pool_size_0': 3, 'conv1d_1_filters': 256, 'conv1d_1_kernel_size': 9, 'conv1d_1_act': 'gelu', 'pool_size_1': 4, 'pooling_type': 'average', 'num_dense_layers': 1, 'dense_0_units': 175, 'dense_0_dropout': 0.30000000000000004, 'dense_0_act': 'relu', 'learning_rate': 0.005080748403849692}",8321.367416381836
2485504,9.4814453125,6745947136,"{'num_conv_layers': 2, 'conv1d_0_filters': 1024, 'conv1d_0_kernel_size': 9, 'conv1d_0_act': 'sigmoid', 'pool_size_0': 3, 'conv1d_1_filters': 256, 'conv1d_1_kernel_size': 9, 'conv1d_1_act': 'sigmoid', 'pool_size_1': 4, 'pooling_type': 'average', 'num_dense_layers': 0, 'learning_rate': 0.0025195876377557755}",8320.9287109375
1156352,4.4111328125,3112332032,"{'num_conv_layers': 2, 'conv1d_0_filters': 1024, 'conv1d_0_kernel_size': 6, 'conv1d_0_act': 'silu', 'pool_size_0': 3, 'conv1d_1_filters': 256, 'conv1d_1_kernel_size': 4, 'conv1d_1_act': 'relu', 'pool_size_1': 3, 'pooling_type': 'average', 'num_dense_layers': 0, 'learning_rate': 0.0004986486884069628}",8314.5224609375
535251,2.041820526123047,1996024889,"{'num_conv_layers': 2, 'conv1d_0_filters': 1024, 'conv1d_0_kernel_size': 8, 'conv1d_0_act': 'gelu', 'pool_size_0': 2, 'conv1d_1_filters': 64, 'conv1d_1_kernel_size': 6, 'conv1d_1_act': 'gelu', 'pool_size_1': 4, 'pooling_type': 'average', 'num_dense_layers': 1, 'dense_0_units': 275, 'dense_0_dropout': 0.4, 'dense_0_act': 'silu', 'learning_rate': 0.0006778829734096935}",8286.608688354492
201216,0.767578125,930419328,"{'num_conv_layers': 2, 'conv1d_0_filters': 1024, 'conv1d_0_kernel_size': 8, 'conv1d_0_act': 'relu', 'pool_size_0': 2, 'conv1d_1_filters': 64, 'conv1d_1_kernel_size': 2, 'conv1d_1_act': 'elu', 'pool_size_1': 3, 'pooling_type': 'average', 'num_dense_layers': 0, 'learning_rate': 0.0006681185204721005}",8286.29638671875
1672601,6.380466461181641,2431623961,"{'num_conv_layers': 2, 'conv1d_0_filters': 1024, 'conv1d_0_kernel_size': 1, 'conv1d_0_act': 'silu', 'pool_size_0': 2, 'conv1d_1_filters': 64, 'conv1d_1_kernel_size': 9, 'conv1d_1_act': 'none', 'pool_size_1': 3, 'pooling_type': 'flatten', 'num_dense_layers': 1, 'dense_0_units': 25, 'dense_0_dropout': 0.4, 'dense_0_act': 'sigmoid', 'learning_rate': 0.0002731689145593911}",8267.065811157227
1387776,5.2939453125,3573867776,"{'num_conv_layers': 2, 'conv1d_0_filters': 1024, 'conv1d_0_kernel_size': 1, 'conv1d_0_act': 'gelu', 'pool_size_0': 3, 'conv1d_1_filters': 256, 'conv1d_1_kernel_size': 5, 'conv1d_1_act': 'none', 'pool_size_1': 1, 'pooling_type': 'average', 'num_dense_layers': 0, 'learning_rate': 0.00835564542178759}",8262.5537109375
13947617,53.205936431884766,3227377059,"{'num_conv_layers': 2, 'conv1d_0_filters': 1024, 'conv1d_0_kernel_size': 8, 'conv1d_0_act': 'relu', 'pool_size_0': 3, 'conv1d_1_filters': 128, 'conv1d_1_kernel_size': 8, 'conv1d_1_act': 'sigmoid', 'pool_size_1': 3, 'pooling_type': 'flatten', 'num_dense_layers': 1, 'dense_0_units': 225, 'dense_0_dropout': 0.1, 'dense_0_act': 'silu', 'learning_rate': 0.0009703028968406347}",8259.971694946289
530432,2.0234375,2124552320,"{'num_conv_layers': 2, 'conv1d_0_filters': 64, 'conv1d_0_kernel_size': 4, 'conv1d_0_act': 'elu', 'pool_size_0': 1, 'conv1d_1_filters': 1024, 'conv1d_1_kernel_size': 4, 'conv1d_1_act': 'tanh', 'pool_size_1': 3, 'pooling_type': 'average', 'num_dense_layers': 0, 'learning_rate': 0.00023703703612231982}",8249.97607421875
1447424,5.521484375,9457844736,"{'num_conv_layers': 2, 'conv1d_0_filters': 128, 'conv1d_0_kernel_size': 1, 'conv1d_0_act': 'tanh', 'pool_size_0': 1, 'conv1d_1_filters': 1024, 'conv1d_1_kernel_size': 9, 'conv1d_1_act': 'none', 'pool_size_1': 1, 'pooling_type': 'max', 'num_dense_layers': 0, 'learning_rate': 0.0011270092386102323}",8097.466796875
699136,2.6669921875,5306089984,"{'num_conv_layers': 2, 'conv1d_0_filters': 1024, 'conv1d_0_kernel_size': 1, 'conv1d_0_act': 'none', 'pool_size_0': 1, 'conv1d_1_filters': 128, 'conv1d_1_kernel_size': 5, 'conv1d_1_act': 'elu', 'pool_size_1': 1, 'pooling_type': 'max', 'num_dense_layers': 0, 'learning_rate': 0.000963436979015316}",8085.611328125
495710,1.8909835815429688,359464030,"{'num_conv_layers': 1, 'conv1d_0_filters': 1024, 'conv1d_0_kernel_size': 7, 'conv1d_0_act': 'tanh', 'pool_size_0': 2, 'pooling_type': 'average', 'num_dense_layers': 1, 'dense_0_units': 350, 'dense_0_dropout': 0.30000000000000004, 'dense_0_act': 'tanh', 'learning_rate': 0.0007251676728550554}",8083.460418701172
405779,1.5479240417480469,406375955,"{'num_conv_layers': 1, 'conv1d_0_filters': 1024, 'conv1d_0_kernel_size': 8, 'conv1d_0_act': 'tanh', 'pool_size_0': 2, 'pooling_type': 'max', 'num_dense_layers': 1, 'dense_0_units': 275, 'dense_0_dropout': 0.5, 'dense_0_act': 'sigmoid', 'learning_rate': 0.006798387469137287}",8081.978317260742
11358720,43.330078125,1484256256,"{'num_conv_layers': 2, 'conv1d_0_filters': 1024, 'conv1d_0_kernel_size': 8, 'conv1d_0_act': 'silu', 'pool_size_0': 3, 'conv1d_1_filters': 64, 'conv1d_1_kernel_size': 6, 'conv1d_1_act': 'sigmoid', 'pool_size_1': 2, 'pooling_type': 'flatten', 'num_dense_layers': 0, 'learning_rate': 0.0016384845340209724}",8081.29638671875
315648,1.2041015625,416435968,"{'num_conv_layers': 1, 'conv1d_0_filters': 1024, 'conv1d_0_kernel_size': 8, 'conv1d_0_act': 'silu', 'pool_size_0': 2, 'pooling_type': 'average', 'num_dense_layers': 0, 'learning_rate': 0.0016143820433366356}",8080.2001953125
303360,1.1572265625,309939968,"{'num_conv_layers': 1, 'conv1d_0_filters': 1024, 'conv1d_0_kernel_size': 6, 'conv1d_0_act': 'sigmoid', 'pool_size_0': 2, 'pooling_type': 'average', 'num_dense_layers': 0, 'learning_rate': 0.007397143542526592}",8080.0126953125
303360,1.1572265625,309939968,"{'num_conv_layers': 1, 'conv1d_0_filters': 1024, 'conv1d_0_kernel_size': 6, 'conv1d_0_act': 'elu', 'pool_size_0': 2, 'pooling_type': 'average', 'num_dense_layers': 0, 'learning_rate': 0.0037950713758734163}",8080.0126953125
278784,1.0634765625,111283968,"{'num_conv_layers': 1, 'conv1d_0_filters': 1024, 'conv1d_0_kernel_size': 2, 'conv1d_0_act': 'sigmoid', 'pool_size_0': 2, 'pooling_type': 'max', 'num_dense_layers': 0, 'learning_rate': 0.00503452628494058}",8079.6376953125
272640,1.0400390625,64179968,"{'num_conv_layers': 1, 'conv1d_0_filters': 1024, 'conv1d_0_kernel_size': 1, 'conv1d_0_act': 'elu', 'pool_size_0': 2, 'pooling_type': 'average', 'num_dense_layers': 0, 'learning_rate': 0.00040029958682348137}",8079.5439453125
2186496,8.3408203125,4371500288,"{'num_conv_layers': 2, 'conv1d_0_filters': 1024, 'conv1d_0_kernel_size': 3, 'conv1d_0_act': 'gelu', 'pool_size_0': 4, 'conv1d_1_filters': 256, 'conv1d_1_kernel_size': 8, 'conv1d_1_act': 'tanh', 'pool_size_1': 2, 'pooling_type': 'max', 'num_dense_layers': 0, 'learning_rate': 0.0010851634903400328}",8045.8662109375
973568,3.7138671875,2606938240,"{'num_conv_layers': 2, 'conv1d_0_filters': 1024, 'conv1d_0_kernel_size': 3, 'conv1d_0_act': 'tanh', 'pool_size_0': 3, 'conv1d_1_filters': 128, 'conv1d_1_kernel_size': 7, 'conv1d_1_act': 'silu', 'pool_size_1': 4, 'pooling_type': 'average', 'num_dense_layers': 0, 'learning_rate': 0.009030398639774558}",8027.048828125
358959,1.3693199157714844,908585647,"{'num_conv_layers': 2, 'conv1d_0_filters': 1024, 'conv1d_0_kernel_size': 4, 'conv1d_0_act': 'tanh', 'pool_size_0': 3, 'conv1d_1_filters': 128, 'conv1d_1_kernel_size': 2, 'conv1d_1_act': 'sigmoid', 'pool_size_1': 3, 'pooling_type': 'max', 'num_dense_layers': 1, 'dense_0_units': 175, 'dense_0_dropout': 0.4, 'dense_0_act': 'elu', 'learning_rate': 0.0018012162955181772}",8024.864486694336
242838,0.9263534545898438,772859798,"{'num_conv_layers': 2, 'conv1d_0_filters': 1024, 'conv1d_0_kernel_size': 8, 'conv1d_0_act': 'gelu', 'pool_size_0': 3, 'conv1d_1_filters': 128, 'conv1d_1_kernel_size': 1, 'conv1d_1_act': 'gelu', 'pool_size_1': 3, 'pooling_type': 'average', 'num_dense_layers': 1, 'dense_0_units': 150, 'dense_0_dropout': 0.1, 'dense_0_act': 'sigmoid', 'learning_rate': 0.0007291878847880296}",8023.055999755859
2479360,9.4580078125,5125164288,"{'num_conv_layers': 2, 'conv1d_0_filters': 1024, 'conv1d_0_kernel_size': 8, 'conv1d_0_act': 'sigmoid', 'pool_size_0': 4, 'conv1d_1_filters': 256, 'conv1d_1_kernel_size': 9, 'conv1d_1_act': 'tanh', 'pool_size_1': 4, 'pooling_type': 'max', 'num_dense_layers': 0, 'learning_rate': 0.0019017407576885133}",8019.0849609375
996471,3.8012351989746094,1684863333,"{'num_conv_layers': 2, 'conv1d_0_filters': 1024, 'conv1d_0_kernel_size': 2, 'conv1d_0_act': 'sigmoid', 'pool_size_0': 4, 'conv1d_1_filters': 256, 'conv1d_1_kernel_size': 3, 'conv1d_1_act': 'tanh', 'pool_size_1': 3, 'pooling_type': 'average', 'num_dense_layers': 1, 'dense_0_units': 375, 'dense_0_dropout': 0.1, 'dense_0_act': 'silu', 'learning_rate': 0.007053338800662754}",8007.382186889648
873216,3.3310546875,2502876416,"{'num_conv_layers': 2, 'conv1d_0_filters': 1024, 'conv1d_0_kernel_size': 8, 'conv1d_0_act': 'tanh', 'pool_size_0': 3, 'conv1d_1_filters': 128, 'conv1d_1_kernel_size': 6, 'conv1d_1_act': 'none', 'pool_size_1': 3, 'pooling_type': 'max', 'num_dense_layers': 0, 'learning_rate': 0.001842098634569208}",7949.142578125
601232,2.29351806640625,1454861456,"{'num_conv_layers': 2, 'conv1d_0_filters': 1024, 'conv1d_0_kernel_size': 8, 'conv1d_0_act': 'relu', 'pool_size_0': 3, 'conv1d_1_filters': 128, 'conv1d_1_kernel_size': 3, 'conv1d_1_act': 'none', 'pool_size_1': 3, 'pooling_type': 'average', 'num_dense_layers': 1, 'dense_0_units': 400, 'dense_0_dropout': 0.4, 'dense_0_act': 'relu', 'learning_rate': 0.00019255834040097077}",7945.578369140625
1337600,5.1025390625,2960038656,"{'num_conv_layers': 2, 'conv1d_0_filters': 1024, 'conv1d_0_kernel_size': 3, 'conv1d_0_act': 'none', 'pool_size_0': 3, 'conv1d_1_filters': 1024, 'conv1d_1_kernel_size': 1, 'conv1d_1_act': 'tanh', 'pool_size_1': 4, 'pooling_type': 'max', 'num_dense_layers': 0, 'learning_rate': 0.0055338648786922}",7928.2705078125
8620800,32.8857421875,1061416448,"{'num_conv_layers': 2, 'conv1d_0_filters': 1024, 'conv1d_0_kernel_size': 5, 'conv1d_0_act': 'tanh', 'pool_size_0': 4, 'conv1d_1_filters': 128, 'conv1d_1_kernel_size': 3, 'conv1d_1_act': 'sigmoid', 'pool_size_1': 4, 'pooling_type': 'flatten', 'num_dense_layers': 0, 'learning_rate': 0.00011810572815971686}",7925.173828125
332288,1.267578125,1104920960,"{'num_conv_layers': 2, 'conv1d_0_filters': 1024, 'conv1d_0_kernel_size': 8, 'conv1d_0_act': 'relu', 'pool_size_0': 3, 'conv1d_1_filters': 64, 'conv1d_1_kernel_size': 4, 'conv1d_1_act': 'tanh', 'pool_size_1': 1, 'pooling_type': 'average', 'num_dense_layers': 0, 'learning_rate': 0.00576935501381192}",7913.10888671875
623104,2.376953125,1683881024,"{'num_conv_layers': 2, 'conv1d_0_filters': 1024, 'conv1d_0_kernel_size': 2, 'conv1d_0_act': 'sigmoid', 'pool_size_0': 3, 'conv1d_1_filters': 64, 'conv1d_1_kernel_size': 9, 'conv1d_1_act': 'gelu', 'pool_size_1': 4, 'pooling_type': 'average', 'num_dense_layers': 0, 'learning_rate': 0.0004264861119869615}",7886.29638671875
417847,1.5939598083496094,957587191,"{'num_conv_layers': 2, 'conv1d_0_filters': 1024, 'conv1d_0_kernel_size': 5, 'conv1d_0_act': 'sigmoid', 'pool_size_0': 3, 'conv1d_1_filters': 64, 'conv1d_1_kernel_size': 4, 'conv1d_1_act': 'none', 'pool_size_1': 2, 'pooling_type': 'max', 'num_dense_layers': 1, 'dense_0_units': 375, 'dense_0_dropout': 0.0, 'dense_0_act': 'sigmoid', 'learning_rate': 0.00034666323292110307}",7852.280624389648
529349,2.019306182861328,848675023,"{'num_conv_layers': 2, 'conv1d_0_filters': 1024, 'conv1d_0_kernel_size': 1, 'conv1d_0_act': 'relu', 'pool_size_0': 4, 'conv1d_1_filters': 128, 'conv1d_1_kernel_size': 3, 'conv1d_1_act': 'relu', 'pool_size_1': 1, 'pooling_type': 'max', 'num_dense_layers': 1, 'dense_0_units': 325, 'dense_0_dropout': 0.30000000000000004, 'dense_0_act': 'silu', 'learning_rate': 0.00012425029906791733}",7833.496658325195
739266,2.8200759887695312,1356674498,"{'num_conv_layers': 2, 'conv1d_0_filters': 1024, 'conv1d_0_kernel_size': 6, 'conv1d_0_act': 'sigmoid', 'pool_size_0': 4, 'conv1d_1_filters': 128, 'conv1d_1_kernel_size': 4, 'conv1d_1_act': 'sigmoid', 'pool_size_1': 2, 'pooling_type': 'max', 'num_dense_layers': 1, 'dense_0_units': 450, 'dense_0_dropout': 0.1, 'dense_0_act': 'relu', 'learning_rate': 0.00401819697298793}",7805.632843017578
729856,2.7841796875,1626729984,"{'num_conv_layers': 2, 'conv1d_0_filters': 1024, 'conv1d_0_kernel_size': 6, 'conv1d_0_act': 'silu', 'pool_size_0': 4, 'conv1d_1_filters': 128, 'conv1d_1_kernel_size': 5, 'conv1d_1_act': 'relu', 'pool_size_1': 2, 'pooling_type': 'max', 'num_dense_layers': 0, 'learning_rate': 0.0017161664117299762}",7804.830078125
224000,0.8544921875,733844480,"{'num_conv_layers': 2, 'conv1d_0_filters': 1024, 'conv1d_0_kernel_size': 9, 'conv1d_0_act': 'gelu', 'pool_size_0': 4, 'conv1d_1_filters': 128, 'conv1d_1_kernel_size': 1, 'conv1d_1_act': 'tanh', 'pool_size_1': 3, 'pooling_type': 'average', 'num_dense_layers': 0, 'learning_rate': 0.0011164756192702941}",7786.673828125
88356096,337.0517578125,4452002560,"{'num_conv_layers': 2, 'conv1d_0_filters': 512, 'conv1d_0_kernel_size': 3, 'conv1d_0_act': 'elu', 'pool_size_0': 2, 'conv1d_1_filters': 512, 'conv1d_1_kernel_size': 4, 'conv1d_1_act': 'elu', 'pool_size_1': 3, 'pooling_type': 'flatten', 'num_dense_layers': 0, 'learning_rate': 0.0031029487660550205}",7756.0908203125
4590080,17.509765625,1200744064,"{'num_conv_layers': 2, 'conv1d_0_filters': 1024, 'conv1d_0_kernel_size': 5, 'conv1d_0_act': 'gelu', 'pool_size_0': 4, 'conv1d_1_filters': 64, 'conv1d_1_kernel_size': 7, 'conv1d_1_act': 'gelu', 'pool_size_1': 4, 'pooling_type': 'flatten', 'num_dense_layers': 0, 'learning_rate': 0.00020915238487164678}",7754.29638671875
650996,2.4833526611328125,62888156,"{'num_conv_layers': 1, 'conv1d_0_filters': 1024, 'conv1d_0_kernel_size': 1, 'conv1d_0_act': 'sigmoid', 'pool_size_0': 3, 'pooling_type': 'max', 'num_dense_layers': 1, 'dense_0_units': 500, 'dense_0_dropout': 0.2, 'dense_0_act': 'silu', 'learning_rate': 0.0011390725189366476}",7752.549621582031
425516,1.6232147216796875,308134956,"{'num_conv_layers': 1, 'conv1d_0_filters': 1024, 'conv1d_0_kernel_size': 6, 'conv1d_0_act': 'tanh', 'pool_size_0': 3, 'pooling_type': 'max', 'num_dense_layers': 1, 'dense_0_units': 300, 'dense_0_dropout': 0.2, 'dense_0_act': 'sigmoid', 'learning_rate': 0.0001283851032021521}",7748.816101074219
321792,1.2275390625,463538944,"{'num_conv_layers': 1, 'conv1d_0_filters': 1024, 'conv1d_0_kernel_size': 9, 'conv1d_0_act': 'silu', 'pool_size_0': 3, 'pooling_type': 'max', 'num_dense_layers': 0, 'learning_rate': 0.0004719431761164476}",7746.7939453125
321792,1.2275390625,473095936,"{'num_conv_layers': 1, 'conv1d_0_filters': 1024, 'conv1d_0_kernel_size': 9, 'conv1d_0_act': 'gelu', 'pool_size_0': 3, 'pooling_type': 'average', 'num_dense_layers': 0, 'learning_rate': 0.00020341437318127748}",7746.7939453125
285128,1.087677001953125,209574856,"{'num_conv_layers': 1, 'conv1d_0_filters': 1024, 'conv1d_0_kernel_size': 4, 'conv1d_0_act': 'relu', 'pool_size_0': 3, 'pooling_type': 'max', 'num_dense_layers': 1, 'dense_0_units': 200, 'dense_0_dropout': 0.5, 'dense_0_act': 'tanh', 'learning_rate': 0.0030241861107194023}",7746.5274658203125
297216,1.1337890625,258738944,"{'num_conv_layers': 1, 'conv1d_0_filters': 1024, 'conv1d_0_kernel_size': 5, 'conv1d_0_act': 'sigmoid', 'pool_size_0': 3, 'pooling_type': 'max', 'num_dense_layers': 0, 'learning_rate': 0.0009359707551230866}",7746.4189453125
291072,1.1103515625,209586944,"{'num_conv_layers': 1, 'conv1d_0_filters': 1024, 'conv1d_0_kernel_size': 4, 'conv1d_0_act': 'sigmoid', 'pool_size_0': 3, 'pooling_type': 'max', 'num_dense_layers': 0, 'learning_rate': 0.002980860675341815}",7746.3251953125
291072,1.1103515625,209586944,"{'num_conv_layers': 1, 'conv1d_0_filters': 1024, 'conv1d_0_kernel_size': 4, 'conv1d_0_act': 'tanh', 'pool_size_0': 3, 'pooling_type': 'max', 'num_dense_layers': 0, 'learning_rate': 0.00012343703495838032}",7746.3251953125
259247,0.9889488220214844,258662831,"{'num_conv_layers': 1, 'conv1d_0_filters': 1024, 'conv1d_0_kernel_size': 5, 'conv1d_0_act': 'tanh', 'pool_size_0': 3, 'pooling_type': 'max', 'num_dense_layers': 1, 'dense_0_units': 175, 'dense_0_dropout': 0.4, 'dense_0_act': 'elu', 'learning_rate': 0.007301938898951742}",7746.095932006836
169316,0.6458892822265625,307622756,"{'num_conv_layers': 1, 'conv1d_0_filters': 1024, 'conv1d_0_kernel_size': 6, 'conv1d_0_act': 'elu', 'pool_size_0': 3, 'pooling_type': 'max', 'num_dense_layers': 1, 'dense_0_units': 100, 'dense_0_dropout': 0.5, 'dense_0_act': 'none', 'learning_rate': 0.0003458636949053503}",7744.565002441406
493512,1.882598876953125,946914248,"{'num_conv_layers': 2, 'conv1d_0_filters': 1024, 'conv1d_0_kernel_size': 3, 'conv1d_0_act': 'elu', 'pool_size_0': 4, 'conv1d_1_filters': 128, 'conv1d_1_kernel_size': 3, 'conv1d_1_act': 'none', 'pool_size_1': 4, 'pooling_type': 'average', 'num_dense_layers': 1, 'dense_0_units': 200, 'dense_0_dropout': 0.2, 'dense_0_act': 'relu', 'learning_rate': 0.00024628302021273586}",7723.3917236328125
457216,1.744140625,1143496832,"{'num_conv_layers': 2, 'conv1d_0_filters': 1024, 'conv1d_0_kernel_size': 7, 'conv1d_0_act': 'tanh', 'pool_size_0': 4, 'conv1d_1_filters': 64, 'conv1d_1_kernel_size': 6, 'conv1d_1_act': 'gelu', 'pool_size_1': 1, 'pooling_type': 'average', 'num_dense_layers': 0, 'learning_rate': 0.0017367855580891784}",7706.89013671875
111104,0.423828125,340680832,"{'num_conv_layers': 2, 'conv1d_0_filters': 1024, 'conv1d_0_kernel_size': 4, 'conv1d_0_act': 'tanh', 'pool_size_0': 4, 'conv1d_1_filters': 64, 'conv1d_1_kernel_size': 1, 'conv1d_1_act': 'gelu', 'pool_size_1': 1, 'pooling_type': 'average', 'num_dense_layers': 0, 'learning_rate': 0.004151412452071166}",7701.60888671875
630505,2.4051856994628906,1176217339,"{'num_conv_layers': 2, 'conv1d_0_filters': 1024, 'conv1d_0_kernel_size': 5, 'conv1d_0_act': 'sigmoid', 'pool_size_0': 4, 'conv1d_1_filters': 64, 'conv1d_1_kernel_size': 7, 'conv1d_1_act': 'elu', 'pool_size_1': 2, 'pooling_type': 'average', 'num_dense_layers': 1, 'dense_0_units': 425, 'dense_0_dropout': 0.30000000000000004, 'dense_0_act': 'silu', 'learning_rate': 0.0010899490164543138}",7694.531875610352
563088,2.14801025390625,1094249264,"{'num_conv_layers': 2, 'conv1d_0_filters': 1024, 'conv1d_0_kernel_size': 6, 'conv1d_0_act': 'sigmoid', 'pool_size_0': 4, 'conv1d_1_filters': 64, 'conv1d_1_kernel_size': 6, 'conv1d_1_act': 'elu', 'pool_size_1': 2, 'pooling_type': 'max', 'num_dense_layers': 1, 'dense_0_units': 400, 'dense_0_dropout': 0.0, 'dense_0_act': 'silu', 'learning_rate': 0.0021153220869971146}",7693.271240234375
130582,0.49813079833984375,242376814,"{'num_conv_layers': 2, 'conv1d_0_filters': 1024, 'conv1d_0_kernel_size': 2, 'conv1d_0_act': 'elu', 'pool_size_0': 4, 'conv1d_1_filters': 64, 'conv1d_1_kernel_size': 1, 'conv1d_1_act': 'gelu', 'pool_size_1': 2, 'pooling_type': 'max', 'num_dense_layers': 1, 'dense_0_units': 150, 'dense_0_dropout': 0.0, 'dense_0_act': 'gelu', 'learning_rate': 0.009526984710199356}",7686.427581787109
615290,2.3471450805664062,1110553314,"{'num_conv_layers': 2, 'conv1d_0_filters': 1024, 'conv1d_0_kernel_size': 1, 'conv1d_0_act': 'sigmoid', 'pool_size_0': 4, 'conv1d_1_filters': 64, 'conv1d_1_kernel_size': 8, 'conv1d_1_act': 'tanh', 'pool_size_1': 4, 'pooling_type': 'average', 'num_dense_layers': 1, 'dense_0_units': 250, 'dense_0_dropout': 0.2, 'dense_0_act': 'gelu', 'learning_rate': 0.0004172012375802231}",7686.230865478516
117248,0.447265625,389528832,"{'num_conv_layers': 2, 'conv1d_0_filters': 1024, 'conv1d_0_kernel_size': 5, 'conv1d_0_act': 'tanh', 'pool_size_0': 4, 'conv1d_1_filters': 64, 'conv1d_1_kernel_size': 1, 'conv1d_1_act': 'elu', 'pool_size_1': 4, 'pooling_type': 'average', 'num_dense_layers': 0, 'learning_rate': 0.0052214743281652105}",7678.26513671875
373248,1.423828125,864664832,"{'num_conv_layers': 2, 'conv1d_0_filters': 1024, 'conv1d_0_kernel_size': 4, 'conv1d_0_act': 'sigmoid', 'pool_size_0': 4, 'conv1d_1_filters': 64, 'conv1d_1_kernel_size': 5, 'conv1d_1_act': 'none', 'pool_size_1': 4, 'pooling_type': 'average', 'num_dense_layers': 0, 'learning_rate': 0.006707260975253251}",7650.92138671875
669428,2.5536651611328125,227754180,"{'num_conv_layers': 1, 'conv1d_0_filters': 1024, 'conv1d_0_kernel_size': 4, 'conv1d_0_act': 'gelu', 'pool_size_0': 4, 'pooling_type': 'average', 'num_dense_layers': 1, 'dense_0_units': 500, 'dense_0_dropout': 0.4, 'dense_0_act': 'gelu', 'learning_rate': 0.0023618286511902535}",7586.330871582031
663284,2.5302276611328125,162218180,"{'num_conv_layers': 1, 'conv1d_0_filters': 1024, 'conv1d_0_kernel_size': 3, 'conv1d_0_act': 'tanh', 'pool_size_0': 4, 'pooling_type': 'average', 'num_dense_layers': 1, 'dense_0_units': 500, 'dense_0_dropout': 0.2, 'dense_0_act': 'gelu', 'learning_rate': 0.00022916395469333833}",7586.237121582031
458846,1.7503585815429688,62504030,"{'num_conv_layers': 1, 'conv1d_0_filters': 1024, 'conv1d_0_kernel_size': 1, 'conv1d_0_act': 'relu', 'pool_size_0': 4, 'pooling_type': 'max', 'num_dense_layers': 1, 'dense_0_units': 350, 'dense_0_dropout': 0.4, 'dense_0_act': 'none', 'learning_rate': 0.000796466239623471}",7582.727020263672
407084,1.5529022216796875,169895980,"{'num_conv_layers': 1, 'conv1d_0_filters': 1024, 'conv1d_0_kernel_size': 3, 'conv1d_0_act': 'silu', 'pool_size_0': 4, 'pooling_type': 'average', 'num_dense_layers': 1, 'dense_0_units': 300, 'dense_0_dropout': 0.5, 'dense_0_act': 'tanh', 'learning_rate': 0.006045998839269584}",7582.034851074219
375059,1.4307365417480469,161639955,"{'num_conv_layers': 1, 'conv1d_0_filters': 1024, 'conv1d_0_kernel_size': 3, 'conv1d_0_act': 'sigmoid', 'pool_size_0': 4, 'pooling_type': 'average', 'num_dense_layers': 1, 'dense_0_units': 275, 'dense_0_dropout': 0.5, 'dense_0_act': 'relu', 'learning_rate': 0.0009629958281483413}",7581.509567260742
321792,1.2275390625,455347968,"{'num_conv_layers': 1, 'conv1d_0_filters': 1024, 'conv1d_0_kernel_size': 9, 'conv1d_0_act': 'elu', 'pool_size_0': 4, 'pooling_type': 'max', 'num_dense_layers': 0, 'learning_rate': 0.00010327304272174056}",7580.2939453125
321792,1.2275390625,464563968,"{'num_conv_layers': 1, 'conv1d_0_filters': 1024, 'conv1d_0_kernel_size': 9, 'conv1d_0_act': 'silu', 'pool_size_0': 4, 'pooling_type': 'average', 'num_dense_layers': 0, 'learning_rate': 0.0012083673238552296}",7580.2939453125
321792,1.2275390625,455347968,"{'num_conv_layers': 1, 'conv1d_0_filters': 1024, 'conv1d_0_kernel_size': 9, 'conv1d_0_act': 'tanh', 'pool_size_0': 4, 'pooling_type': 'max', 'num_dense_layers': 0, 'learning_rate': 0.00512053235440779}",7580.2939453125
303360,1.1572265625,307891968,"{'num_conv_layers': 1, 'conv1d_0_filters': 1024, 'conv1d_0_kernel_size': 6, 'conv1d_0_act': 'relu', 'pool_size_0': 4, 'pooling_type': 'max', 'num_dense_layers': 0, 'learning_rate': 0.005802735314684693}",7580.0126953125
303360,1.1572265625,307891968,"{'num_conv_layers': 1, 'conv1d_0_filters': 1024, 'conv1d_0_kernel_size': 6, 'conv1d_0_act': 'relu', 'pool_size_0': 4, 'pooling_type': 'max', 'num_dense_layers': 0, 'learning_rate': 0.00015694430286771735}",7580.0126953125
303360,1.1572265625,316083968,"{'num_conv_layers': 1, 'conv1d_0_filters': 1024, 'conv1d_0_kernel_size': 6, 'conv1d_0_act': 'silu', 'pool_size_0': 4, 'pooling_type': 'max', 'num_dense_layers': 0, 'learning_rate': 0.0019804237804353876}",7580.0126953125
297216,1.1337890625,267955968,"{'num_conv_layers': 1, 'conv1d_0_filters': 1024, 'conv1d_0_kernel_size': 5, 'conv1d_0_act': 'silu', 'pool_size_0': 4, 'pooling_type': 'average', 'num_dense_layers': 0, 'learning_rate': 0.008092346040917135}",7579.9189453125
272640,1.0400390625,78515968,"{'num_conv_layers': 1, 'conv1d_0_filters': 1024, 'conv1d_0_kernel_size': 1, 'conv1d_0_act': 'gelu', 'pool_size_0': 4, 'pooling_type': 'max', 'num_dense_layers': 0, 'learning_rate': 0.00013238309546672624}",7579.5439453125
262159104,1000.0576171875,640163072,"{'num_conv_layers': 1, 'conv1d_0_filters': 256, 'conv1d_0_kernel_size': 9, 'conv1d_0_act': 'silu', 'pool_size_0': 1, 'pooling_type': 'flatten', 'num_dense_layers': 0, 'learning_rate': 0.0003552070011657599}",7575.1318359375
655415,2.5002098083496094,4257432439,"{'num_conv_layers': 2, 'conv1d_0_filters': 1024, 'conv1d_0_kernel_size': 1, 'conv1d_0_act': 'none', 'pool_size_0': 1, 'conv1d_1_filters': 64, 'conv1d_1_kernel_size': 8, 'conv1d_1_act': 'silu', 'pool_size_1': 2, 'pooling_type': 'max', 'num_dense_layers': 1, 'dense_0_units': 375, 'dense_0_dropout': 0.2, 'dense_0_act': 'sigmoid', 'learning_rate': 0.0034488368260366022}",7522.963729858398
785652,2.9970245361328125,4978152564,"{'num_conv_layers': 2, 'conv1d_0_filters': 1024, 'conv1d_0_kernel_size': 5, 'conv1d_0_act': 'none', 'pool_size_0': 1, 'conv1d_1_filters': 64, 'conv1d_1_kernel_size': 9, 'conv1d_1_act': 'none', 'pool_size_1': 1, 'pooling_type': 'average', 'num_dense_layers': 1, 'dense_0_units': 500, 'dense_0_dropout': 0.30000000000000004, 'dense_0_act': 'elu', 'learning_rate': 0.0029632994708024976}",7462.634094238281
174739712,666.5791015625,503202048,"{'num_conv_layers': 1, 'conv1d_0_filters': 512, 'conv1d_0_kernel_size': 6, 'conv1d_0_act': 'relu', 'pool_size_0': 3, 'pooling_type': 'flatten', 'num_dense_layers': 0, 'learning_rate': 0.004601227950241929}",7407.7119140625
144740,0.5521392822265625,111015780,"{'num_conv_layers': 1, 'conv1d_0_filters': 1024, 'conv1d_0_kernel_size': 2, 'conv1d_0_act': 'none', 'pool_size_0': 1, 'pooling_type': 'max', 'num_dense_layers': 1, 'dense_0_units': 100, 'dense_0_dropout': 0.4, 'dense_0_act': 'tanh', 'learning_rate': 0.0014592318474779132}",7077.738830566406
2108672,8.0439453125,7409333504,"{'num_conv_layers': 2, 'conv1d_0_filters': 256, 'conv1d_0_kernel_size': 4, 'conv1d_0_act': 'elu', 'pool_size_0': 2, 'conv1d_1_filters': 1024, 'conv1d_1_kernel_size': 7, 'conv1d_1_act': 'gelu', 'pool_size_1': 1, 'pooling_type': 'average', 'num_dense_layers': 0, 'learning_rate': 0.00015518184925552138}",6857.5537109375
942836,3.5966339111328125,5482664644,"{'num_conv_layers': 2, 'conv1d_0_filters': 512, 'conv1d_0_kernel_size': 9, 'conv1d_0_act': 'silu', 'pool_size_0': 1, 'conv1d_1_filters': 256, 'conv1d_1_kernel_size': 5, 'conv1d_1_act': 'gelu', 'pool_size_1': 2, 'pooling_type': 'average', 'num_dense_layers': 1, 'dense_0_units': 500, 'dense_0_dropout': 0.0, 'dense_0_act': 'gelu', 'learning_rate': 0.0009953201625993568}",6839.889465332031
175051648,667.76904296875,1580310592,"{'num_conv_layers': 2, 'conv1d_0_filters': 64, 'conv1d_0_kernel_size': 1, 'conv1d_0_act': 'tanh', 'pool_size_0': 3, 'conv1d_1_filters': 1024, 'conv1d_1_kernel_size': 7, 'conv1d_1_act': 'relu', 'pool_size_1': 2, 'pooling_type': 'flatten', 'num_dense_layers': 0, 'learning_rate': 0.009702275255507856}",6828.11474609375
435269,1.6604194641113281,2131699269,"{'num_conv_layers': 2, 'conv1d_0_filters': 512, 'conv1d_0_kernel_size': 1, 'conv1d_0_act': 'sigmoid', 'pool_size_0': 1, 'conv1d_1_filters': 256, 'conv1d_1_kernel_size': 2, 'conv1d_1_act': 'sigmoid', 'pool_size_1': 4, 'pooling_type': 'average', 'num_dense_layers': 1, 'dense_0_units': 325, 'dense_0_dropout': 0.2, 'dense_0_act': 'sigmoid', 'learning_rate': 0.0004445954660664345}",6707.132400512695
34895104,133.1142578125,4469673216,"{'num_conv_layers': 2, 'conv1d_0_filters': 1024, 'conv1d_0_kernel_size': 4, 'conv1d_0_act': 'none', 'pool_size_0': 4, 'conv1d_1_filters': 256, 'conv1d_1_kernel_size': 8, 'conv1d_1_act': 'tanh', 'pool_size_1': 2, 'pooling_type': 'flatten', 'num_dense_layers': 0, 'learning_rate': 0.0009295594077961679}",6607.3349609375
994251,3.792766571044922,4027362123,"{'num_conv_layers': 2, 'conv1d_0_filters': 1024, 'conv1d_0_kernel_size': 7, 'conv1d_0_act': 'none', 'pool_size_0': 2, 'conv1d_1_filters': 128, 'conv1d_1_kernel_size': 7, 'conv1d_1_act': 'elu', 'pool_size_1': 1, 'pooling_type': 'max', 'num_dense_layers': 1, 'dense_0_units': 75, 'dense_0_dropout': 0.2, 'dense_0_act': 'elu', 'learning_rate': 0.007911126823099177}",6590.22428894043
925890,3.5319900512695312,1456479302,"{'num_conv_layers': 2, 'conv1d_0_filters': 1024, 'conv1d_0_kernel_size': 8, 'conv1d_0_act': 'none', 'pool_size_0': 4, 'conv1d_1_filters': 512, 'conv1d_1_kernel_size': 1, 'conv1d_1_act': 'sigmoid', 'pool_size_1': 1, 'pooling_type': 'max', 'num_dense_layers': 1, 'dense_0_units': 450, 'dense_0_dropout': 0.30000000000000004, 'dense_0_act': 'silu', 'learning_rate': 0.0012522186764973783}",6589.909210205078
1056512,4.0302734375,6330547712,"{'num_conv_layers': 2, 'conv1d_0_filters': 128, 'conv1d_0_kernel_size': 4, 'conv1d_0_act': 'none', 'pool_size_0': 1, 'conv1d_1_filters': 1024, 'conv1d_1_kernel_size': 6, 'conv1d_1_act': 'none', 'pool_size_1': 3, 'pooling_type': 'max', 'num_dense_layers': 0, 'learning_rate': 0.00019662459104726336}",6508.001953125
1066159,4.067073822021484,7438259119,"{'num_conv_layers': 2, 'conv1d_0_filters': 256, 'conv1d_0_kernel_size': 7, 'conv1d_0_act': 'silu', 'pool_size_0': 1, 'conv1d_1_filters': 512, 'conv1d_1_kernel_size': 7, 'conv1d_1_act': 'sigmoid', 'pool_size_1': 4, 'pooling_type': 'average', 'num_dense_layers': 1, 'dense_0_units': 175, 'dense_0_dropout': 0.5, 'dense_0_act': 'relu', 'learning_rate': 0.0016213894739601938}",6341.664291381836
893996,3.4103240966796875,5289587244,"{'num_conv_layers': 2, 'conv1d_0_filters': 256, 'conv1d_0_kernel_size': 3, 'conv1d_0_act': 'elu', 'pool_size_0': 1, 'conv1d_1_filters': 512, 'conv1d_1_kernel_size': 5, 'conv1d_1_act': 'sigmoid', 'pool_size_1': 4, 'pooling_type': 'max', 'num_dense_layers': 1, 'dense_0_units': 300, 'dense_0_dropout': 0.0, 'dense_0_act': 'sigmoid', 'learning_rate': 0.0013709199046733392}",6339.073913574219
817408,3.1181640625,1259191040,"{'num_conv_layers': 2, 'conv1d_0_filters': 512, 'conv1d_0_kernel_size': 8, 'conv1d_0_act': 'tanh', 'pool_size_0': 4, 'conv1d_1_filters': 1024, 'conv1d_1_kernel_size': 1, 'conv1d_1_act': 'gelu', 'pool_size_1': 1, 'pooling_type': 'max', 'num_dense_layers': 0, 'learning_rate': 0.006664515351843456}",6337.8447265625
739584,2.8212890625,5379369216,"{'num_conv_layers': 2, 'conv1d_0_filters': 512, 'conv1d_0_kernel_size': 5, 'conv1d_0_act': 'silu', 'pool_size_0': 1, 'conv1d_1_filters': 256, 'conv1d_1_kernel_size': 5, 'conv1d_1_act': 'none', 'pool_size_1': 2, 'pooling_type': 'max', 'num_dense_layers': 0, 'learning_rate': 0.00893058418001397}",6336.2998046875
273152,1.0419921875,1120172288,"{'num_conv_layers': 2, 'conv1d_0_filters': 256, 'conv1d_0_kernel_size': 5, 'conv1d_0_act': 'relu', 'pool_size_0': 1, 'conv1d_1_filters': 512, 'conv1d_1_kernel_size': 1, 'conv1d_1_act': 'relu', 'pool_size_1': 4, 'pooling_type': 'average', 'num_dense_layers': 0, 'learning_rate': 0.0012883972321753687}",6329.3076171875
1967067,7.503765106201172,6500225755,"{'num_conv_layers': 2, 'conv1d_0_filters': 512, 'conv1d_0_kernel_size': 8, 'conv1d_0_act': 'sigmoid', 'pool_size_0': 2, 'conv1d_1_filters': 512, 'conv1d_1_kernel_size': 6, 'conv1d_1_act': 'silu', 'pool_size_1': 4, 'pooling_type': 'max', 'num_dense_layers': 1, 'dense_0_units': 475, 'dense_0_dropout': 0.4, 'dense_0_act': 'relu', 'learning_rate': 0.00512545560232766}",6230.844650268555
1925476,7.3451080322265625,7423553380,"{'num_conv_layers': 2, 'conv1d_0_filters': 512, 'conv1d_0_kernel_size': 3, 'conv1d_0_act': 'elu', 'pool_size_0': 2, 'conv1d_1_filters': 512, 'conv1d_1_kernel_size': 7, 'conv1d_1_act': 'relu', 'pool_size_1': 4, 'pooling_type': 'average', 'num_dense_layers': 1, 'dense_0_units': 100, 'dense_0_dropout': 0.2, 'dense_0_act': 'elu', 'learning_rate': 0.007686490081641727}",6229.660705566406
2075311,7.916683197021484,7440657327,"{'num_conv_layers': 2, 'conv1d_0_filters': 256, 'conv1d_0_kernel_size': 7, 'conv1d_0_act': 'elu', 'pool_size_0': 2, 'conv1d_1_filters': 1024, 'conv1d_1_kernel_size': 7, 'conv1d_1_act': 'silu', 'pool_size_1': 3, 'pooling_type': 'average', 'num_dense_layers': 1, 'dense_0_units': 175, 'dense_0_dropout': 0.4, 'dense_0_act': 'sigmoid', 'learning_rate': 0.00031309612776983216}",6190.301010131836
2390272,9.1181640625,5804008704,"{'num_conv_layers': 2, 'conv1d_0_filters': 512, 'conv1d_0_kernel_size': 8, 'conv1d_0_act': 'none', 'pool_size_0': 3, 'conv1d_1_filters': 1024, 'conv1d_1_kernel_size': 4, 'conv1d_1_act': 'gelu', 'pool_size_1': 1, 'pooling_type': 'max', 'num_dense_layers': 0, 'learning_rate': 0.00044727780280546706}",6111.0947265625
2043286,7.794517517089844,7435817666,"{'num_conv_layers': 2, 'conv1d_0_filters': 256, 'conv1d_0_kernel_size': 7, 'conv1d_0_act': 'elu', 'pool_size_0': 2, 'conv1d_1_filters': 1024, 'conv1d_1_kernel_size': 7, 'conv1d_1_act': 'tanh', 'pool_size_1': 4, 'pooling_type': 'max', 'num_dense_layers': 1, 'dense_0_units': 150, 'dense_0_dropout': 0.0, 'dense_0_act': 'silu', 'learning_rate': 0.003012077030672222}",6106.702484130859
1322240,5.0439453125,4253877504,"{'num_conv_layers': 2, 'conv1d_0_filters': 256, 'conv1d_0_kernel_size': 4, 'conv1d_0_act': 'tanh', 'pool_size_0': 2, 'conv1d_1_filters': 1024, 'conv1d_1_kernel_size': 4, 'conv1d_1_act': 'tanh', 'pool_size_1': 4, 'pooling_type': 'average', 'num_dense_layers': 0, 'learning_rate': 0.00010300721366290525}",6095.5537109375
315648,1.2041015625,408243968,"{'num_conv_layers': 1, 'conv1d_0_filters': 1024, 'conv1d_0_kernel_size': 8, 'conv1d_0_act': 'none', 'pool_size_0': 2, 'pooling_type': 'average', 'num_dense_layers': 0, 'learning_rate': 0.00025060065831344344}",6080.2001953125
848066,3.2351150512695312,1102632898,"{'num_conv_layers': 2, 'conv1d_0_filters': 128, 'conv1d_0_kernel_size': 6, 'conv1d_0_act': 'gelu', 'pool_size_0': 2, 'conv1d_1_filters': 1024, 'conv1d_1_kernel_size': 2, 'conv1d_1_act': 'silu', 'pool_size_1': 1, 'pooling_type': 'average', 'num_dense_layers': 1, 'dense_0_units': 450, 'dense_0_dropout': 0.0, 'dense_0_act': 'none', 'learning_rate': 0.005698210920344836}",5963.541046142578
397659,1.5169486999511719,1712402651,"{'num_conv_layers': 2, 'conv1d_0_filters': 512, 'conv1d_0_kernel_size': 5, 'conv1d_0_act': 'gelu', 'pool_size_0': 1, 'conv1d_1_filters': 128, 'conv1d_1_kernel_size': 3, 'conv1d_1_act': 'relu', 'pool_size_1': 2, 'pooling_type': 'average', 'num_dense_layers': 1, 'dense_0_units': 475, 'dense_0_dropout': 0.5, 'dense_0_act': 'relu', 'learning_rate': 0.0005365856190462205}",5956.718673706055
592640,2.2607421875,1656544512,"{'num_conv_layers': 2, 'conv1d_0_filters': 1024, 'conv1d_0_kernel_size': 5, 'conv1d_0_act': 'none', 'pool_size_0': 3, 'conv1d_1_filters': 128, 'conv1d_1_kernel_size': 4, 'conv1d_1_act': 'none', 'pool_size_1': 3, 'pooling_type': 'max', 'num_dense_layers': 0, 'learning_rate': 0.00043225731129132726}",5944.861328125
153757228,586.5372772216797,672574508,"{'num_conv_layers': 2, 'conv1d_0_filters': 256, 'conv1d_0_kernel_size': 8, 'conv1d_0_act': 'none', 'pool_size_0': 2, 'conv1d_1_filters': 256, 'conv1d_1_kernel_size': 1, 'conv1d_1_act': 'elu', 'pool_size_1': 1, 'pooling_type': 'flatten', 'num_dense_layers': 1, 'dense_0_units': 300, 'dense_0_dropout': 0.4, 'dense_0_act': 'elu', 'learning_rate': 0.0006109138796168273}",5921.484069824219
588123,2.243511199951172,3227837147,"{'num_conv_layers': 2, 'conv1d_0_filters': 512, 'conv1d_0_kernel_size': 3, 'conv1d_0_act': 'sigmoid', 'pool_size_0': 1, 'conv1d_1_filters': 128, 'conv1d_1_kernel_size': 6, 'conv1d_1_act': 'sigmoid', 'pool_size_1': 3, 'pooling_type': 'average', 'num_dense_layers': 1, 'dense_0_units': 475, 'dense_0_dropout': 0.4, 'dense_0_act': 'tanh', 'learning_rate': 0.005453823732988247}",5917.937423706055
273964,1.0450897216796875,1255478572,"{'num_conv_layers': 2, 'conv1d_0_filters': 512, 'conv1d_0_kernel_size': 8, 'conv1d_0_act': 'tanh', 'pool_size_0': 1, 'conv1d_1_filters': 128, 'conv1d_1_kernel_size': 2, 'conv1d_1_act': 'gelu', 'pool_size_1': 3, 'pooling_type': 'average', 'num_dense_layers': 1, 'dense_0_units': 300, 'dense_0_dropout': 0.30000000000000004, 'dense_0_act': 'relu', 'learning_rate': 0.0016929314177024336}",5912.887390136719
89667840,342.0556640625,4977316096,"{'num_conv_layers': 2, 'conv1d_0_filters': 256, 'conv1d_0_kernel_size': 6, 'conv1d_0_act': 'gelu', 'pool_size_0': 4, 'conv1d_1_filters': 1024, 'conv1d_1_kernel_size': 9, 'conv1d_1_act': 'relu', 'pool_size_1': 3, 'pooling_type': 'flatten', 'num_dense_layers': 0, 'learning_rate': 0.0009268309508779502}",5901.1005859375
521984,1.9912109375,3903206912,"{'num_conv_layers': 2, 'conv1d_0_filters': 512, 'conv1d_0_kernel_size': 9, 'conv1d_0_act': 'silu', 'pool_size_0': 1, 'conv1d_1_filters': 128, 'conv1d_1_kernel_size': 7, 'conv1d_1_act': 'tanh', 'pool_size_1': 4, 'pooling_type': 'max', 'num_dense_layers': 0, 'learning_rate': 0.002074520003050648}",5895.419921875
468733,1.7880744934082031,3352454001,"{'num_conv_layers': 2, 'conv1d_0_filters': 512, 'conv1d_0_kernel_size': 8, 'conv1d_0_act': 'elu', 'pool_size_0': 1, 'conv1d_1_filters': 128, 'conv1d_1_kernel_size': 6, 'conv1d_1_act': 'gelu', 'pool_size_1': 4, 'pooling_type': 'average', 'num_dense_layers': 1, 'dense_0_units': 125, 'dense_0_dropout': 0.2, 'dense_0_act': 'gelu', 'learning_rate': 0.008399387696971598}",5894.790481567383
146585,0.5591773986816406,1081144651,"{'num_conv_layers': 2, 'conv1d_0_filters': 512, 'conv1d_0_kernel_size': 1, 'conv1d_0_act': 'tanh', 'pool_size_0': 1, 'conv1d_1_filters': 128, 'conv1d_1_kernel_size': 2, 'conv1d_1_act': 'sigmoid', 'pool_size_1': 4, 'pooling_type': 'average', 'num_dense_layers': 1, 'dense_0_units': 25, 'dense_0_dropout': 0.1, 'dense_0_act': 'silu', 'learning_rate': 0.005084067260565998}",5889.728408813477
440876,1.6818084716796875,985143340,"{'num_conv_layers': 2, 'conv1d_0_filters': 1024, 'conv1d_0_kernel_size': 2, 'conv1d_0_act': 'none', 'pool_size_0': 3, 'conv1d_1_filters': 64, 'conv1d_1_kernel_size': 5, 'conv1d_1_act': 'gelu', 'pool_size_1': 3, 'pooling_type': 'max', 'num_dense_layers': 1, 'dense_0_units': 300, 'dense_0_dropout': 0.4, 'dense_0_act': 'tanh', 'learning_rate': 0.00011026125260999716}",5887.424011230469
1270016,4.8447265625,9618729216,"{'num_conv_layers': 2, 'conv1d_0_filters': 512, 'conv1d_0_kernel_size': 7, 'conv1d_0_act': 'none', 'pool_size_0': 1, 'conv1d_1_filters': 256, 'conv1d_1_kernel_size': 9, 'conv1d_1_act': 'relu', 'pool_size_1': 2, 'pooling_type': 'max', 'num_dense_layers': 0, 'learning_rate': 0.0035159341842951317}",5844.3935546875
55754181,212.68532180786133,1839238223,"{'num_conv_layers': 2, 'conv1d_0_filters': 512, 'conv1d_0_kernel_size': 6, 'conv1d_0_act': 'none', 'pool_size_0': 1, 'conv1d_1_filters': 128, 'conv1d_1_kernel_size': 3, 'conv1d_1_act': 'elu', 'pool_size_1': 3, 'pooling_type': 'flatten', 'num_dense_layers': 1, 'dense_0_units': 325, 'dense_0_dropout': 0.1, 'dense_0_act': 'silu', 'learning_rate': 0.007368427285863001}",5842.734939575195
1110784,4.2373046875,2306921984,"{'num_conv_layers': 2, 'conv1d_0_filters': 1024, 'conv1d_0_kernel_size': 4, 'conv1d_0_act': 'none', 'pool_size_0': 4, 'conv1d_1_filters': 128, 'conv1d_1_kernel_size': 8, 'conv1d_1_act': 'silu', 'pool_size_1': 2, 'pooling_type': 'max', 'num_dense_layers': 0, 'learning_rate': 0.007645707709539507}",5810.642578125
978482,3.7326126098632812,2142841394,"{'num_conv_layers': 2, 'conv1d_0_filters': 1024, 'conv1d_0_kernel_size': 6, 'conv1d_0_act': 'none', 'pool_size_0': 4, 'conv1d_1_filters': 128, 'conv1d_1_kernel_size': 7, 'conv1d_1_act': 'relu', 'pool_size_1': 3, 'pooling_type': 'average', 'num_dense_layers': 1, 'dense_0_units': 50, 'dense_0_dropout': 0.30000000000000004, 'dense_0_act': 'relu', 'learning_rate': 0.00011483450985300532}",5798.259552001953
13270297,50.62216567993164,3723954201,"{'num_conv_layers': 2, 'conv1d_0_filters': 128, 'conv1d_0_kernel_size': 3, 'conv1d_0_act': 'gelu', 'pool_size_0': 1, 'conv1d_1_filters': 512, 'conv1d_1_kernel_size': 7, 'conv1d_1_act': 'relu', 'pool_size_1': 4, 'pooling_type': 'flatten', 'num_dense_layers': 1, 'dense_0_units': 25, 'dense_0_dropout': 0.4, 'dense_0_act': 'tanh', 'learning_rate': 0.00016664255257737437}",5777.417861938477
2094636,7.9904022216796875,5098241580,"{'num_conv_layers': 2, 'conv1d_0_filters': 512, 'conv1d_0_kernel_size': 8, 'conv1d_0_act': 'relu', 'pool_size_0': 3, 'conv1d_1_filters': 512, 'conv1d_1_kernel_size': 7, 'conv1d_1_act': 'elu', 'pool_size_1': 1, 'pooling_type': 'average', 'num_dense_layers': 1, 'dense_0_units': 300, 'dense_0_dropout': 0.1, 'dense_0_act': 'relu', 'learning_rate': 0.0008472042380866887}",5773.784851074219
1439638,5.491783142089844,3585571222,"{'num_conv_layers': 2, 'conv1d_0_filters': 512, 'conv1d_0_kernel_size': 3, 'conv1d_0_act': 'gelu', 'pool_size_0': 3, 'conv1d_1_filters': 512, 'conv1d_1_kernel_size': 5, 'conv1d_1_act': 'tanh', 'pool_size_1': 1, 'pooling_type': 'average', 'num_dense_layers': 1, 'dense_0_units': 150, 'dense_0_dropout': 0.5, 'dense_0_act': 'relu', 'learning_rate': 0.0006436287455109413}",5763.570648193359
924928,3.5283203125,3184045824,"{'num_conv_layers': 2, 'conv1d_0_filters': 512, 'conv1d_0_kernel_size': 1, 'conv1d_0_act': 'silu', 'pool_size_0': 2, 'conv1d_1_filters': 512, 'conv1d_1_kernel_size': 3, 'conv1d_1_act': 'none', 'pool_size_1': 4, 'pooling_type': 'max', 'num_dense_layers': 0, 'learning_rate': 0.00023155743492063788}",5714.2470703125
886747,3.382671356201172,1145874577,"{'num_conv_layers': 2, 'conv1d_0_filters': 256, 'conv1d_0_kernel_size': 7, 'conv1d_0_act': 'none', 'pool_size_0': 2, 'conv1d_1_filters': 1024, 'conv1d_1_kernel_size': 1, 'conv1d_1_act': 'elu', 'pool_size_1': 3, 'pooling_type': 'average', 'num_dense_layers': 1, 'dense_0_units': 475, 'dense_0_dropout': 0.4, 'dense_0_act': 'silu', 'learning_rate': 0.0017241975387916816}",5672.604415893555
145312169,554.3219337463379,1662090409,"{'num_conv_layers': 2, 'conv1d_0_filters': 128, 'conv1d_0_kernel_size': 9, 'conv1d_0_act': 'silu', 'pool_size_0': 1, 'conv1d_1_filters': 256, 'conv1d_1_kernel_size': 5, 'conv1d_1_act': 'none', 'pool_size_1': 3, 'pooling_type': 'flatten', 'num_dense_layers': 1, 'dense_0_units': 425, 'dense_0_dropout': 0.0, 'dense_0_act': 'none', 'learning_rate': 0.0013622954273337722}",5625.643692016602
678144,2.5869140625,1563726080,"{'num_conv_layers': 2, 'conv1d_0_filters': 512, 'conv1d_0_kernel_size': 6, 'conv1d_0_act': 'gelu', 'pool_size_0': 3, 'conv1d_1_filters': 512, 'conv1d_1_kernel_size': 2, 'conv1d_1_act': 'silu', 'pool_size_1': 2, 'pooling_type': 'average', 'num_dense_layers': 0, 'learning_rate': 0.0004987517973355179}",5584.9814453125
489566,1.8675460815429688,308264030,"{'num_conv_layers': 1, 'conv1d_0_filters': 1024, 'conv1d_0_kernel_size': 6, 'conv1d_0_act': 'none', 'pool_size_0': 4, 'pooling_type': 'max', 'num_dense_layers': 1, 'dense_0_units': 350, 'dense_0_dropout': 0.2, 'dense_0_act': 'tanh', 'learning_rate': 0.0001772479330446269}",5583.366668701172
443636,1.6923370361328125,2253030492,"{'num_conv_layers': 2, 'conv1d_0_filters': 512, 'conv1d_0_kernel_size': 6, 'conv1d_0_act': 'elu', 'pool_size_0': 1, 'conv1d_1_filters': 64, 'conv1d_1_kernel_size': 8, 'conv1d_1_act': 'gelu', 'pool_size_1': 1, 'pooling_type': 'max', 'num_dense_layers': 1, 'dense_0_units': 500, 'dense_0_dropout': 0.4, 'dense_0_act': 'silu', 'learning_rate': 0.00018385807588625305}",5582.427062988281
92978,0.35468292236328125,210215830,"{'num_conv_layers': 1, 'conv1d_0_filters': 1024, 'conv1d_0_kernel_size': 4, 'conv1d_0_act': 'none', 'pool_size_0': 4, 'pooling_type': 'average', 'num_dense_layers': 1, 'dense_0_units': 50, 'dense_0_dropout': 0.4, 'dense_0_act': 'silu', 'learning_rate': 0.004953159548933947}",5576.875762939453
74930,0.28583526611328125,288753842,"{'num_conv_layers': 2, 'conv1d_0_filters': 64, 'conv1d_0_kernel_size': 3, 'conv1d_0_act': 'relu', 'pool_size_0': 1, 'conv1d_1_filters': 512, 'conv1d_1_kernel_size': 1, 'conv1d_1_act': 'gelu', 'pool_size_1': 1, 'pooling_type': 'average', 'num_dense_layers': 1, 'dense_0_units': 50, 'dense_0_dropout': 0.4, 'dense_0_act': 'elu', 'learning_rate': 0.0003402372974589727}",5576.360626220703
782224,2.98394775390625,1083304464,"{'num_conv_layers': 2, 'conv1d_0_filters': 64, 'conv1d_0_kernel_size': 8, 'conv1d_0_act': 'elu', 'pool_size_0': 2, 'conv1d_1_filters': 1024, 'conv1d_1_kernel_size': 4, 'conv1d_1_act': 'relu', 'pool_size_1': 1, 'pooling_type': 'average', 'num_dense_layers': 1, 'dense_0_units': 400, 'dense_0_dropout': 0.0, 'dense_0_act': 'none', 'learning_rate': 0.00010157465261896969}",5525.013427734375
293376,1.119140625,2202693760,"{'num_conv_layers': 2, 'conv1d_0_filters': 512, 'conv1d_0_kernel_size': 4, 'conv1d_0_act': 'sigmoid', 'pool_size_0': 1, 'conv1d_1_filters': 64, 'conv1d_1_kernel_size': 8, 'conv1d_1_act': 'tanh', 'pool_size_1': 2, 'pooling_type': 'average', 'num_dense_layers': 0, 'learning_rate': 0.0003158018021037341}",5516.90185546875
230912,0.880859375,1702853760,"{'num_conv_layers': 2, 'conv1d_0_filters': 512, 'conv1d_0_kernel_size': 5, 'conv1d_0_act': 'tanh', 'pool_size_0': 1, 'conv1d_1_filters': 64, 'conv1d_1_kernel_size': 6, 'conv1d_1_act': 'sigmoid', 'pool_size_1': 2, 'pooling_type': 'max', 'num_dense_layers': 0, 'learning_rate': 0.004842143280425423}",5515.94873046875
419072,1.5986328125,883794688,"{'num_conv_layers': 2, 'conv1d_0_filters': 512, 'conv1d_0_kernel_size': 7, 'conv1d_0_act': 'silu', 'pool_size_0': 3, 'conv1d_1_filters': 512, 'conv1d_1_kernel_size': 1, 'conv1d_1_act': 'elu', 'pool_size_1': 4, 'pooling_type': 'average', 'num_dense_layers': 0, 'learning_rate': 0.0020275290120925164}",5497.7783203125
240128,0.916015625,1776667008,"{'num_conv_layers': 2, 'conv1d_0_filters': 512, 'conv1d_0_kernel_size': 8, 'conv1d_0_act': 'tanh', 'pool_size_0': 1, 'conv1d_1_filters': 64, 'conv1d_1_kernel_size': 6, 'conv1d_1_act': 'relu', 'pool_size_1': 3, 'pooling_type': 'average', 'num_dense_layers': 0, 'learning_rate': 0.000914577464864046}",5495.24560546875
268154,1.0229263305664062,1489989242,"{'num_conv_layers': 2, 'conv1d_0_filters': 512, 'conv1d_0_kernel_size': 7, 'conv1d_0_act': 'tanh', 'pool_size_0': 1, 'conv1d_1_filters': 64, 'conv1d_1_kernel_size': 5, 'conv1d_1_act': 'tanh', 'pool_size_1': 4, 'pooling_type': 'max', 'num_dense_layers': 1, 'dense_0_units': 250, 'dense_0_dropout': 0.2, 'dense_0_act': 'relu', 'learning_rate': 0.0014052695185341238}",5485.633209228516
87552,0.333984375,560069760,"{'num_conv_layers': 2, 'conv1d_0_filters': 512, 'conv1d_0_kernel_size': 1, 'conv1d_0_act': 'silu', 'pool_size_0': 1, 'conv1d_1_filters': 64, 'conv1d_1_kernel_size': 2, 'conv1d_1_act': 'sigmoid', 'pool_size_1': 4, 'pooling_type': 'max', 'num_dense_layers': 0, 'learning_rate': 0.004054696037514211}",5482.51123046875
1572652,5.9991912841796875,4758952748,"{'num_conv_layers': 2, 'conv1d_0_filters': 128, 'conv1d_0_kernel_size': 5, 'conv1d_0_act': 'tanh', 'pool_size_0': 2, 'conv1d_1_filters': 1024, 'conv1d_1_kernel_size': 9, 'conv1d_1_act': 'relu', 'pool_size_1': 2, 'pooling_type': 'average', 'num_dense_layers': 1, 'dense_0_units': 300, 'dense_0_dropout': 0.0, 'dense_0_act': 'none', 'learning_rate': 0.001387159330798411}",5474.524108886719
2105600,8.0322265625,4925932544,"{'num_conv_layers': 2, 'conv1d_0_filters': 256, 'conv1d_0_kernel_size': 2, 'conv1d_0_act': 'tanh', 'pool_size_0': 3, 'conv1d_1_filters': 1024, 'conv1d_1_kernel_size': 7, 'conv1d_1_act': 'relu', 'pool_size_1': 1, 'pooling_type': 'average', 'num_dense_layers': 0, 'learning_rate': 0.005133028436300112}",5440.1318359375
153679916,586.2423553466797,326972972,"{'num_conv_layers': 1, 'conv1d_0_filters': 256, 'conv1d_0_kernel_size': 1, 'conv1d_0_act': 'gelu', 'pool_size_0': 2, 'pooling_type': 'flatten', 'num_dense_layers': 1, 'dense_0_units': 300, 'dense_0_dropout': 0.4, 'dense_0_act': 'none', 'learning_rate': 0.0024034460680920217}",5420.163757324219
1251584,4.7744140625,4755241216,"{'num_conv_layers': 2, 'conv1d_0_filters': 512, 'conv1d_0_kernel_size': 1, 'conv1d_0_act': 'silu', 'pool_size_0': 2, 'conv1d_1_filters': 256, 'conv1d_1_kernel_size': 9, 'conv1d_1_act': 'tanh', 'pool_size_1': 4, 'pooling_type': 'max', 'num_dense_layers': 0, 'learning_rate': 0.0021533340333398806}",5406.6123046875
1038255,3.9606285095214844,3905369519,"{'num_conv_layers': 2, 'conv1d_0_filters': 512, 'conv1d_0_kernel_size': 9, 'conv1d_0_act': 'silu', 'pool_size_0': 2, 'conv1d_1_filters': 256, 'conv1d_1_kernel_size': 7, 'conv1d_1_act': 'gelu', 'pool_size_1': 4, 'pooling_type': 'max', 'num_dense_layers': 1, 'dense_0_units': 175, 'dense_0_dropout': 0.0, 'dense_0_act': 'relu', 'learning_rate': 0.0026900335570026815}",5403.528060913086
425705,1.6239356994628906,2305205417,"{'num_conv_layers': 2, 'conv1d_0_filters': 512, 'conv1d_0_kernel_size': 8, 'conv1d_0_act': 'silu', 'pool_size_0': 1, 'conv1d_1_filters': 64, 'conv1d_1_kernel_size': 8, 'conv1d_1_act': 'none', 'pool_size_1': 2, 'pooling_type': 'max', 'num_dense_layers': 1, 'dense_0_units': 425, 'dense_0_dropout': 0.0, 'dense_0_act': 'tanh', 'learning_rate': 0.004422621056254796}",5394.336074829102
334080,1.2744140625,1081257216,"{'num_conv_layers': 2, 'conv1d_0_filters': 512, 'conv1d_0_kernel_size': 1, 'conv1d_0_act': 'elu', 'pool_size_0': 2, 'conv1d_1_filters': 256, 'conv1d_1_kernel_size': 2, 'conv1d_1_act': 'sigmoid', 'pool_size_1': 4, 'pooling_type': 'average', 'num_dense_layers': 0, 'learning_rate': 0.006118520700845143}",5392.6123046875
21970176,83.8095703125,498722048,"{'num_conv_layers': 2, 'conv1d_0_filters': 512, 'conv1d_0_kernel_size': 4, 'conv1d_0_act': 'tanh', 'pool_size_0': 3, 'conv1d_1_filters': 256, 'conv1d_1_kernel_size': 1, 'conv1d_1_act': 'elu', 'pool_size_1': 4, 'pooling_type': 'flatten', 'num_dense_layers': 0, 'learning_rate': 0.0018635226422447704}",5326.5029296875
1453568,5.544921875,4786354688,"{'num_conv_layers': 2, 'conv1d_0_filters': 128, 'conv1d_0_kernel_size': 9, 'conv1d_0_act': 'sigmoid', 'pool_size_0': 2, 'conv1d_1_filters': 1024, 'conv1d_1_kernel_size': 9, 'conv1d_1_act': 'silu', 'pool_size_1': 3, 'pooling_type': 'max', 'num_dense_layers': 0, 'learning_rate': 0.001029906565307178}",5305.560546875
1059584,4.0419921875,3203252736,"{'num_conv_layers': 2, 'conv1d_0_filters': 128, 'conv1d_0_kernel_size': 8, 'conv1d_0_act': 'none', 'pool_size_0': 2, 'conv1d_1_filters': 1024, 'conv1d_1_kernel_size': 6, 'conv1d_1_act': 'sigmoid', 'pool_size_1': 2, 'pooling_type': 'max', 'num_dense_layers': 0, 'learning_rate': 0.0010027718119321532}",5216.548828125
525637,2.005146026611328,781461573,"{'num_conv_layers': 2, 'conv1d_0_filters': 512, 'conv1d_0_kernel_size': 3, 'conv1d_0_act': 'elu', 'pool_size_0': 3, 'conv1d_1_filters': 512, 'conv1d_1_kernel_size': 1, 'conv1d_1_act': 'none', 'pool_size_1': 3, 'pooling_type': 'max', 'num_dense_layers': 1, 'dense_0_units': 325, 'dense_0_dropout': 0.4, 'dense_0_act': 'tanh', 'learning_rate': 0.005587312115129167}",5194.380447387695
419072,1.5986328125,879755520,"{'num_conv_layers': 2, 'conv1d_0_filters': 512, 'conv1d_0_kernel_size': 7, 'conv1d_0_act': 'relu', 'pool_size_0': 3, 'conv1d_1_filters': 512, 'conv1d_1_kernel_size': 1, 'conv1d_1_act': 'none', 'pool_size_1': 3, 'pooling_type': 'average', 'num_dense_layers': 0, 'learning_rate': 0.0006569452954417216}",5192.2783203125
1585920,6.0498046875,5319005440,"{'num_conv_layers': 2, 'conv1d_0_filters': 256, 'conv1d_0_kernel_size': 5, 'conv1d_0_act': 'gelu', 'pool_size_0': 2, 'conv1d_1_filters': 1024, 'conv1d_1_kernel_size': 5, 'conv1d_1_act': 'none', 'pool_size_1': 3, 'pooling_type': 'average', 'num_dense_layers': 0, 'learning_rate': 0.00011455095800167584}",5182.5771484375
1711860,6.5302276611328125,2728488180,"{'num_conv_layers': 2, 'conv1d_0_filters': 512, 'conv1d_0_kernel_size': 4, 'conv1d_0_act': 'sigmoid', 'pool_size_0': 4, 'conv1d_1_filters': 512, 'conv1d_1_kernel_size': 5, 'conv1d_1_act': 'tanh', 'pool_size_1': 4, 'pooling_type': 'average', 'num_dense_layers': 1, 'dense_0_units': 500, 'dense_0_dropout': 0.2, 'dense_0_act': 'relu', 'learning_rate': 0.002048566886972861}",5164.487121582031
1843456,7.0322265625,4231150592,"{'num_conv_layers': 2, 'conv1d_0_filters': 256, 'conv1d_0_kernel_size': 2, 'conv1d_0_act': 'sigmoid', 'pool_size_0': 3, 'conv1d_1_filters': 1024, 'conv1d_1_kernel_size': 6, 'conv1d_1_act': 'gelu', 'pool_size_1': 2, 'pooling_type': 'max', 'num_dense_layers': 0, 'learning_rate': 0.006602380091863064}",5102.6318359375
34439056,131.37457275390625,697480144,"{'num_conv_layers': 2, 'conv1d_0_filters': 512, 'conv1d_0_kernel_size': 4, 'conv1d_0_act': 'relu', 'pool_size_0': 3, 'conv1d_1_filters': 64, 'conv1d_1_kernel_size': 6, 'conv1d_1_act': 'none', 'pool_size_1': 1, 'pooling_type': 'flatten', 'num_dense_layers': 1, 'dense_0_units': 400, 'dense_0_dropout': 0.4, 'dense_0_act': 'relu', 'learning_rate': 0.00021752431618177667}",5100.853271484375
864512,3.2978515625,2179526400,"{'num_conv_layers': 2, 'conv1d_0_filters': 512, 'conv1d_0_kernel_size': 3, 'conv1d_0_act': 'sigmoid', 'pool_size_0': 3, 'conv1d_1_filters': 256, 'conv1d_1_kernel_size': 6, 'conv1d_1_act': 'gelu', 'pool_size_1': 1, 'pooling_type': 'average', 'num_dense_layers': 0, 'learning_rate': 0.00010552773874568993}",5087.9560546875
408308,1.5575714111328125,185253108,"{'num_conv_layers': 1, 'conv1d_0_filters': 512, 'conv1d_0_kernel_size': 7, 'conv1d_0_act': 'silu', 'pool_size_0': 1, 'pooling_type': 'average', 'num_dense_layers': 1, 'dense_0_units': 500, 'dense_0_dropout': 0.4, 'dense_0_act': 'none', 'learning_rate': 0.000788070360131451}",5081.864074707031
382939,1.4607963562011719,138110683,"{'num_conv_layers': 1, 'conv1d_0_filters': 512, 'conv1d_0_kernel_size': 5, 'conv1d_0_act': 'gelu', 'pool_size_0': 1, 'pooling_type': 'max', 'num_dense_layers': 1, 'dense_0_units': 475, 'dense_0_dropout': 0.4, 'dense_0_act': 'none', 'learning_rate': 0.0009296371174847746}",5081.452560424805
232211,0.8858146667480469,154187283,"{'num_conv_layers': 1, 'conv1d_0_filters': 512, 'conv1d_0_kernel_size': 6, 'conv1d_0_act': 'tanh', 'pool_size_0': 1, 'pooling_type': 'max', 'num_dense_layers': 1, 'dense_0_units': 275, 'dense_0_dropout': 0.1, 'dense_0_act': 'elu', 'learning_rate': 0.001182091198936928}",5079.091598510742
216058,0.8241958618164062,178724858,"{'num_conv_layers': 1, 'conv1d_0_filters': 512, 'conv1d_0_kernel_size': 7, 'conv1d_0_act': 'relu', 'pool_size_0': 1, 'pooling_type': 'max', 'num_dense_layers': 1, 'dense_0_units': 250, 'dense_0_dropout': 0.2, 'dense_0_act': 'none', 'learning_rate': 0.0024525448803924144}",5078.686431884766
221465,0.8448219299316406,1605579467,"{'num_conv_layers': 2, 'conv1d_0_filters': 64, 'conv1d_0_kernel_size': 8, 'conv1d_0_act': 'gelu', 'pool_size_0': 1, 'conv1d_1_filters': 512, 'conv1d_1_kernel_size': 6, 'conv1d_1_act': 'sigmoid', 'pool_size_1': 2, 'pooling_type': 'max', 'num_dense_layers': 1, 'dense_0_units': 25, 'dense_0_dropout': 0.0, 'dense_0_act': 'silu', 'learning_rate': 0.0001323514702643969}",5078.547744750977
201472,0.7685546875,559275136,"{'num_conv_layers': 2, 'conv1d_0_filters': 64, 'conv1d_0_kernel_size': 6, 'conv1d_0_act': 'gelu', 'pool_size_0': 1, 'conv1d_1_filters': 512, 'conv1d_1_kernel_size': 2, 'conv1d_1_act': 'gelu', 'pool_size_1': 2, 'pooling_type': 'max', 'num_dense_layers': 0, 'learning_rate': 0.006690325686873081}",5078.21826171875
172800,0.6591796875,584678912,"{'num_conv_layers': 2, 'conv1d_0_filters': 512, 'conv1d_0_kernel_size': 2, 'conv1d_0_act': 'silu', 'pool_size_0': 2, 'conv1d_1_filters': 128, 'conv1d_1_kernel_size': 2, 'conv1d_1_act': 'relu', 'pool_size_1': 1, 'pooling_type': 'max', 'num_dense_layers': 0, 'learning_rate': 0.00014829421896894645}",5077.591796875
157952,0.6025390625,205226752,"{'num_conv_layers': 1, 'conv1d_0_filters': 512, 'conv1d_0_kernel_size': 8, 'conv1d_0_act': 'sigmoid', 'pool_size_0': 1, 'pooling_type': 'average', 'num_dense_layers': 0, 'learning_rate': 0.0007303765655530595}",5077.5556640625
154880,0.5908203125,178602752,"{'num_conv_layers': 1, 'conv1d_0_filters': 512, 'conv1d_0_kernel_size': 7, 'conv1d_0_act': 'elu', 'pool_size_0': 1, 'pooling_type': 'max', 'num_dense_layers': 0, 'learning_rate': 0.0008335914426293006}",5077.5087890625
151808,0.5791015625,154026752,"{'num_conv_layers': 1, 'conv1d_0_filters': 512, 'conv1d_0_kernel_size': 6, 'conv1d_0_act': 'tanh', 'pool_size_0': 1, 'pooling_type': 'max', 'num_dense_layers': 0, 'learning_rate': 0.0009799043355926097}",5077.4619140625
148736,0.5673828125,137642752,"{'num_conv_layers': 1, 'conv1d_0_filters': 512, 'conv1d_0_kernel_size': 5, 'conv1d_0_act': 'gelu', 'pool_size_0': 1, 'pooling_type': 'max', 'num_dense_layers': 0, 'learning_rate': 0.009544051486187737}",5077.4150390625
136448,0.5205078125,41386752,"{'num_conv_layers': 1, 'conv1d_0_filters': 512, 'conv1d_0_kernel_size': 1, 'conv1d_0_act': 'gelu', 'pool_size_0': 1, 'pooling_type': 'average', 'num_dense_layers': 0, 'learning_rate': 0.0009826429123855488}",5077.2275390625
18049480,68.85330200195312,2097471688,"{'num_conv_layers': 2, 'conv1d_0_filters': 512, 'conv1d_0_kernel_size': 9, 'conv1d_0_act': 'tanh', 'pool_size_0': 4, 'conv1d_1_filters': 256, 'conv1d_1_kernel_size': 7, 'conv1d_1_act': 'relu', 'pool_size_1': 3, 'pooling_type': 'flatten', 'num_dense_layers': 1, 'dense_0_units': 200, 'dense_0_dropout': 0.5, 'dense_0_act': 'relu', 'learning_rate': 0.00014887549996226915}",5058.8458251953125
596352,2.27490234375,1333684352,"{'num_conv_layers': 2, 'conv1d_0_filters': 64, 'conv1d_0_kernel_size': 5, 'conv1d_0_act': 'elu', 'pool_size_0': 2, 'conv1d_1_filters': 1024, 'conv1d_1_kernel_size': 5, 'conv1d_1_act': 'elu', 'pool_size_1': 2, 'pooling_type': 'max', 'num_dense_layers': 0, 'learning_rate': 0.007127301496701741}",5021.98193359375
531200,2.0263671875,1074612352,"{'num_conv_layers': 2, 'conv1d_0_filters': 64, 'conv1d_0_kernel_size': 6, 'conv1d_0_act': 'tanh', 'pool_size_0': 2, 'conv1d_1_filters': 1024, 'conv1d_1_kernel_size': 4, 'conv1d_1_act': 'tanh', 'pool_size_1': 2, 'pooling_type': 'max', 'num_dense_layers': 0, 'learning_rate': 0.009921362153069505}",5020.98779296875
16664832,63.5712890625,687014144,"{'num_conv_layers': 2, 'conv1d_0_filters': 512, 'conv1d_0_kernel_size': 5, 'conv1d_0_act': 'elu', 'pool_size_0': 4, 'conv1d_1_filters': 256, 'conv1d_1_kernel_size': 2, 'conv1d_1_act': 'sigmoid', 'pool_size_1': 4, 'pooling_type': 'flatten', 'num_dense_layers': 0, 'learning_rate': 0.0009218534903238211}",5016.6748046875
514604,1.9630584716796875,1613963820,"{'num_conv_layers': 2, 'conv1d_0_filters': 512, 'conv1d_0_kernel_size': 1, 'conv1d_0_act': 'gelu', 'pool_size_0': 2, 'conv1d_1_filters': 128, 'conv1d_1_kernel_size': 6, 'conv1d_1_act': 'gelu', 'pool_size_1': 3, 'pooling_type': 'max', 'num_dense_layers': 1, 'dense_0_units': 300, 'dense_0_dropout': 0.30000000000000004, 'dense_0_act': 'relu', 'learning_rate': 0.0006100605540631991}",4999.871765136719
1588992,6.0615234375,3590302720,"{'num_conv_layers': 2, 'conv1d_0_filters': 256, 'conv1d_0_kernel_size': 7, 'conv1d_0_act': 'silu', 'pool_size_0': 3, 'conv1d_1_filters': 1024, 'conv1d_1_kernel_size': 5, 'conv1d_1_act': 'relu', 'pool_size_1': 3, 'pooling_type': 'max', 'num_dense_layers': 0, 'learning_rate': 0.00020773702434711142}",4987.7490234375
1224523,4.671184539794922,3176927563,"{'num_conv_layers': 2, 'conv1d_0_filters': 512, 'conv1d_0_kernel_size': 1, 'conv1d_0_act': 'relu', 'pool_size_0': 3, 'conv1d_1_filters': 256, 'conv1d_1_kernel_size': 9, 'conv1d_1_act': 'sigmoid', 'pool_size_1': 3, 'pooling_type': 'max', 'num_dense_layers': 1, 'dense_0_units': 75, 'dense_0_dropout': 0.0, 'dense_0_act': 'sigmoid', 'learning_rate': 0.0002280126447168253}",4982.39762878418
736512,2.8095703125,1857053952,"{'num_conv_layers': 2, 'conv1d_0_filters': 512, 'conv1d_0_kernel_size': 4, 'conv1d_0_act': 'silu', 'pool_size_0': 3, 'conv1d_1_filters': 256, 'conv1d_1_kernel_size': 5, 'conv1d_1_act': 'tanh', 'pool_size_1': 3, 'pooling_type': 'max', 'num_dense_layers': 0, 'learning_rate': 0.0002269775234841757}",4974.8779296875
471296,1.7978515625,1139063040,"{'num_conv_layers': 2, 'conv1d_0_filters': 512, 'conv1d_0_kernel_size': 3, 'conv1d_0_act': 'gelu', 'pool_size_0': 3, 'conv1d_1_filters': 256, 'conv1d_1_kernel_size': 3, 'conv1d_1_act': 'gelu', 'pool_size_1': 3, 'pooling_type': 'max', 'num_dense_layers': 0, 'learning_rate': 0.0002749522697640651}",4970.8310546875
25636658,97.79608917236328,229566358,"{'num_conv_layers': 1, 'conv1d_0_filters': 512, 'conv1d_0_kernel_size': 7, 'conv1d_0_act': 'sigmoid', 'pool_size_0': 4, 'pooling_type': 'flatten', 'num_dense_layers': 1, 'dense_0_units': 50, 'dense_0_dropout': 0.4, 'dense_0_act': 'silu', 'learning_rate': 0.00026158198978851313}",4966.153106689453
1060096,4.0439453125,2155004928,"{'num_conv_layers': 2, 'conv1d_0_filters': 256, 'conv1d_0_kernel_size': 4, 'conv1d_0_act': 'none', 'pool_size_0': 3, 'conv1d_1_filters': 1024, 'conv1d_1_kernel_size': 3, 'conv1d_1_act': 'relu', 'pool_size_1': 1, 'pooling_type': 'average', 'num_dense_layers': 0, 'learning_rate': 0.00038682513063011646}",4924.1787109375
665644,2.5392303466796875,823373276,"{'num_conv_layers': 2, 'conv1d_0_filters': 256, 'conv1d_0_kernel_size': 9, 'conv1d_0_act': 'tanh', 'pool_size_0': 3, 'conv1d_1_filters': 1024, 'conv1d_1_kernel_size': 1, 'conv1d_1_act': 'gelu', 'pool_size_1': 4, 'pooling_type': 'average', 'num_dense_layers': 1, 'dense_0_units': 300, 'dense_0_dropout': 0.2, 'dense_0_act': 'gelu', 'learning_rate': 0.0025804304394489467}",4918.599304199219
1053440,4.0185546875,3689900288,"{'num_conv_layers': 2, 'conv1d_0_filters': 256, 'conv1d_0_kernel_size': 1, 'conv1d_0_act': 'tanh', 'pool_size_0': 2, 'conv1d_1_filters': 512, 'conv1d_1_kernel_size': 7, 'conv1d_1_act': 'relu', 'pool_size_1': 1, 'pooling_type': 'average', 'num_dense_layers': 0, 'learning_rate': 0.0019322050443419667}",4841.2138671875
1021996,3.8986053466796875,3165811244,"{'num_conv_layers': 2, 'conv1d_0_filters': 256, 'conv1d_0_kernel_size': 1, 'conv1d_0_act': 'elu', 'pool_size_0': 2, 'conv1d_1_filters': 512, 'conv1d_1_kernel_size': 6, 'conv1d_1_act': 'elu', 'pool_size_1': 1, 'pooling_type': 'average', 'num_dense_layers': 1, 'dense_0_units': 300, 'dense_0_dropout': 0.2, 'dense_0_act': 'none', 'learning_rate': 0.005079762400209407}",4841.027038574219
422900,1.6132354736328125,295077492,"{'num_conv_layers': 2, 'conv1d_0_filters': 64, 'conv1d_0_kernel_size': 8, 'conv1d_0_act': 'silu', 'pool_size_0': 1, 'conv1d_1_filters': 512, 'conv1d_1_kernel_size': 1, 'conv1d_1_act': 'elu', 'pool_size_1': 4, 'pooling_type': 'max', 'num_dense_layers': 1, 'dense_0_units': 500, 'dense_0_dropout': 0.4, 'dense_0_act': 'relu', 'learning_rate': 0.0018239607094079058}",4832.329406738281
440033,1.6785926818847656,1069567969,"{'num_conv_layers': 2, 'conv1d_0_filters': 256, 'conv1d_0_kernel_size': 1, 'conv1d_0_act': 'sigmoid', 'pool_size_0': 2, 'conv1d_1_filters': 512, 'conv1d_1_kernel_size': 2, 'conv1d_1_act': 'silu', 'pool_size_1': 1, 'pooling_type': 'max', 'num_dense_layers': 1, 'dense_0_units': 225, 'dense_0_dropout': 0.30000000000000004, 'dense_0_act': 'tanh', 'learning_rate': 0.00022681222253069996}",4832.183609008789
93696,0.357421875,343109760,"{'num_conv_layers': 2, 'conv1d_0_filters': 512, 'conv1d_0_kernel_size': 3, 'conv1d_0_act': 'relu', 'pool_size_0': 2, 'conv1d_1_filters': 64, 'conv1d_1_kernel_size': 2, 'conv1d_1_act': 'gelu', 'pool_size_1': 1, 'pooling_type': 'max', 'num_dense_layers': 0, 'learning_rate': 0.0037259971317845}",4826.35498046875
204288,0.779296875,834160256,"{'num_conv_layers': 2, 'conv1d_0_filters': 512, 'conv1d_0_kernel_size': 7, 'conv1d_0_act': 'tanh', 'pool_size_0': 2, 'conv1d_1_filters': 64, 'conv1d_1_kernel_size': 5, 'conv1d_1_act': 'elu', 'pool_size_1': 3, 'pooling_type': 'average', 'num_dense_layers': 0, 'learning_rate': 0.008990531260504203}",4786.35498046875
12814873,48.88486099243164,81073483,"{'num_conv_layers': 1, 'conv1d_0_filters': 512, 'conv1d_0_kernel_size': 2, 'conv1d_0_act': 'sigmoid', 'pool_size_0': 4, 'pooling_type': 'flatten', 'num_dense_layers': 1, 'dense_0_units': 25, 'dense_0_dropout': 0.5, 'dense_0_act': 'silu', 'learning_rate': 0.0048818548988512536}",4770.471572875977
107264,0.4091796875,231610368,"{'num_conv_layers': 2, 'conv1d_0_filters': 512, 'conv1d_0_kernel_size': 2, 'conv1d_0_act': 'elu', 'pool_size_0': 3, 'conv1d_1_filters': 128, 'conv1d_1_kernel_size': 1, 'conv1d_1_act': 'gelu', 'pool_size_1': 1, 'pooling_type': 'average', 'num_dense_layers': 0, 'learning_rate': 0.005999966520228542}",4743.091796875
824514,3.1452713012695312,4737905858,"{'num_conv_layers': 2, 'conv1d_0_filters': 256, 'conv1d_0_kernel_size': 1, 'conv1d_0_act': 'sigmoid', 'pool_size_0': 1, 'conv1d_1_filters': 256, 'conv1d_1_kernel_size': 9, 'conv1d_1_act': 'elu', 'pool_size_1': 4, 'pooling_type': 'average', 'num_dense_layers': 1, 'dense_0_units': 450, 'dense_0_dropout': 0.30000000000000004, 'dense_0_act': 'tanh', 'learning_rate': 0.009220802287155397}",4713.260772705078
203008,0.7744140625,293929216,"{'num_conv_layers': 2, 'conv1d_0_filters': 512, 'conv1d_0_kernel_size': 1, 'conv1d_0_act': 'elu', 'pool_size_0': 4, 'conv1d_1_filters': 256, 'conv1d_1_kernel_size': 1, 'conv1d_1_act': 'none', 'pool_size_1': 2, 'pooling_type': 'max', 'num_dense_layers': 0, 'learning_rate': 0.00038379855097547203}",4640.6123046875
337552,1.28765869140625,229131408,"{'num_conv_layers': 1, 'conv1d_0_filters': 512, 'conv1d_0_kernel_size': 9, 'conv1d_0_act': 'sigmoid', 'pool_size_0': 2, 'pooling_type': 'average', 'num_dense_layers': 1, 'dense_0_units': 400, 'dense_0_dropout': 0.4, 'dense_0_act': 'relu', 'learning_rate': 0.0005520661641617323}",4580.882080078125
298746,1.1396255493164062,428901626,"{'num_conv_layers': 2, 'conv1d_0_filters': 512, 'conv1d_0_kernel_size': 1, 'conv1d_0_act': 'silu', 'pool_size_0': 4, 'conv1d_1_filters': 128, 'conv1d_1_kernel_size': 3, 'conv1d_1_act': 'sigmoid', 'pool_size_1': 1, 'pooling_type': 'average', 'num_dense_layers': 1, 'dense_0_units': 250, 'dense_0_dropout': 0.2, 'dense_0_act': 'relu', 'learning_rate': 0.002567078588060101}",4579.879791259766
284160,1.083984375,2129093760,"{'num_conv_layers': 2, 'conv1d_0_filters': 512, 'conv1d_0_kernel_size': 1, 'conv1d_0_act': 'none', 'pool_size_0': 1, 'conv1d_1_filters': 64, 'conv1d_1_kernel_size': 8, 'conv1d_1_act': 'relu', 'pool_size_1': 1, 'pooling_type': 'average', 'num_dense_layers': 0, 'learning_rate': 0.0016196985542993245}",4579.26123046875
209914,0.8007583618164062,129573358,"{'num_conv_layers': 1, 'conv1d_0_filters': 512, 'conv1d_0_kernel_size': 5, 'conv1d_0_act': 'elu', 'pool_size_0': 2, 'pooling_type': 'max', 'num_dense_layers': 1, 'dense_0_units': 250, 'dense_0_dropout': 0.30000000000000004, 'dense_0_act': 'silu', 'learning_rate': 0.00019407391108090872}",4578.714752197266
212986,0.8124771118164062,155172858,"{'num_conv_layers': 1, 'conv1d_0_filters': 512, 'conv1d_0_kernel_size': 6, 'conv1d_0_act': 'tanh', 'pool_size_0': 2, 'pooling_type': 'average', 'num_dense_layers': 1, 'dense_0_units': 250, 'dense_0_dropout': 0.2, 'dense_0_act': 'none', 'learning_rate': 0.003640890035868002}",4578.639556884766
164527,0.6276206970214844,227761933,"{'num_conv_layers': 1, 'conv1d_0_filters': 512, 'conv1d_0_kernel_size': 9, 'conv1d_0_act': 'sigmoid', 'pool_size_0': 2, 'pooling_type': 'max', 'num_dense_layers': 1, 'dense_0_units': 175, 'dense_0_dropout': 0.5, 'dense_0_act': 'silu', 'learning_rate': 0.0003794461699452609}",4577.912338256836
149167,0.5690269470214844,113073583,"{'num_conv_layers': 1, 'conv1d_0_filters': 512, 'conv1d_0_kernel_size': 4, 'conv1d_0_act': 'gelu', 'pool_size_0': 2, 'pooling_type': 'max', 'num_dense_layers': 1, 'dense_0_units': 175, 'dense_0_dropout': 0.4, 'dense_0_act': 'elu', 'learning_rate': 0.00011676050095516965}",4577.677963256836
157952,0.6025390625,203178752,"{'num_conv_layers': 1, 'conv1d_0_filters': 512, 'conv1d_0_kernel_size': 8, 'conv1d_0_act': 'sigmoid', 'pool_size_0': 2, 'pooling_type': 'max', 'num_dense_layers': 0, 'learning_rate': 0.004949107684216589}",4577.5556640625
157952,0.6025390625,203178752,"{'num_conv_layers': 1, 'conv1d_0_filters': 512, 'conv1d_0_kernel_size': 8, 'conv1d_0_act': 'elu', 'pool_size_0': 2, 'pooling_type': 'max', 'num_dense_layers': 0, 'learning_rate': 0.002509949122116104}",4577.5556640625
154880,0.5908203125,178602752,"{'num_conv_layers': 1, 'conv1d_0_filters': 512, 'conv1d_0_kernel_size': 7, 'conv1d_0_act': 'relu', 'pool_size_0': 2, 'pooling_type': 'max', 'num_dense_layers': 0, 'learning_rate': 0.000661027178733163}",4577.5087890625
154880,0.5908203125,178602752,"{'num_conv_layers': 1, 'conv1d_0_filters': 512, 'conv1d_0_kernel_size': 7, 'conv1d_0_act': 'tanh', 'pool_size_0': 2, 'pooling_type': 'max', 'num_dense_layers': 0, 'learning_rate': 0.0002208161992327676}",4577.5087890625
151808,0.5791015625,155050752,"{'num_conv_layers': 1, 'conv1d_0_filters': 512, 'conv1d_0_kernel_size': 6, 'conv1d_0_act': 'elu', 'pool_size_0': 2, 'pooling_type': 'average', 'num_dense_layers': 0, 'learning_rate': 0.00321673790258876}",4577.4619140625
139520,0.5322265625,56746752,"{'num_conv_layers': 1, 'conv1d_0_filters': 512, 'conv1d_0_kernel_size': 2, 'conv1d_0_act': 'tanh', 'pool_size_0': 2, 'pooling_type': 'average', 'num_dense_layers': 0, 'learning_rate': 0.00016037859420511193}",4577.2744140625
123798,0.47225189208984375,63883158,"{'num_conv_layers': 1, 'conv1d_0_filters': 512, 'conv1d_0_kernel_size': 2, 'conv1d_0_act': 'gelu', 'pool_size_0': 2, 'pooling_type': 'max', 'num_dense_layers': 1, 'dense_0_units': 150, 'dense_0_dropout': 0.4, 'dense_0_act': 'none', 'learning_rate': 0.006585015147181764}",4577.180999755859
94564,0.3607330322265625,134462308,"{'num_conv_layers': 1, 'conv1d_0_filters': 512, 'conv1d_0_kernel_size': 5, 'conv1d_0_act': 'silu', 'pool_size_0': 2, 'pooling_type': 'average', 'num_dense_layers': 1, 'dense_0_units': 100, 'dense_0_dropout': 0.30000000000000004, 'dense_0_act': 'relu', 'learning_rate': 0.00043620372259844877}",4576.734924316406
221885,0.8464241027832031,566663165,"{'num_conv_layers': 2, 'conv1d_0_filters': 512, 'conv1d_0_kernel_size': 5, 'conv1d_0_act': 'relu', 'pool_size_0': 3, 'conv1d_1_filters': 64, 'conv1d_1_kernel_size': 5, 'conv1d_1_act': 'gelu', 'pool_size_1': 2, 'pooling_type': 'max', 'num_dense_layers': 1, 'dense_0_units': 125, 'dense_0_dropout': 0.5, 'dense_0_act': 'sigmoid', 'learning_rate': 0.0079138524566553}",4557.525344848633
356051,1.3582267761230469,730220947,"{'num_conv_layers': 2, 'conv1d_0_filters': 512, 'conv1d_0_kernel_size': 1, 'conv1d_0_act': 'relu', 'pool_size_0': 3, 'conv1d_1_filters': 64, 'conv1d_1_kernel_size': 8, 'conv1d_1_act': 'tanh', 'pool_size_1': 3, 'pooling_type': 'average', 'num_dense_layers': 1, 'dense_0_units': 275, 'dense_0_dropout': 0.2, 'dense_0_act': 'sigmoid', 'learning_rate': 0.0007131148253469675}",4552.854782104492
383123,1.4614982604980469,629496851,"{'num_conv_layers': 2, 'conv1d_0_filters': 512, 'conv1d_0_kernel_size': 4, 'conv1d_0_act': 'elu', 'pool_size_0': 4, 'conv1d_1_filters': 128, 'conv1d_1_kernel_size': 4, 'conv1d_1_act': 'sigmoid', 'pool_size_1': 2, 'pooling_type': 'max', 'num_dense_layers': 1, 'dense_0_units': 275, 'dense_0_dropout': 0.1, 'dense_0_act': 'none', 'learning_rate': 0.00023782345703051244}",4549.819625854492
306944,1.1708984375,604838912,"{'num_conv_layers': 2, 'conv1d_0_filters': 512, 'conv1d_0_kernel_size': 3, 'conv1d_0_act': 'relu', 'pool_size_0': 4, 'conv1d_1_filters': 128, 'conv1d_1_kernel_size': 4, 'conv1d_1_act': 'tanh', 'pool_size_1': 2, 'pooling_type': 'average', 'num_dense_layers': 0, 'learning_rate': 0.0005410228367643912}",4548.388671875
784322,2.9919509887695312,1334143298,"{'num_conv_layers': 2, 'conv1d_0_filters': 512, 'conv1d_0_kernel_size': 6, 'conv1d_0_act': 'tanh', 'pool_size_0': 4, 'conv1d_1_filters': 128, 'conv1d_1_kernel_size': 9, 'conv1d_1_act': 'sigmoid', 'pool_size_1': 3, 'pooling_type': 'max', 'num_dense_layers': 1, 'dense_0_units': 450, 'dense_0_dropout': 0.0, 'dense_0_act': 'sigmoid', 'learning_rate': 0.0011907969638543848}",4545.674835205078
354148,1.3509674072265625,989471908,"{'num_conv_layers': 2, 'conv1d_0_filters': 512, 'conv1d_0_kernel_size': 8, 'conv1d_0_act': 'sigmoid', 'pool_size_0': 3, 'conv1d_1_filters': 64, 'conv1d_1_kernel_size': 9, 'conv1d_1_act': 'none', 'pool_size_1': 1, 'pooling_type': 'max', 'num_dense_layers': 1, 'dense_0_units': 100, 'dense_0_dropout': 0.0, 'dense_0_act': 'elu', 'learning_rate': 0.0008322089938288097}",4538.645568847656
581161,2.2169532775878906,965740201,"{'num_conv_layers': 2, 'conv1d_0_filters': 512, 'conv1d_0_kernel_size': 7, 'conv1d_0_act': 'tanh', 'pool_size_0': 4, 'conv1d_1_filters': 128, 'conv1d_1_kernel_size': 6, 'conv1d_1_act': 'silu', 'pool_size_1': 4, 'pooling_type': 'max', 'num_dense_layers': 1, 'dense_0_units': 425, 'dense_0_dropout': 0.30000000000000004, 'dense_0_act': 'tanh', 'learning_rate': 0.0003987011557101532}",4537.570449829102
661760,2.5244140625,2134784256,"{'num_conv_layers': 2, 'conv1d_0_filters': 256, 'conv1d_0_kernel_size': 2, 'conv1d_0_act': 'gelu', 'pool_size_0': 2, 'conv1d_1_filters': 512, 'conv1d_1_kernel_size': 4, 'conv1d_1_act': 'silu', 'pool_size_1': 3, 'pooling_type': 'average', 'num_dense_layers': 0, 'learning_rate': 0.0008095819576355557}",4501.7373046875
67929,0.2591285705566406,268661017,"{'num_conv_layers': 2, 'conv1d_0_filters': 512, 'conv1d_0_kernel_size': 8, 'conv1d_0_act': 'tanh', 'pool_size_0': 4, 'conv1d_1_filters': 64, 'conv1d_1_kernel_size': 1, 'conv1d_1_act': 'relu', 'pool_size_1': 2, 'pooling_type': 'max', 'num_dense_layers': 1, 'dense_0_units': 25, 'dense_0_dropout': 0.0, 'dense_0_act': 'tanh', 'learning_rate': 0.001709056988106553}",4435.361221313477
223643,0.8531303405761719,162602715,"{'num_conv_layers': 2, 'conv1d_0_filters': 512, 'conv1d_0_kernel_size': 1, 'conv1d_0_act': 'elu', 'pool_size_0': 4, 'conv1d_1_filters': 64, 'conv1d_1_kernel_size': 2, 'conv1d_1_act': 'silu', 'pool_size_1': 3, 'pooling_type': 'average', 'num_dense_layers': 1, 'dense_0_units': 475, 'dense_0_dropout': 0.2, 'dense_0_act': 'tanh', 'learning_rate': 0.0007715398685285395}",4433.189865112305
783941,2.990497589111328,4258968389,"{'num_conv_layers': 2, 'conv1d_0_filters': 128, 'conv1d_0_kernel_size': 9, 'conv1d_0_act': 'silu', 'pool_size_0': 1, 'conv1d_1_filters': 512, 'conv1d_1_kernel_size': 8, 'conv1d_1_act': 'none', 'pool_size_1': 3, 'pooling_type': 'max', 'num_dense_layers': 1, 'dense_0_units': 325, 'dense_0_dropout': 0.0, 'dense_0_act': 'relu', 'learning_rate': 0.00033755386813540963}",4420.671951293945
369858,1.4108963012695312,179033546,"{'num_conv_layers': 1, 'conv1d_0_filters': 512, 'conv1d_0_kernel_size': 7, 'conv1d_0_act': 'tanh', 'pool_size_0': 3, 'pooling_type': 'max', 'num_dense_layers': 1, 'dense_0_units': 450, 'dense_0_dropout': 0.0, 'dense_0_act': 'gelu', 'learning_rate': 0.0015907384514125954}",4414.478546142578
331408,1.26422119140625,178955696,"{'num_conv_layers': 1, 'conv1d_0_filters': 512, 'conv1d_0_kernel_size': 7, 'conv1d_0_act': 'tanh', 'pool_size_0': 3, 'pooling_type': 'max', 'num_dense_layers': 1, 'dense_0_units': 400, 'dense_0_dropout': 0.0, 'dense_0_act': 'silu', 'learning_rate': 0.00013317579295391303}",4413.843017578125
318327,1.2143211364746094,228068471,"{'num_conv_layers': 1, 'conv1d_0_filters': 512, 'conv1d_0_kernel_size': 9, 'conv1d_0_act': 'relu', 'pool_size_0': 3, 'pooling_type': 'max', 'num_dense_layers': 1, 'dense_0_units': 375, 'dense_0_dropout': 0.5, 'dense_0_act': 'elu', 'learning_rate': 0.0012097653522765682}",4413.802108764648
299102,1.1409835815429688,228030046,"{'num_conv_layers': 1, 'conv1d_0_filters': 512, 'conv1d_0_kernel_size': 9, 'conv1d_0_act': 'sigmoid', 'pool_size_0': 3, 'pooling_type': 'max', 'num_dense_layers': 1, 'dense_0_units': 350, 'dense_0_dropout': 0.4, 'dense_0_act': 'sigmoid', 'learning_rate': 0.002517983804450612}",4413.472137451172
161455,0.6159019470214844,203867567,"{'num_conv_layers': 1, 'conv1d_0_filters': 512, 'conv1d_0_kernel_size': 8, 'conv1d_0_act': 'sigmoid', 'pool_size_0': 3, 'pooling_type': 'average', 'num_dense_layers': 1, 'dense_0_units': 175, 'dense_0_dropout': 0.0, 'dense_0_act': 'none', 'learning_rate': 0.007329313279440422}",4410.944564819336
148736,0.5673828125,137642240,"{'num_conv_layers': 1, 'conv1d_0_filters': 512, 'conv1d_0_kernel_size': 5, 'conv1d_0_act': 'gelu', 'pool_size_0': 3, 'pooling_type': 'max', 'num_dense_layers': 0, 'learning_rate': 0.0002040167191642788}",4410.6650390625
148736,0.5673828125,133546240,"{'num_conv_layers': 1, 'conv1d_0_filters': 512, 'conv1d_0_kernel_size': 5, 'conv1d_0_act': 'silu', 'pool_size_0': 3, 'pooling_type': 'max', 'num_dense_layers': 0, 'learning_rate': 0.00014586480983588918}",4410.6650390625
110717,0.4223518371582031,104804221,"{'num_conv_layers': 1, 'conv1d_0_filters': 512, 'conv1d_0_kernel_size': 4, 'conv1d_0_act': 'sigmoid', 'pool_size_0': 3, 'pooling_type': 'max', 'num_dense_layers': 1, 'dense_0_units': 125, 'dense_0_dropout': 0.4, 'dense_0_act': 'tanh', 'learning_rate': 0.008315986099320404}",4410.268020629883
85348,0.3255767822265625,56296492,"{'num_conv_layers': 1, 'conv1d_0_filters': 512, 'conv1d_0_kernel_size': 2, 'conv1d_0_act': 'elu', 'pool_size_0': 3, 'pooling_type': 'average', 'num_dense_layers': 1, 'dense_0_units': 100, 'dense_0_dropout': 0.2, 'dense_0_act': 'silu', 'learning_rate': 0.00012060921093226461}",4409.844299316406
242365,0.9245491027832031,432597617,"{'num_conv_layers': 2, 'conv1d_0_filters': 512, 'conv1d_0_kernel_size': 1, 'conv1d_0_act': 'gelu', 'pool_size_0': 4, 'conv1d_1_filters': 64, 'conv1d_1_kernel_size': 6, 'conv1d_1_act': 'none', 'pool_size_1': 2, 'pooling_type': 'average', 'num_dense_layers': 1, 'dense_0_units': 125, 'dense_0_dropout': 0.0, 'dense_0_act': 'gelu', 'learning_rate': 0.0015806741087116966}",4406.870559692383
396020,1.5106964111328125,81318108,"{'num_conv_layers': 1, 'conv1d_0_filters': 512, 'conv1d_0_kernel_size': 3, 'conv1d_0_act': 'elu', 'pool_size_0': 4, 'pooling_type': 'average', 'num_dense_layers': 1, 'dense_0_units': 500, 'dense_0_dropout': 0.1, 'dense_0_act': 'silu', 'learning_rate': 0.005068846516052106}",4331.920715332031
276805,1.0559272766113281,203928133,"{'num_conv_layers': 1, 'conv1d_0_filters': 512, 'conv1d_0_kernel_size': 8, 'conv1d_0_act': 'sigmoid', 'pool_size_0': 4, 'pooling_type': 'average', 'num_dense_layers': 1, 'dense_0_units': 325, 'dense_0_dropout': 0.30000000000000004, 'dense_0_act': 'elu', 'learning_rate': 0.0011007313397193024}",4329.845291137695
222202,0.8476333618164062,227876858,"{'num_conv_layers': 1, 'conv1d_0_filters': 512, 'conv1d_0_kernel_size': 9, 'conv1d_0_act': 'sigmoid', 'pool_size_0': 4, 'pooling_type': 'max', 'num_dense_layers': 1, 'dense_0_units': 250, 'dense_0_dropout': 0.4, 'dense_0_act': 'none', 'learning_rate': 0.0002437354546663202}",4328.780181884766
161455,0.6159019470214844,207793583,"{'num_conv_layers': 1, 'conv1d_0_filters': 512, 'conv1d_0_kernel_size': 8, 'conv1d_0_act': 'silu', 'pool_size_0': 4, 'pooling_type': 'average', 'num_dense_layers': 1, 'dense_0_units': 175, 'dense_0_dropout': 0.0, 'dense_0_act': 'elu', 'learning_rate': 0.004097492756389078}",4327.780014038086
161024,0.6142578125,228266752,"{'num_conv_layers': 1, 'conv1d_0_filters': 512, 'conv1d_0_kernel_size': 9, 'conv1d_0_act': 'sigmoid', 'pool_size_0': 4, 'pooling_type': 'average', 'num_dense_layers': 0, 'learning_rate': 0.008928481196524653}",4327.6025390625
151808,0.5791015625,154538752,"{'num_conv_layers': 1, 'conv1d_0_filters': 512, 'conv1d_0_kernel_size': 6, 'conv1d_0_act': 'relu', 'pool_size_0': 4, 'pooling_type': 'average', 'num_dense_layers': 0, 'learning_rate': 0.0063796004709619275}",4327.4619140625
151808,0.5791015625,154538752,"{'num_conv_layers': 1, 'conv1d_0_filters': 512, 'conv1d_0_kernel_size': 6, 'conv1d_0_act': 'sigmoid', 'pool_size_0': 4, 'pooling_type': 'average', 'num_dense_layers': 0, 'learning_rate': 0.00019267634673193415}",4327.4619140625
151808,0.5791015625,162218752,"{'num_conv_layers': 1, 'conv1d_0_filters': 512, 'conv1d_0_kernel_size': 6, 'conv1d_0_act': 'gelu', 'pool_size_0': 4, 'pooling_type': 'max', 'num_dense_layers': 0, 'learning_rate': 0.0016748814687494332}",4327.4619140625
145664,0.5556640625,105386752,"{'num_conv_layers': 1, 'conv1d_0_filters': 512, 'conv1d_0_kernel_size': 4, 'conv1d_0_act': 'sigmoid', 'pool_size_0': 4, 'pooling_type': 'average', 'num_dense_layers': 0, 'learning_rate': 0.007827815433459293}",4327.3681640625
136448,0.5205078125,31658752,"{'num_conv_layers': 1, 'conv1d_0_filters': 512, 'conv1d_0_kernel_size': 1, 'conv1d_0_act': 'tanh', 'pool_size_0': 4, 'pooling_type': 'average', 'num_dense_layers': 0, 'learning_rate': 0.0010674002361034122}",4327.2275390625
85348,0.3255767822265625,56126708,"{'num_conv_layers': 1, 'conv1d_0_filters': 512, 'conv1d_0_kernel_size': 2, 'conv1d_0_act': 'sigmoid', 'pool_size_0': 4, 'pooling_type': 'average', 'num_dense_layers': 1, 'dense_0_units': 100, 'dense_0_dropout': 0.30000000000000004, 'dense_0_act': 'gelu', 'learning_rate': 0.001038301110432973}",4326.594299316406
65330,0.24921417236328125,202993458,"{'num_conv_layers': 1, 'conv1d_0_filters': 512, 'conv1d_0_kernel_size': 8, 'conv1d_0_act': 'elu', 'pool_size_0': 4, 'pooling_type': 'max', 'num_dense_layers': 1, 'dense_0_units': 50, 'dense_0_dropout': 0.5, 'dense_0_act': 'none', 'learning_rate': 0.00011502722864914337}",4326.191192626953
59186,0.22577667236328125,153841458,"{'num_conv_layers': 1, 'conv1d_0_filters': 512, 'conv1d_0_kernel_size': 6, 'conv1d_0_act': 'sigmoid', 'pool_size_0': 4, 'pooling_type': 'max', 'num_dense_layers': 1, 'dense_0_units': 50, 'dense_0_dropout': 0.2, 'dense_0_act': 'tanh', 'learning_rate': 0.002319416671525229}",4326.121856689453
131074304,500.0087890625,277154304,"{'num_conv_layers': 1, 'conv1d_0_filters': 128, 'conv1d_0_kernel_size': 2, 'conv1d_0_act': 'silu', 'pool_size_0': 1, 'pooling_type': 'flatten', 'num_dense_layers': 0, 'learning_rate': 0.0011688509488435182}",4324.939453125
534528,2.0390625,1099954688,"{'num_conv_layers': 2, 'conv1d_0_filters': 128, 'conv1d_0_kernel_size': 7, 'conv1d_0_act': 'tanh', 'pool_size_0': 2, 'conv1d_1_filters': 1024, 'conv1d_1_kernel_size': 2, 'conv1d_1_act': 'none', 'pool_size_1': 3, 'pooling_type': 'max', 'num_dense_layers': 0, 'learning_rate': 0.00012180235260377129}",4291.537109375
1843456,7.0322265625,4225690624,"{'num_conv_layers': 2, 'conv1d_0_filters': 256, 'conv1d_0_kernel_size': 2, 'conv1d_0_act': 'relu', 'pool_size_0': 3, 'conv1d_1_filters': 1024, 'conv1d_1_kernel_size': 6, 'conv1d_1_act': 'none', 'pool_size_1': 4, 'pooling_type': 'max', 'num_dense_layers': 0, 'learning_rate': 0.0017544020397987235}",4269.6318359375
823421,3.141101837158203,1777884157,"{'num_conv_layers': 2, 'conv1d_0_filters': 128, 'conv1d_0_kernel_size': 4, 'conv1d_0_act': 'sigmoid', 'pool_size_0': 3, 'conv1d_1_filters': 1024, 'conv1d_1_kernel_size': 5, 'conv1d_1_act': 'elu', 'pool_size_1': 2, 'pooling_type': 'max', 'num_dense_layers': 1, 'dense_0_units': 125, 'dense_0_dropout': 0.30000000000000004, 'dense_0_act': 'sigmoid', 'learning_rate': 0.006057995762039978}",4253.940872192383
87374592,333.3076171875,288545792,"{'num_conv_layers': 1, 'conv1d_0_filters': 256, 'conv1d_0_kernel_size': 9, 'conv1d_0_act': 'elu', 'pool_size_0': 3, 'pooling_type': 'flatten', 'num_dense_layers': 0, 'learning_rate': 0.006880550540754219}",4241.3818359375
87373056,333.3017578125,278305792,"{'num_conv_layers': 1, 'conv1d_0_filters': 256, 'conv1d_0_kernel_size': 8, 'conv1d_0_act': 'silu', 'pool_size_0': 3, 'pooling_type': 'flatten', 'num_dense_layers': 0, 'learning_rate': 0.004666660169587558}",4241.3583984375
87362304,333.2607421875,194337792,"{'num_conv_layers': 1, 'conv1d_0_filters': 256, 'conv1d_0_kernel_size': 1, 'conv1d_0_act': 'gelu', 'pool_size_0': 3, 'pooling_type': 'flatten', 'num_dense_layers': 0, 'learning_rate': 0.0002670028551547076}",4241.1943359375
2271869,8.666492462158203,4274665591,"{'num_conv_layers': 2, 'conv1d_0_filters': 256, 'conv1d_0_kernel_size': 6, 'conv1d_0_act': 'sigmoid', 'pool_size_0': 4, 'conv1d_1_filters': 1024, 'conv1d_1_kernel_size': 8, 'conv1d_1_act': 'none', 'pool_size_1': 1, 'pooling_type': 'max', 'num_dense_layers': 1, 'dense_0_units': 125, 'dense_0_dropout': 0.1, 'dense_0_act': 'silu', 'learning_rate': 0.0014040400565194133}",4235.227005004883
1449728,5.5302734375,4752052736,"{'num_conv_layers': 2, 'conv1d_0_filters': 128, 'conv1d_0_kernel_size': 4, 'conv1d_0_act': 'elu', 'pool_size_0': 2, 'conv1d_1_filters': 1024, 'conv1d_1_kernel_size': 9, 'conv1d_1_act': 'none', 'pool_size_1': 4, 'pooling_type': 'average', 'num_dense_layers': 0, 'learning_rate': 0.009781131899654853}",4222.501953125
966881,3.6883583068847656,1605889505,"{'num_conv_layers': 2, 'conv1d_0_filters': 512, 'conv1d_0_kernel_size': 1, 'conv1d_0_act': 'none', 'pool_size_0': 4, 'conv1d_1_filters': 512, 'conv1d_1_kernel_size': 3, 'conv1d_1_act': 'elu', 'pool_size_1': 2, 'pooling_type': 'average', 'num_dense_layers': 1, 'dense_0_units': 225, 'dense_0_dropout': 0.2, 'dense_0_act': 'sigmoid', 'learning_rate': 0.00010705816141861043}",4215.216812133789
1321728,5.0419921875,3216707584,"{'num_conv_layers': 2, 'conv1d_0_filters': 256, 'conv1d_0_kernel_size': 5, 'conv1d_0_act': 'gelu', 'pool_size_0': 3, 'conv1d_1_filters': 512, 'conv1d_1_kernel_size': 9, 'conv1d_1_act': 'relu', 'pool_size_1': 1, 'pooling_type': 'average', 'num_dense_layers': 0, 'learning_rate': 0.0001436920603040034}",4094.9326171875
358900,1.3690948486328125,811172340,"{'num_conv_layers': 2, 'conv1d_0_filters': 128, 'conv1d_0_kernel_size': 3, 'conv1d_0_act': 'tanh', 'pool_size_0': 1, 'conv1d_1_filters': 256, 'conv1d_1_kernel_size': 3, 'conv1d_1_act': 'tanh', 'pool_size_1': 1, 'pooling_type': 'average', 'num_dense_layers': 1, 'dense_0_units': 500, 'dense_0_dropout': 0.4, 'dense_0_act': 'relu', 'learning_rate': 0.00014523121272109864}",4081.2322387695312
171776,0.6552734375,842534912,"{'num_conv_layers': 2, 'conv1d_0_filters': 128, 'conv1d_0_kernel_size': 8, 'conv1d_0_act': 'silu', 'pool_size_0': 1, 'conv1d_1_filters': 256, 'conv1d_1_kernel_size': 3, 'conv1d_1_act': 'tanh', 'pool_size_1': 1, 'pooling_type': 'average', 'num_dense_layers': 0, 'learning_rate': 0.00016385322895004113}",4077.64453125
151808,0.5791015625,154026752,"{'num_conv_layers': 1, 'conv1d_0_filters': 512, 'conv1d_0_kernel_size': 6, 'conv1d_0_act': 'none', 'pool_size_0': 1, 'pooling_type': 'max', 'num_dense_layers': 0, 'learning_rate': 0.0016799991976007389}",4077.4619140625
139520,0.5322265625,55722752,"{'num_conv_layers': 1, 'conv1d_0_filters': 512, 'conv1d_0_kernel_size': 2, 'conv1d_0_act': 'none', 'pool_size_0': 1, 'pooling_type': 'max', 'num_dense_layers': 0, 'learning_rate': 0.0016292170602560275}",4077.2744140625
32839680,125.2734375,632739456,"{'num_conv_layers': 2, 'conv1d_0_filters': 256, 'conv1d_0_kernel_size': 3, 'conv1d_0_act': 'silu', 'pool_size_0': 1, 'conv1d_1_filters': 64, 'conv1d_1_kernel_size': 4, 'conv1d_1_act': 'tanh', 'pool_size_1': 2, 'pooling_type': 'flatten', 'num_dense_layers': 0, 'learning_rate': 0.0007328440847563426}",4075.99365234375
32811520,125.166015625,407459456,"{'num_conv_layers': 2, 'conv1d_0_filters': 256, 'conv1d_0_kernel_size': 6, 'conv1d_0_act': 'silu', 'pool_size_0': 1, 'conv1d_1_filters': 64, 'conv1d_1_kernel_size': 2, 'conv1d_1_act': 'relu', 'pool_size_1': 2, 'pooling_type': 'flatten', 'num_dense_layers': 0, 'learning_rate': 0.004429012893272852}",4075.56396484375
65557504,250.08203125,297123072,"{'num_conv_layers': 2, 'conv1d_0_filters': 128, 'conv1d_0_kernel_size': 5, 'conv1d_0_act': 'sigmoid', 'pool_size_0': 1, 'conv1d_1_filters': 128, 'conv1d_1_kernel_size': 1, 'conv1d_1_act': 'silu', 'pool_size_1': 2, 'pooling_type': 'flatten', 'num_dense_layers': 0, 'learning_rate': 0.0019012629972996137}",4075.2294921875
15368623,58.626644134521484,1159130287,"{'num_conv_layers': 2, 'conv1d_0_filters': 512, 'conv1d_0_kernel_size': 3, 'conv1d_0_act': 'none', 'pool_size_0': 3, 'conv1d_1_filters': 128, 'conv1d_1_kernel_size': 6, 'conv1d_1_act': 'silu', 'pool_size_1': 2, 'pooling_type': 'flatten', 'num_dense_layers': 1, 'dense_0_units': 175, 'dense_0_dropout': 0.0, 'dense_0_act': 'relu', 'learning_rate': 0.0007564508481142624}",3976.007553100586
708321,2.7020301818847656,2167551969,"{'num_conv_layers': 2, 'conv1d_0_filters': 256, 'conv1d_0_kernel_size': 5, 'conv1d_0_act': 'silu', 'pool_size_0': 2, 'conv1d_1_filters': 512, 'conv1d_1_kernel_size': 4, 'conv1d_1_act': 'none', 'pool_size_1': 4, 'pooling_type': 'average', 'num_dense_layers': 1, 'dense_0_units': 225, 'dense_0_dropout': 0.4, 'dense_0_act': 'none', 'learning_rate': 0.0001282335978464667}",3961.167495727539
222864,0.85015869140625,541911440,"{'num_conv_layers': 2, 'conv1d_0_filters': 256, 'conv1d_0_kernel_size': 1, 'conv1d_0_act': 'tanh', 'pool_size_0': 1, 'conv1d_1_filters': 128, 'conv1d_1_kernel_size': 2, 'conv1d_1_act': 'elu', 'pool_size_1': 2, 'pooling_type': 'average', 'num_dense_layers': 1, 'dense_0_units': 400, 'dense_0_dropout': 0.30000000000000004, 'dense_0_act': 'tanh', 'learning_rate': 0.00011525780301129063}",3953.947509765625
146276,0.5579986572265625,855024740,"{'num_conv_layers': 2, 'conv1d_0_filters': 256, 'conv1d_0_kernel_size': 5, 'conv1d_0_act': 'sigmoid', 'pool_size_0': 1, 'conv1d_1_filters': 128, 'conv1d_1_kernel_size': 3, 'conv1d_1_act': 'gelu', 'pool_size_1': 2, 'pooling_type': 'average', 'num_dense_layers': 1, 'dense_0_units': 100, 'dense_0_dropout': 0.1, 'dense_0_act': 'tanh', 'learning_rate': 0.00011118430127995423}",3952.3394165039062
68864,0.2626953125,279269376,"{'num_conv_layers': 2, 'conv1d_0_filters': 256, 'conv1d_0_kernel_size': 1, 'conv1d_0_act': 'tanh', 'pool_size_0': 1, 'conv1d_1_filters': 128, 'conv1d_1_kernel_size': 1, 'conv1d_1_act': 'elu', 'pool_size_1': 2, 'pooling_type': 'max', 'num_dense_layers': 0, 'learning_rate': 0.0003077131144902593}",3951.01171875
1390174,5.303092956542969,3373818394,"{'num_conv_layers': 2, 'conv1d_0_filters': 512, 'conv1d_0_kernel_size': 9, 'conv1d_0_act': 'none', 'pool_size_0': 3, 'conv1d_1_filters': 256, 'conv1d_1_kernel_size': 9, 'conv1d_1_act': 'none', 'pool_size_1': 1, 'pooling_type': 'max', 'num_dense_layers': 1, 'dense_0_units': 350, 'dense_0_dropout': 0.1, 'dense_0_act': 'silu', 'learning_rate': 0.0009693286206733303}",3929.864715576172
529920,2.021484375,713391488,"{'num_conv_layers': 2, 'conv1d_0_filters': 128, 'conv1d_0_kernel_size': 1, 'conv1d_0_act': 'gelu', 'pool_size_0': 3, 'conv1d_1_filters': 1024, 'conv1d_1_kernel_size': 2, 'conv1d_1_act': 'none', 'pool_size_1': 1, 'pooling_type': 'max', 'num_dense_layers': 0, 'learning_rate': 0.00688802974002609}",3916.279296875
1321728,5.0419921875,2851432832,"{'num_conv_layers': 2, 'conv1d_0_filters': 128, 'conv1d_0_kernel_size': 8, 'conv1d_0_act': 'none', 'pool_size_0': 3, 'conv1d_1_filters': 1024, 'conv1d_1_kernel_size': 8, 'conv1d_1_act': 'tanh', 'pool_size_1': 3, 'pooling_type': 'average', 'num_dense_layers': 0, 'learning_rate': 0.0014886366203200282}",3900.361328125
176384,0.6728515625,1140581376,"{'num_conv_layers': 2, 'conv1d_0_filters': 256, 'conv1d_0_kernel_size': 7, 'conv1d_0_act': 'elu', 'pool_size_0': 1, 'conv1d_1_filters': 128, 'conv1d_1_kernel_size': 4, 'conv1d_1_act': 'silu', 'pool_size_1': 4, 'pooling_type': 'average', 'num_dense_layers': 0, 'learning_rate': 0.005712190733260914}",3890.15234375
366923,1.3997001647949219,738316235,"{'num_conv_layers': 2, 'conv1d_0_filters': 128, 'conv1d_0_kernel_size': 5, 'conv1d_0_act': 'none', 'pool_size_0': 3, 'conv1d_1_filters': 1024, 'conv1d_1_kernel_size': 2, 'conv1d_1_act': 'silu', 'pool_size_1': 3, 'pooling_type': 'max', 'num_dense_layers': 1, 'dense_0_units': 75, 'dense_0_dropout': 0.4, 'dense_0_act': 'relu', 'learning_rate': 0.0034618649462561453}",3885.9020233154297
1056512,4.0302734375,2488647168,"{'num_conv_layers': 2, 'conv1d_0_filters': 256, 'conv1d_0_kernel_size': 3, 'conv1d_0_act': 'relu', 'pool_size_0': 3, 'conv1d_1_filters': 512, 'conv1d_1_kernel_size': 7, 'conv1d_1_act': 'sigmoid', 'pool_size_1': 4, 'pooling_type': 'average', 'num_dense_layers': 0, 'learning_rate': 0.0002692094007386889}",3840.8857421875
712898,2.7194900512695312,362276354,"{'num_conv_layers': 2, 'conv1d_0_filters': 64, 'conv1d_0_kernel_size': 2, 'conv1d_0_act': 'silu', 'pool_size_0': 3, 'conv1d_1_filters': 1024, 'conv1d_1_kernel_size': 2, 'conv1d_1_act': 'relu', 'pool_size_1': 2, 'pooling_type': 'max', 'num_dense_layers': 1, 'dense_0_units': 450, 'dense_0_dropout': 0.1, 'dense_0_act': 'relu', 'learning_rate': 0.0030910417243400065}",3836.075714111328
269824,1.029296875,1096304256,"{'num_conv_layers': 2, 'conv1d_0_filters': 512, 'conv1d_0_kernel_size': 7, 'conv1d_0_act': 'none', 'pool_size_0': 2, 'conv1d_1_filters': 64, 'conv1d_1_kernel_size': 7, 'conv1d_1_act': 'elu', 'pool_size_1': 3, 'pooling_type': 'average', 'num_dense_layers': 0, 'learning_rate': 0.00010356445474899036}",3787.35498046875
108914601,415.4762306213379,256382029,"{'num_conv_layers': 1, 'conv1d_0_filters': 128, 'conv1d_0_kernel_size': 6, 'conv1d_0_act': 'elu', 'pool_size_0': 2, 'pooling_type': 'flatten', 'num_dense_layers': 1, 'dense_0_units': 425, 'dense_0_dropout': 0.30000000000000004, 'dense_0_act': 'gelu', 'learning_rate': 0.0001145201539778904}",3737.4317779541016
96182903,366.9086570739746,547427831,"{'num_conv_layers': 2, 'conv1d_0_filters': 64, 'conv1d_0_kernel_size': 8, 'conv1d_0_act': 'silu', 'pool_size_0': 2, 'conv1d_1_filters': 256, 'conv1d_1_kernel_size': 5, 'conv1d_1_act': 'none', 'pool_size_1': 2, 'pooling_type': 'flatten', 'num_dense_layers': 1, 'dense_0_units': 375, 'dense_0_dropout': 0.5, 'dense_0_act': 'relu', 'learning_rate': 0.0016269370860126444}",3730.5838470458984
779358,2.9730148315429688,2426123358,"{'num_conv_layers': 2, 'conv1d_0_filters': 256, 'conv1d_0_kernel_size': 5, 'conv1d_0_act': 'relu', 'pool_size_0': 2, 'conv1d_1_filters': 256, 'conv1d_1_kernel_size': 9, 'conv1d_1_act': 'sigmoid', 'pool_size_1': 2, 'pooling_type': 'average', 'num_dense_layers': 1, 'dense_0_units': 350, 'dense_0_dropout': 0.2, 'dense_0_act': 'elu', 'learning_rate': 0.0021343637192308123}",3712.425262451172
727552,2.775390625,2397099520,"{'num_conv_layers': 2, 'conv1d_0_filters': 128, 'conv1d_0_kernel_size': 5, 'conv1d_0_act': 'relu', 'pool_size_0': 2, 'conv1d_1_filters': 512, 'conv1d_1_kernel_size': 9, 'conv1d_1_act': 'silu', 'pool_size_1': 2, 'pooling_type': 'max', 'num_dense_layers': 0, 'learning_rate': 0.0022477379260350985}",3711.244140625
65550592,250.0556640625,242082688,"{'num_conv_layers': 2, 'conv1d_0_filters': 128, 'conv1d_0_kernel_size': 7, 'conv1d_0_act': 'tanh', 'pool_size_0': 1, 'conv1d_1_filters': 64, 'conv1d_1_kernel_size': 1, 'conv1d_1_act': 'elu', 'pool_size_1': 1, 'pooling_type': 'flatten', 'num_dense_layers': 0, 'learning_rate': 0.004324394116269185}",3700.12548828125
386267,1.4734916687011719,603445467,"{'num_conv_layers': 2, 'conv1d_0_filters': 256, 'conv1d_0_kernel_size': 6, 'conv1d_0_act': 'sigmoid', 'pool_size_0': 2, 'conv1d_1_filters': 256, 'conv1d_1_kernel_size': 2, 'conv1d_1_act': 'elu', 'pool_size_1': 3, 'pooling_type': 'average', 'num_dense_layers': 1, 'dense_0_units': 475, 'dense_0_dropout': 0.2, 'dense_0_act': 'relu', 'learning_rate': 0.0009452811820450152}",3664.8602752685547
319813,1.2199897766113281,286189519,"{'num_conv_layers': 2, 'conv1d_0_filters': 128, 'conv1d_0_kernel_size': 2, 'conv1d_0_act': 'gelu', 'pool_size_0': 2, 'conv1d_1_filters': 512, 'conv1d_1_kernel_size': 1, 'conv1d_1_act': 'gelu', 'pool_size_1': 3, 'pooling_type': 'average', 'num_dense_layers': 1, 'dense_0_units': 325, 'dense_0_dropout': 0.1, 'dense_0_act': 'silu', 'learning_rate': 0.00029684408283543317}",3621.9986114501953
409694,1.5628585815429688,321728094,"{'num_conv_layers': 2, 'conv1d_0_filters': 256, 'conv1d_0_kernel_size': 4, 'conv1d_0_act': 'gelu', 'pool_size_0': 4, 'conv1d_1_filters': 512, 'conv1d_1_kernel_size': 1, 'conv1d_1_act': 'silu', 'pool_size_1': 2, 'pooling_type': 'max', 'num_dense_layers': 1, 'dense_0_units': 350, 'dense_0_dropout': 0.2, 'dense_0_act': 'sigmoid', 'learning_rate': 0.0003746037990378067}",3581.903778076172
316747,1.2082939147949219,1166577483,"{'num_conv_layers': 2, 'conv1d_0_filters': 256, 'conv1d_0_kernel_size': 9, 'conv1d_0_act': 'silu', 'pool_size_0': 2, 'conv1d_1_filters': 256, 'conv1d_1_kernel_size': 4, 'conv1d_1_act': 'none', 'pool_size_1': 1, 'pooling_type': 'average', 'num_dense_layers': 1, 'dense_0_units': 75, 'dense_0_dropout': 0.0, 'dense_0_act': 'elu', 'learning_rate': 0.00048455199762272223}",3579.9269256591797
271104,1.0341796875,578475520,"{'num_conv_layers': 2, 'conv1d_0_filters': 128, 'conv1d_0_kernel_size': 8, 'conv1d_0_act': 'relu', 'pool_size_0': 2, 'conv1d_1_filters': 512, 'conv1d_1_kernel_size': 2, 'conv1d_1_act': 'elu', 'pool_size_1': 4, 'pooling_type': 'max', 'num_dense_layers': 0, 'learning_rate': 0.00011239767986045464}",3579.279296875
190689,0.7274208068847656,130558433,"{'num_conv_layers': 1, 'conv1d_0_filters': 512, 'conv1d_0_kernel_size': 5, 'conv1d_0_act': 'none', 'pool_size_0': 2, 'pooling_type': 'average', 'num_dense_layers': 1, 'dense_0_units': 225, 'dense_0_dropout': 0.2, 'dense_0_act': 'elu', 'learning_rate': 0.00015432154082368538}",3578.384780883789
183752,0.700958251953125,227800008,"{'num_conv_layers': 1, 'conv1d_0_filters': 512, 'conv1d_0_kernel_size': 9, 'conv1d_0_act': 'none', 'pool_size_0': 2, 'pooling_type': 'max', 'num_dense_layers': 1, 'dense_0_units': 200, 'dense_0_dropout': 0.2, 'dense_0_act': 'tanh', 'learning_rate': 0.007816133553209587}",3578.2423095703125
135296,0.51611328125,549926528,"{'num_conv_layers': 2, 'conv1d_0_filters': 64, 'conv1d_0_kernel_size': 7, 'conv1d_0_act': 'elu', 'pool_size_0': 1, 'conv1d_1_filters': 256, 'conv1d_1_kernel_size': 4, 'conv1d_1_act': 'elu', 'pool_size_1': 1, 'pooling_type': 'max', 'num_dense_layers': 0, 'learning_rate': 0.00155252795807231}",3577.08935546875
103780,0.3958892822265625,204094308,"{'num_conv_layers': 1, 'conv1d_0_filters': 512, 'conv1d_0_kernel_size': 8, 'conv1d_0_act': 'none', 'pool_size_0': 2, 'pooling_type': 'average', 'num_dense_layers': 1, 'dense_0_units': 100, 'dense_0_dropout': 0.0, 'dense_0_act': 'none', 'learning_rate': 0.006320073029080005}",3576.7778930664062
103296,0.39404296875,299046528,"{'num_conv_layers': 2, 'conv1d_0_filters': 64, 'conv1d_0_kernel_size': 9, 'conv1d_0_act': 'tanh', 'pool_size_0': 1, 'conv1d_1_filters': 256, 'conv1d_1_kernel_size': 2, 'conv1d_1_act': 'gelu', 'pool_size_1': 1, 'pooling_type': 'average', 'num_dense_layers': 0, 'learning_rate': 0.0002753355299525519}",3576.60107421875
37376,0.142578125,164036224,"{'num_conv_layers': 2, 'conv1d_0_filters': 256, 'conv1d_0_kernel_size': 2, 'conv1d_0_act': 'gelu', 'pool_size_0': 1, 'conv1d_1_filters': 64, 'conv1d_1_kernel_size': 1, 'conv1d_1_act': 'relu', 'pool_size_1': 1, 'pooling_type': 'average', 'num_dense_layers': 0, 'learning_rate': 0.000701393654451815}",3575.50146484375
361647,1.3795738220214844,279655599,"{'num_conv_layers': 2, 'conv1d_0_filters': 128, 'conv1d_0_kernel_size': 2, 'conv1d_0_act': 'sigmoid', 'pool_size_0': 4, 'conv1d_1_filters': 1024, 'conv1d_1_kernel_size': 1, 'conv1d_1_act': 'relu', 'pool_size_1': 3, 'pooling_type': 'max', 'num_dense_layers': 1, 'dense_0_units': 175, 'dense_0_dropout': 0.4, 'dense_0_act': 'none', 'learning_rate': 0.00021579397528187998}",3560.070053100586
331308,1.2638397216796875,643019692,"{'num_conv_layers': 2, 'conv1d_0_filters': 512, 'conv1d_0_kernel_size': 1, 'conv1d_0_act': 'none', 'pool_size_0': 3, 'conv1d_1_filters': 64, 'conv1d_1_kernel_size': 7, 'conv1d_1_act': 'silu', 'pool_size_1': 2, 'pooling_type': 'max', 'num_dense_layers': 1, 'dense_0_units': 300, 'dense_0_dropout': 0.30000000000000004, 'dense_0_act': 'none', 'learning_rate': 0.002614876795114507}",3559.3048706054688
1064192,4.0595703125,1938518272,"{'num_conv_layers': 2, 'conv1d_0_filters': 256, 'conv1d_0_kernel_size': 8, 'conv1d_0_act': 'elu', 'pool_size_0': 4, 'conv1d_1_filters': 512, 'conv1d_1_kernel_size': 7, 'conv1d_1_act': 'relu', 'pool_size_1': 3, 'pooling_type': 'average', 'num_dense_layers': 0, 'learning_rate': 0.000547328147286194}",3549.6279296875
354660,1.3529205322265625,629737828,"{'num_conv_layers': 2, 'conv1d_0_filters': 256, 'conv1d_0_kernel_size': 8, 'conv1d_0_act': 'sigmoid', 'pool_size_0': 4, 'conv1d_1_filters': 512, 'conv1d_1_kernel_size': 2, 'conv1d_1_act': 'gelu', 'pool_size_1': 3, 'pooling_type': 'average', 'num_dense_layers': 1, 'dense_0_units': 100, 'dense_0_dropout': 0.0, 'dense_0_act': 'elu', 'learning_rate': 0.00019418334401696054}",3538.8989868164062
267008,1.0185546875,279596288,"{'num_conv_layers': 2, 'conv1d_0_filters': 256, 'conv1d_0_kernel_size': 1, 'conv1d_0_act': 'tanh', 'pool_size_0': 4, 'conv1d_1_filters': 512, 'conv1d_1_kernel_size': 1, 'conv1d_1_act': 'tanh', 'pool_size_1': 4, 'pooling_type': 'average', 'num_dense_layers': 0, 'learning_rate': 0.0031631861514675673}",3516.7138671875
135680,0.517578125,946201472,"{'num_conv_layers': 2, 'conv1d_0_filters': 256, 'conv1d_0_kernel_size': 2, 'conv1d_0_act': 'relu', 'pool_size_0': 1, 'conv1d_1_filters': 64, 'conv1d_1_kernel_size': 7, 'conv1d_1_act': 'relu', 'pool_size_1': 3, 'pooling_type': 'average', 'num_dense_layers': 0, 'learning_rate': 0.0028617703953097394}",3493.65771484375
597888,2.28076171875,688564352,"{'num_conv_layers': 2, 'conv1d_0_filters': 64, 'conv1d_0_kernel_size': 9, 'conv1d_0_act': 'relu', 'pool_size_0': 4, 'conv1d_1_filters': 1024, 'conv1d_1_kernel_size': 5, 'conv1d_1_act': 'tanh', 'pool_size_1': 1, 'pooling_type': 'average', 'num_dense_layers': 0, 'learning_rate': 0.008987606787419965}",3490.75537109375
112673,0.4298133850097656,315507681,"{'num_conv_layers': 2, 'conv1d_0_filters': 256, 'conv1d_0_kernel_size': 4, 'conv1d_0_act': 'elu', 'pool_size_0': 1, 'conv1d_1_filters': 64, 'conv1d_1_kernel_size': 2, 'conv1d_1_act': 'sigmoid', 'pool_size_1': 4, 'pooling_type': 'average', 'num_dense_layers': 1, 'dense_0_units': 225, 'dense_0_dropout': 0.4, 'dense_0_act': 'tanh', 'learning_rate': 0.006942442535996745}",3483.229995727539
524619,2.001262664794922,1883928651,"{'num_conv_layers': 2, 'conv1d_0_filters': 128, 'conv1d_0_kernel_size': 7, 'conv1d_0_act': 'sigmoid', 'pool_size_0': 2, 'conv1d_1_filters': 512, 'conv1d_1_kernel_size': 7, 'conv1d_1_act': 'none', 'pool_size_1': 1, 'pooling_type': 'average', 'num_dense_layers': 1, 'dense_0_units': 75, 'dense_0_dropout': 0.5, 'dense_0_act': 'relu', 'learning_rate': 0.004211298955430369}",3458.2574920654297
254464,0.970703125,514501760,"{'num_conv_layers': 2, 'conv1d_0_filters': 512, 'conv1d_0_kernel_size': 2, 'conv1d_0_act': 'none', 'pool_size_0': 4, 'conv1d_1_filters': 64, 'conv1d_1_kernel_size': 7, 'conv1d_1_act': 'elu', 'pool_size_1': 1, 'pooling_type': 'average', 'num_dense_layers': 0, 'learning_rate': 0.006704379151500026}",3453.80810546875
467200,1.7822265625,1102198272,"{'num_conv_layers': 2, 'conv1d_0_filters': 256, 'conv1d_0_kernel_size': 4, 'conv1d_0_act': 'elu', 'pool_size_0': 3, 'conv1d_1_filters': 256, 'conv1d_1_kernel_size': 6, 'conv1d_1_act': 'relu', 'pool_size_1': 1, 'pooling_type': 'average', 'num_dense_layers': 0, 'learning_rate': 0.002236959495811948}",3415.2744140625
157952,0.6025390625,203178240,"{'num_conv_layers': 1, 'conv1d_0_filters': 512, 'conv1d_0_kernel_size': 8, 'conv1d_0_act': 'none', 'pool_size_0': 3, 'pooling_type': 'max', 'num_dense_layers': 0, 'learning_rate': 0.0001755024769965073}",3410.8056640625
13093270,49.946861267089844,753363394,"{'num_conv_layers': 2, 'conv1d_0_filters': 256, 'conv1d_0_kernel_size': 2, 'conv1d_0_act': 'tanh', 'pool_size_0': 3, 'conv1d_1_filters': 256, 'conv1d_1_kernel_size': 4, 'conv1d_1_act': 'none', 'pool_size_1': 4, 'pooling_type': 'flatten', 'num_dense_layers': 1, 'dense_0_units': 150, 'dense_0_dropout': 0.30000000000000004, 'dense_0_act': 'silu', 'learning_rate': 0.0008087066865315745}",3358.0276794433594
918260,3.5028839111328125,1103526644,"{'num_conv_layers': 2, 'conv1d_0_filters': 256, 'conv1d_0_kernel_size': 4, 'conv1d_0_act': 'relu', 'pool_size_0': 4, 'conv1d_1_filters': 512, 'conv1d_1_kernel_size': 4, 'conv1d_1_act': 'none', 'pool_size_1': 2, 'pooling_type': 'average', 'num_dense_layers': 1, 'dense_0_units': 500, 'dense_0_dropout': 0.30000000000000004, 'dense_0_act': 'elu', 'learning_rate': 0.0019427139967074828}",3339.8836059570312
366786,1.3991775512695312,154968258,"{'num_conv_layers': 1, 'conv1d_0_filters': 512, 'conv1d_0_kernel_size': 6, 'conv1d_0_act': 'none', 'pool_size_0': 4, 'pooling_type': 'average', 'num_dense_layers': 1, 'dense_0_units': 450, 'dense_0_dropout': 0.0, 'dense_0_act': 'relu', 'learning_rate': 0.00018787777628239612}",3331.181671142578
368709,1.4065132141113281,553497689,"{'num_conv_layers': 2, 'conv1d_0_filters': 256, 'conv1d_0_kernel_size': 2, 'conv1d_0_act': 'relu', 'pool_size_0': 3, 'conv1d_1_filters': 256, 'conv1d_1_kernel_size': 3, 'conv1d_1_act': 'tanh', 'pool_size_1': 2, 'pooling_type': 'average', 'num_dense_layers': 1, 'dense_0_units': 325, 'dense_0_dropout': 0.0, 'dense_0_act': 'gelu', 'learning_rate': 0.0011595514894297873}",3330.7139434814453
268026,1.0224380493164062,709476090,"{'num_conv_layers': 2, 'conv1d_0_filters': 256, 'conv1d_0_kernel_size': 4, 'conv1d_0_act': 'elu', 'pool_size_0': 2, 'conv1d_1_filters': 128, 'conv1d_1_kernel_size': 5, 'conv1d_1_act': 'silu', 'pool_size_1': 1, 'pooling_type': 'average', 'num_dense_layers': 1, 'dense_0_units': 250, 'dense_0_dropout': 0.2, 'dense_0_act': 'sigmoid', 'learning_rate': 0.00014935832537135406}",3329.4169006347656
154880,0.5908203125,178602752,"{'num_conv_layers': 1, 'conv1d_0_filters': 512, 'conv1d_0_kernel_size': 7, 'conv1d_0_act': 'none', 'pool_size_0': 4, 'pooling_type': 'max', 'num_dense_layers': 0, 'learning_rate': 0.0013568082847202957}",3327.5087890625
81483,0.3108329772949219,178455883,"{'num_conv_layers': 1, 'conv1d_0_filters': 512, 'conv1d_0_kernel_size': 7, 'conv1d_0_act': 'none', 'pool_size_0': 4, 'pooling_type': 'max', 'num_dense_layers': 1, 'dense_0_units': 75, 'dense_0_dropout': 0.30000000000000004, 'dense_0_act': 'relu', 'learning_rate': 0.0012116766480228362}",3326.4987030029297
394440,1.504669189453125,287911624,"{'num_conv_layers': 2, 'conv1d_0_filters': 128, 'conv1d_0_kernel_size': 3, 'conv1d_0_act': 'none', 'pool_size_0': 4, 'conv1d_1_filters': 1024, 'conv1d_1_kernel_size': 1, 'conv1d_1_act': 'silu', 'pool_size_1': 3, 'pooling_type': 'max', 'num_dense_layers': 1, 'dense_0_units': 200, 'dense_0_dropout': 0.2, 'dense_0_act': 'elu', 'learning_rate': 0.0002098648705425052}",3310.6925048828125
25626443,97.75712203979492,152764491,"{'num_conv_layers': 1, 'conv1d_0_filters': 256, 'conv1d_0_kernel_size': 8, 'conv1d_0_act': 'relu', 'pool_size_0': 3, 'pooling_type': 'flatten', 'num_dense_layers': 1, 'dense_0_units': 75, 'dense_0_dropout': 0.30000000000000004, 'dense_0_act': 'none', 'learning_rate': 0.002063939911218935}",3299.2530975341797
660224,2.5185546875,1068118272,"{'num_conv_layers': 2, 'conv1d_0_filters': 256, 'conv1d_0_kernel_size': 1, 'conv1d_0_act': 'silu', 'pool_size_0': 4, 'conv1d_1_filters': 512, 'conv1d_1_kernel_size': 4, 'conv1d_1_act': 'none', 'pool_size_1': 3, 'pooling_type': 'average', 'num_dense_layers': 0, 'learning_rate': 0.0027896424429506854}",3293.4638671875
535808,2.0439453125,1305332992,"{'num_conv_layers': 2, 'conv1d_0_filters': 256, 'conv1d_0_kernel_size': 6, 'conv1d_0_act': 'gelu', 'pool_size_0': 3, 'conv1d_1_filters': 256, 'conv1d_1_kernel_size': 7, 'conv1d_1_act': 'tanh', 'pool_size_1': 4, 'pooling_type': 'average', 'num_dense_layers': 0, 'learning_rate': 0.00017162106464693063}",3291.3212890625
12815385,48.88681411743164,90287897,"{'num_conv_layers': 1, 'conv1d_0_filters': 256, 'conv1d_0_kernel_size': 5, 'conv1d_0_act': 'sigmoid', 'pool_size_0': 2, 'pooling_type': 'flatten', 'num_dense_layers': 1, 'dense_0_units': 25, 'dense_0_dropout': 0.30000000000000004, 'dense_0_act': 'tanh', 'learning_rate': 0.0001935389585574553}",3270.4852447509766
206080,0.7861328125,720869376,"{'num_conv_layers': 2, 'conv1d_0_filters': 256, 'conv1d_0_kernel_size': 5, 'conv1d_0_act': 'sigmoid', 'pool_size_0': 2, 'conv1d_1_filters': 128, 'conv1d_1_kernel_size': 5, 'conv1d_1_act': 'elu', 'pool_size_1': 2, 'pooling_type': 'max', 'num_dense_layers': 0, 'learning_rate': 0.00012503571798840689}",3265.60546875
271616,1.0361328125,987706368,"{'num_conv_layers': 2, 'conv1d_0_filters': 256, 'conv1d_0_kernel_size': 5, 'conv1d_0_act': 'gelu', 'pool_size_0': 2, 'conv1d_1_filters': 128, 'conv1d_1_kernel_size': 7, 'conv1d_1_act': 'silu', 'pool_size_1': 3, 'pooling_type': 'average', 'num_dense_layers': 0, 'learning_rate': 0.0009936416191684188}",3245.73046875
229367,0.8749656677246094,288377573,"{'num_conv_layers': 2, 'conv1d_0_filters': 64, 'conv1d_0_kernel_size': 7, 'conv1d_0_act': 'tanh', 'pool_size_0': 1, 'conv1d_1_filters': 256, 'conv1d_1_kernel_size': 2, 'conv1d_1_act': 'elu', 'pool_size_1': 3, 'pooling_type': 'average', 'num_dense_layers': 1, 'dense_0_units': 375, 'dense_0_dropout': 0.2, 'dense_0_act': 'silu', 'learning_rate': 0.00019150913658966726}",3245.6990814208984
265728,1.013671875,360275328,"{'num_conv_layers': 2, 'conv1d_0_filters': 128, 'conv1d_0_kernel_size': 1, 'conv1d_0_act': 'elu', 'pool_size_0': 3, 'conv1d_1_filters': 512, 'conv1d_1_kernel_size': 2, 'conv1d_1_act': 'sigmoid', 'pool_size_1': 1, 'pooling_type': 'average', 'num_dense_layers': 0, 'learning_rate': 0.00030293061058413753}",3245.509765625
5890585,22.47079849243164,551572377,"{'num_conv_layers': 2, 'conv1d_0_filters': 128, 'conv1d_0_kernel_size': 2, 'conv1d_0_act': 'sigmoid', 'pool_size_0': 3, 'conv1d_1_filters': 512, 'conv1d_1_kernel_size': 3, 'conv1d_1_act': 'sigmoid', 'pool_size_1': 3, 'pooling_type': 'flatten', 'num_dense_layers': 1, 'dense_0_units': 25, 'dense_0_dropout': 0.2, 'dense_0_act': 'elu', 'learning_rate': 0.00631407196983053}",3219.8748931884766
216448,0.82568359375,1199398528,"{'num_conv_layers': 2, 'conv1d_0_filters': 64, 'conv1d_0_kernel_size': 5, 'conv1d_0_act': 'elu', 'pool_size_0': 1, 'conv1d_1_filters': 256, 'conv1d_1_kernel_size': 9, 'conv1d_1_act': 'sigmoid', 'pool_size_1': 4, 'pooling_type': 'average', 'num_dense_layers': 0, 'learning_rate': 0.0015340944163319196}",3203.32763671875
199037,0.7592658996582031,541732733,"{'num_conv_layers': 2, 'conv1d_0_filters': 256, 'conv1d_0_kernel_size': 1, 'conv1d_0_act': 'none', 'pool_size_0': 2, 'conv1d_1_filters': 256, 'conv1d_1_kernel_size': 2, 'conv1d_1_act': 'relu', 'pool_size_1': 2, 'pooling_type': 'average', 'num_dense_layers': 1, 'dense_0_units': 125, 'dense_0_dropout': 0.5, 'dense_0_act': 'none', 'learning_rate': 0.0001551349734344987}",3203.179641723633
93106,0.35517120361328125,533718706,"{'num_conv_layers': 2, 'conv1d_0_filters': 64, 'conv1d_0_kernel_size': 1, 'conv1d_0_act': 'tanh', 'pool_size_0': 1, 'conv1d_1_filters': 256, 'conv1d_1_kernel_size': 4, 'conv1d_1_act': 'silu', 'pool_size_1': 4, 'pooling_type': 'average', 'num_dense_layers': 1, 'dense_0_units': 50, 'dense_0_dropout': 0.5, 'dense_0_act': 'elu', 'learning_rate': 0.00010609122479093082}",3201.518829345703
16454400,62.7685546875,192547840,"{'num_conv_layers': 2, 'conv1d_0_filters': 256, 'conv1d_0_kernel_size': 2, 'conv1d_0_act': 'elu', 'pool_size_0': 4, 'conv1d_1_filters': 128, 'conv1d_1_kernel_size': 2, 'conv1d_1_act': 'gelu', 'pool_size_1': 2, 'pooling_type': 'flatten', 'num_dense_layers': 0, 'learning_rate': 0.004573504674968709}",3200.97265625
65550976,250.05712890625,246946304,"{'num_conv_layers': 2, 'conv1d_0_filters': 64, 'conv1d_0_kernel_size': 5, 'conv1d_0_act': 'sigmoid', 'pool_size_0': 1, 'conv1d_1_filters': 64, 'conv1d_1_kernel_size': 3, 'conv1d_1_act': 'silu', 'pool_size_1': 1, 'pooling_type': 'flatten', 'num_dense_layers': 0, 'learning_rate': 0.00017587148148590022}",3200.1328125
399232,1.52294921875,1081343104,"{'num_conv_layers': 2, 'conv1d_0_filters': 64, 'conv1d_0_kernel_size': 9, 'conv1d_0_act': 'silu', 'pool_size_0': 2, 'conv1d_1_filters': 512, 'conv1d_1_kernel_size': 8, 'conv1d_1_act': 'elu', 'pool_size_1': 3, 'pooling_type': 'average', 'num_dense_layers': 0, 'learning_rate': 0.0001819792468602694}",3185.23583984375
332544,1.2685546875,811519104,"{'num_conv_layers': 2, 'conv1d_0_filters': 64, 'conv1d_0_kernel_size': 6, 'conv1d_0_act': 'relu', 'pool_size_0': 2, 'conv1d_1_filters': 512, 'conv1d_1_kernel_size': 6, 'conv1d_1_act': 'silu', 'pool_size_1': 3, 'pooling_type': 'average', 'num_dense_layers': 0, 'learning_rate': 0.008681106672151157}",3184.21826171875
8350208,31.853515625,685603456,"{'num_conv_layers': 2, 'conv1d_0_filters': 256, 'conv1d_0_kernel_size': 6, 'conv1d_0_act': 'silu', 'pool_size_0': 2, 'conv1d_1_filters': 64, 'conv1d_1_kernel_size': 9, 'conv1d_1_act': 'elu', 'pool_size_1': 4, 'pooling_type': 'flatten', 'num_dense_layers': 0, 'learning_rate': 0.0009239084474134228}",3171.06396484375
8654280,33.013458251953125,282317400,"{'num_conv_layers': 2, 'conv1d_0_filters': 256, 'conv1d_0_kernel_size': 7, 'conv1d_0_act': 'relu', 'pool_size_0': 3, 'conv1d_1_filters': 128, 'conv1d_1_kernel_size': 2, 'conv1d_1_act': 'gelu', 'pool_size_1': 4, 'pooling_type': 'flatten', 'num_dense_layers': 1, 'dense_0_units': 200, 'dense_0_dropout': 0.2, 'dense_0_act': 'silu', 'learning_rate': 0.0001006873684599854}",3165.4327392578125
1188352,4.533203125,1871540736,"{'num_conv_layers': 2, 'conv1d_0_filters': 128, 'conv1d_0_kernel_size': 5, 'conv1d_0_act': 'relu', 'pool_size_0': 4, 'conv1d_1_filters': 1024, 'conv1d_1_kernel_size': 7, 'conv1d_1_act': 'none', 'pool_size_1': 2, 'pooling_type': 'average', 'num_dense_layers': 0, 'learning_rate': 0.00015238073302520014}",3156.013671875
217750,0.8306503295898438,409739542,"{'num_conv_layers': 2, 'conv1d_0_filters': 64, 'conv1d_0_kernel_size': 4, 'conv1d_0_act': 'none', 'pool_size_0': 2, 'conv1d_1_filters': 512, 'conv1d_1_kernel_size': 3, 'conv1d_1_act': 'relu', 'pool_size_1': 2, 'pooling_type': 'max', 'num_dense_layers': 1, 'dense_0_units': 150, 'dense_0_dropout': 0.5, 'dense_0_act': 'elu', 'learning_rate': 0.0011417607104321794}",3141.1863708496094
8681010,33.11542510986328,1105762994,"{'num_conv_layers': 2, 'conv1d_0_filters': 128, 'conv1d_0_kernel_size': 6, 'conv1d_0_act': 'elu', 'pool_size_0': 1, 'conv1d_1_filters': 128, 'conv1d_1_kernel_size': 8, 'conv1d_1_act': 'relu', 'pool_size_1': 3, 'pooling_type': 'flatten', 'num_dense_layers': 1, 'dense_0_units': 50, 'dense_0_dropout': 0.4, 'dense_0_act': 'none', 'learning_rate': 0.007332601388215739}",3124.036895751953
409344,1.5615234375,774183424,"{'num_conv_layers': 2, 'conv1d_0_filters': 256, 'conv1d_0_kernel_size': 9, 'conv1d_0_act': 'gelu', 'pool_size_0': 4, 'conv1d_1_filters': 256, 'conv1d_1_kernel_size': 5, 'conv1d_1_act': 'relu', 'pool_size_1': 3, 'pooling_type': 'max', 'num_dense_layers': 0, 'learning_rate': 0.0072879006904463875}",3122.8916015625
537344,2.0498046875,1007719680,"{'num_conv_layers': 2, 'conv1d_0_filters': 256, 'conv1d_0_kernel_size': 7, 'conv1d_0_act': 'sigmoid', 'pool_size_0': 4, 'conv1d_1_filters': 256, 'conv1d_1_kernel_size': 7, 'conv1d_1_act': 'sigmoid', 'pool_size_1': 4, 'pooling_type': 'average', 'num_dense_layers': 0, 'learning_rate': 0.006346527415454012}",3114.4697265625
328036,1.2513580322265625,626955108,"{'num_conv_layers': 2, 'conv1d_0_filters': 256, 'conv1d_0_kernel_size': 8, 'conv1d_0_act': 'relu', 'pool_size_0': 4, 'conv1d_1_filters': 256, 'conv1d_1_kernel_size': 4, 'conv1d_1_act': 'none', 'pool_size_1': 1, 'pooling_type': 'average', 'num_dense_layers': 1, 'dense_0_units': 100, 'dense_0_dropout': 0.4, 'dense_0_act': 'relu', 'learning_rate': 0.0032064942563702027}",3080.1724243164062
220304,0.84039306640625,115261072,"{'num_conv_layers': 1, 'conv1d_0_filters': 256, 'conv1d_0_kernel_size': 9, 'conv1d_0_act': 'tanh', 'pool_size_0': 1, 'pooling_type': 'average', 'num_dense_layers': 1, 'dense_0_units': 400, 'dense_0_dropout': 0.0, 'dense_0_act': 'sigmoid', 'learning_rate': 0.0005405573538323043}",3078.778564453125
217388,0.8292694091796875,810378972,"{'num_conv_layers': 2, 'conv1d_0_filters': 128, 'conv1d_0_kernel_size': 3, 'conv1d_0_act': 'gelu', 'pool_size_0': 1, 'conv1d_1_filters': 128, 'conv1d_1_kernel_size': 6, 'conv1d_1_act': 'sigmoid', 'pool_size_1': 1, 'pooling_type': 'max', 'num_dense_layers': 1, 'dense_0_units': 300, 'dense_0_dropout': 0.30000000000000004, 'dense_0_act': 'gelu', 'learning_rate': 0.00524374276440811}",3078.7203979492188
161324,0.6154022216796875,52695172,"{'num_conv_layers': 1, 'conv1d_0_filters': 256, 'conv1d_0_kernel_size': 4, 'conv1d_0_act': 'sigmoid', 'pool_size_0': 1, 'pooling_type': 'max', 'num_dense_layers': 1, 'dense_0_units': 300, 'dense_0_dropout': 0.4, 'dense_0_act': 'silu', 'learning_rate': 0.0019846020261229387}",3077.9274291992188
74621,0.2846565246582031,78115197,"{'num_conv_layers': 1, 'conv1d_0_filters': 256, 'conv1d_0_kernel_size': 6, 'conv1d_0_act': 'tanh', 'pool_size_0': 1, 'pooling_type': 'average', 'num_dense_layers': 1, 'dense_0_units': 125, 'dense_0_dropout': 0.4, 'dense_0_act': 'sigmoid', 'learning_rate': 0.0007085965079779013}",3076.348098754883
79104,0.3017578125,101670144,"{'num_conv_layers': 1, 'conv1d_0_filters': 256, 'conv1d_0_kernel_size': 8, 'conv1d_0_act': 'relu', 'pool_size_0': 1, 'pooling_type': 'max', 'num_dense_layers': 0, 'learning_rate': 0.0007305485578940704}",3076.2333984375
79104,0.3017578125,101670144,"{'num_conv_layers': 1, 'conv1d_0_filters': 256, 'conv1d_0_kernel_size': 8, 'conv1d_0_act': 'elu', 'pool_size_0': 1, 'pooling_type': 'max', 'num_dense_layers': 0, 'learning_rate': 0.00595310785890254}",3076.2333984375
66404,0.2533111572265625,117001572,"{'num_conv_layers': 1, 'conv1d_0_filters': 256, 'conv1d_0_kernel_size': 9, 'conv1d_0_act': 'silu', 'pool_size_0': 1, 'pooling_type': 'average', 'num_dense_layers': 1, 'dense_0_units': 100, 'dense_0_dropout': 0.2, 'dense_0_act': 'elu', 'learning_rate': 0.001211042929392841}",3076.1860961914062
72960,0.2783203125,56614144,"{'num_conv_layers': 1, 'conv1d_0_filters': 256, 'conv1d_0_kernel_size': 4, 'conv1d_0_act': 'gelu', 'pool_size_0': 1, 'pooling_type': 'max', 'num_dense_layers': 0, 'learning_rate': 0.0014803500548230385}",3076.1396484375
72960,0.2783203125,52518144,"{'num_conv_layers': 1, 'conv1d_0_filters': 256, 'conv1d_0_kernel_size': 4, 'conv1d_0_act': 'elu', 'pool_size_0': 1, 'pooling_type': 'max', 'num_dense_layers': 0, 'learning_rate': 0.00017394754741963301}",3076.1396484375
71424,0.2724609375,42278144,"{'num_conv_layers': 1, 'conv1d_0_filters': 256, 'conv1d_0_kernel_size': 3, 'conv1d_0_act': 'silu', 'pool_size_0': 1, 'pooling_type': 'max', 'num_dense_layers': 0, 'learning_rate': 0.0013525770739008058}",3076.1162109375
69888,0.2666015625,32038144,"{'num_conv_layers': 1, 'conv1d_0_filters': 256, 'conv1d_0_kernel_size': 2, 'conv1d_0_act': 'gelu', 'pool_size_0': 1, 'pooling_type': 'max', 'num_dense_layers': 0, 'learning_rate': 0.002026689210617837}",3076.0927734375
69888,0.2666015625,27942144,"{'num_conv_layers': 1, 'conv1d_0_filters': 256, 'conv1d_0_kernel_size': 2, 'conv1d_0_act': 'elu', 'pool_size_0': 1, 'pooling_type': 'max', 'num_dense_layers': 0, 'learning_rate': 0.0002217644248502683}",3076.0927734375
69888,0.2666015625,29990144,"{'num_conv_layers': 1, 'conv1d_0_filters': 256, 'conv1d_0_kernel_size': 2, 'conv1d_0_act': 'silu', 'pool_size_0': 1, 'pooling_type': 'max', 'num_dense_layers': 0, 'learning_rate': 0.0038934111417764424}",3076.0927734375
89691998,342.14781951904297,192597470,"{'num_conv_layers': 1, 'conv1d_0_filters': 64, 'conv1d_0_kernel_size': 4, 'conv1d_0_act': 'elu', 'pool_size_0': 1, 'pooling_type': 'flatten', 'num_dense_layers': 1, 'dense_0_units': 350, 'dense_0_dropout': 0.30000000000000004, 'dense_0_act': 'relu', 'learning_rate': 0.00030915618795875543}",3069.009735107422
159421,0.6081428527832031,491443581,"{'num_conv_layers': 2, 'conv1d_0_filters': 256, 'conv1d_0_kernel_size': 2, 'conv1d_0_act': 'gelu', 'pool_size_0': 2, 'conv1d_1_filters': 64, 'conv1d_1_kernel_size': 7, 'conv1d_1_act': 'silu', 'pool_size_1': 2, 'pooling_type': 'average', 'num_dense_layers': 1, 'dense_0_units': 125, 'dense_0_dropout': 0.2, 'dense_0_act': 'elu', 'learning_rate': 0.0018427302038520111}",3046.296829223633
237509,0.9060249328613281,368475717,"{'num_conv_layers': 2, 'conv1d_0_filters': 256, 'conv1d_0_kernel_size': 8, 'conv1d_0_act': 'gelu', 'pool_size_0': 3, 'conv1d_1_filters': 128, 'conv1d_1_kernel_size': 3, 'conv1d_1_act': 'elu', 'pool_size_1': 2, 'pooling_type': 'max', 'num_dense_layers': 1, 'dense_0_units': 325, 'dense_0_dropout': 0.2, 'dense_0_act': 'none', 'learning_rate': 0.003726292289370887}",3037.0899200439453
68357776,260.76422119140625,176290576,"{'num_conv_layers': 1, 'conv1d_0_filters': 128, 'conv1d_0_kernel_size': 6, 'conv1d_0_act': 'silu', 'pool_size_0': 3, 'pooling_type': 'flatten', 'num_dense_layers': 1, 'dense_0_units': 400, 'dense_0_dropout': 0.0, 'dense_0_act': 'elu', 'learning_rate': 0.003772104584213781}",3034.976806640625
79360,0.302734375,298596224,"{'num_conv_layers': 2, 'conv1d_0_filters': 256, 'conv1d_0_kernel_size': 8, 'conv1d_0_act': 'tanh', 'pool_size_0': 2, 'conv1d_1_filters': 64, 'conv1d_1_kernel_size': 3, 'conv1d_1_act': 'elu', 'pool_size_1': 4, 'pooling_type': 'average', 'num_dense_layers': 0, 'learning_rate': 0.001914723237209389}",3029.26708984375
298134,1.1372909545898438,693928514,"{'num_conv_layers': 2, 'conv1d_0_filters': 256, 'conv1d_0_kernel_size': 6, 'conv1d_0_act': 'gelu', 'pool_size_0': 3, 'conv1d_1_filters': 128, 'conv1d_1_kernel_size': 7, 'conv1d_1_act': 'gelu', 'pool_size_1': 4, 'pooling_type': 'average', 'num_dense_layers': 1, 'dense_0_units': 150, 'dense_0_dropout': 0.5, 'dense_0_act': 'silu', 'learning_rate': 0.000502040630462229}",3017.1048278808594
206336,0.787109375,234025344,"{'num_conv_layers': 2, 'conv1d_0_filters': 128, 'conv1d_0_kernel_size': 9, 'conv1d_0_act': 'elu', 'pool_size_0': 3, 'conv1d_1_filters': 512, 'conv1d_1_kernel_size': 1, 'conv1d_1_act': 'sigmoid', 'pool_size_1': 4, 'pooling_type': 'max', 'num_dense_layers': 0, 'learning_rate': 0.0005175450982616924}",2994.603515625
455980,1.7394256591796875,148136364,"{'num_conv_layers': 2, 'conv1d_0_filters': 64, 'conv1d_0_kernel_size': 4, 'conv1d_0_act': 'sigmoid', 'pool_size_0': 4, 'conv1d_1_filters': 1024, 'conv1d_1_kernel_size': 1, 'conv1d_1_act': 'none', 'pool_size_1': 1, 'pooling_type': 'max', 'num_dense_layers': 1, 'dense_0_units': 300, 'dense_0_dropout': 0.4, 'dense_0_act': 'tanh', 'learning_rate': 0.0001431400067078128}",2989.0294799804688
134912,0.5146484375,147559680,"{'num_conv_layers': 2, 'conv1d_0_filters': 256, 'conv1d_0_kernel_size': 1, 'conv1d_0_act': 'elu', 'pool_size_0': 4, 'conv1d_1_filters': 256, 'conv1d_1_kernel_size': 1, 'conv1d_1_act': 'none', 'pool_size_1': 4, 'pooling_type': 'average', 'num_dense_layers': 0, 'learning_rate': 0.0024699331645125044}",2983.3291015625
7413248,28.279296875,418678016,"{'num_conv_layers': 2, 'conv1d_0_filters': 256, 'conv1d_0_kernel_size': 4, 'conv1d_0_act': 'silu', 'pool_size_0': 3, 'conv1d_1_filters': 64, 'conv1d_1_kernel_size': 8, 'conv1d_1_act': 'none', 'pool_size_1': 3, 'pooling_type': 'flatten', 'num_dense_layers': 0, 'learning_rate': 0.0020593123983159065}",2965.70458984375
299049,1.1407814025878906,1076713897,"{'num_conv_layers': 2, 'conv1d_0_filters': 128, 'conv1d_0_kernel_size': 4, 'conv1d_0_act': 'tanh', 'pool_size_0': 1, 'conv1d_1_filters': 128, 'conv1d_1_kernel_size': 8, 'conv1d_1_act': 'tanh', 'pool_size_1': 2, 'pooling_type': 'max', 'num_dense_layers': 1, 'dense_0_units': 425, 'dense_0_dropout': 0.4, 'dense_0_act': 'elu', 'learning_rate': 0.007455362658895765}",2955.1495513916016
334080,1.2744140625,630373376,"{'num_conv_layers': 2, 'conv1d_0_filters': 256, 'conv1d_0_kernel_size': 3, 'conv1d_0_act': 'sigmoid', 'pool_size_0': 4, 'conv1d_1_filters': 128, 'conv1d_1_kernel_size': 9, 'conv1d_1_act': 'elu', 'pool_size_1': 1, 'pooling_type': 'max', 'num_dense_layers': 0, 'learning_rate': 0.00012847993798897344}",2955.05859375
167424,0.638671875,1072356608,"{'num_conv_layers': 2, 'conv1d_0_filters': 128, 'conv1d_0_kernel_size': 3, 'conv1d_0_act': 'gelu', 'pool_size_0': 1, 'conv1d_1_filters': 128, 'conv1d_1_kernel_size': 8, 'conv1d_1_act': 'elu', 'pool_size_1': 2, 'pooling_type': 'max', 'num_dense_layers': 0, 'learning_rate': 0.0001620167780282589}",2952.5185546875
134400,0.5126953125,212581376,"{'num_conv_layers': 2, 'conv1d_0_filters': 256, 'conv1d_0_kernel_size': 1, 'conv1d_0_act': 'sigmoid', 'pool_size_0': 4, 'conv1d_1_filters': 128, 'conv1d_1_kernel_size': 3, 'conv1d_1_act': 'elu', 'pool_size_1': 1, 'pooling_type': 'max', 'num_dense_layers': 0, 'learning_rate': 0.0010232989568333365}",2952.01171875
277915,1.0601615905761719,387633755,"{'num_conv_layers': 2, 'conv1d_0_filters': 256, 'conv1d_0_kernel_size': 6, 'conv1d_0_act': 'gelu', 'pool_size_0': 3, 'conv1d_1_filters': 64, 'conv1d_1_kernel_size': 7, 'conv1d_1_act': 'silu', 'pool_size_1': 1, 'pooling_type': 'average', 'num_dense_layers': 1, 'dense_0_units': 475, 'dense_0_dropout': 0.2, 'dense_0_act': 'tanh', 'learning_rate': 0.00040270778393859175}",2913.1175994873047
142024,0.541778564453125,264440424,"{'num_conv_layers': 2, 'conv1d_0_filters': 256, 'conv1d_0_kernel_size': 7, 'conv1d_0_act': 'elu', 'pool_size_0': 3, 'conv1d_1_filters': 64, 'conv1d_1_kernel_size': 4, 'conv1d_1_act': 'relu', 'pool_size_1': 1, 'pooling_type': 'average', 'num_dense_layers': 1, 'dense_0_units': 200, 'dense_0_dropout': 0.5, 'dense_0_act': 'gelu', 'learning_rate': 0.004784686455178302}",2910.6412353515625
8228663,31.38985824584961,343187767,"{'num_conv_layers': 2, 'conv1d_0_filters': 256, 'conv1d_0_kernel_size': 5, 'conv1d_0_act': 'tanh', 'pool_size_0': 4, 'conv1d_1_filters': 64, 'conv1d_1_kernel_size': 8, 'conv1d_1_act': 'none', 'pool_size_1': 3, 'pooling_type': 'flatten', 'num_dense_layers': 1, 'dense_0_units': 375, 'dense_0_dropout': 0.30000000000000004, 'dense_0_act': 'relu', 'learning_rate': 0.0031303367794912555}",2909.3211517333984
52224,0.19921875,105390016,"{'num_conv_layers': 2, 'conv1d_0_filters': 256, 'conv1d_0_kernel_size': 1, 'conv1d_0_act': 'silu', 'pool_size_0': 3, 'conv1d_1_filters': 64, 'conv1d_1_kernel_size': 2, 'conv1d_1_act': 'silu', 'pool_size_1': 1, 'pooling_type': 'max', 'num_dense_layers': 0, 'learning_rate': 0.0048119440551403735}",2908.97802734375
854697,3.2604103088378906,1061682601,"{'num_conv_layers': 2, 'conv1d_0_filters': 128, 'conv1d_0_kernel_size': 1, 'conv1d_0_act': 'silu', 'pool_size_0': 4, 'conv1d_1_filters': 512, 'conv1d_1_kernel_size': 8, 'conv1d_1_act': 'gelu', 'pool_size_1': 1, 'pooling_type': 'max', 'num_dense_layers': 1, 'dense_0_units': 425, 'dense_0_dropout': 0.5, 'dense_0_act': 'none', 'learning_rate': 0.008954422822129306}",2901.0992584228516
92672,0.353515625,252340480,"{'num_conv_layers': 2, 'conv1d_0_filters': 256, 'conv1d_0_kernel_size': 6, 'conv1d_0_act': 'sigmoid', 'pool_size_0': 3, 'conv1d_1_filters': 64, 'conv1d_1_kernel_size': 4, 'conv1d_1_act': 'gelu', 'pool_size_1': 3, 'pooling_type': 'average', 'num_dense_layers': 0, 'learning_rate': 0.00022488469011147313}",2881.81396484375
21870848,83.4306640625,285762368,"{'num_conv_layers': 2, 'conv1d_0_filters': 128, 'conv1d_0_kernel_size': 7, 'conv1d_0_act': 'relu', 'pool_size_0': 1, 'conv1d_1_filters': 64, 'conv1d_1_kernel_size': 3, 'conv1d_1_act': 'relu', 'pool_size_1': 3, 'pooling_type': 'flatten', 'num_dense_layers': 0, 'learning_rate': 0.0001960162029090828}",2866.93798828125
337152,1.2861328125,659045376,"{'num_conv_layers': 2, 'conv1d_0_filters': 256, 'conv1d_0_kernel_size': 5, 'conv1d_0_act': 'gelu', 'pool_size_0': 4, 'conv1d_1_filters': 128, 'conv1d_1_kernel_size': 9, 'conv1d_1_act': 'none', 'pool_size_1': 2, 'pooling_type': 'max', 'num_dense_layers': 0, 'learning_rate': 0.00013639752980609693}",2861.35546875
788730,3.0087661743164062,1610394234,"{'num_conv_layers': 2, 'conv1d_0_filters': 128, 'conv1d_0_kernel_size': 5, 'conv1d_0_act': 'none', 'pool_size_0': 3, 'conv1d_1_filters': 512, 'conv1d_1_kernel_size': 9, 'conv1d_1_act': 'gelu', 'pool_size_1': 2, 'pooling_type': 'average', 'num_dense_layers': 1, 'dense_0_units': 250, 'dense_0_dropout': 0.5, 'dense_0_act': 'relu', 'learning_rate': 0.0034814230010858645}",2837.1063537597656
121313,0.4627723693847656,40841697,"{'num_conv_layers': 1, 'conv1d_0_filters': 256, 'conv1d_0_kernel_size': 3, 'conv1d_0_act': 'elu', 'pool_size_0': 2, 'pooling_type': 'average', 'num_dense_layers': 1, 'dense_0_units': 225, 'dense_0_dropout': 0.2, 'dense_0_act': 'none', 'learning_rate': 0.0011746537320986982}",2827.097183227539
120317,0.4589729309082031,571651197,"{'num_conv_layers': 2, 'conv1d_0_filters': 128, 'conv1d_0_kernel_size': 7, 'conv1d_0_act': 'none', 'pool_size_0': 1, 'conv1d_1_filters': 128, 'conv1d_1_kernel_size': 4, 'conv1d_1_act': 'silu', 'pool_size_1': 1, 'pooling_type': 'max', 'num_dense_layers': 1, 'dense_0_units': 125, 'dense_0_dropout': 0.30000000000000004, 'dense_0_act': 'sigmoid', 'learning_rate': 0.00029972816718620984}",2826.982864379883
82838,0.31600189208984375,40765122,"{'num_conv_layers': 1, 'conv1d_0_filters': 256, 'conv1d_0_kernel_size': 3, 'conv1d_0_act': 'elu', 'pool_size_0': 2, 'pooling_type': 'average', 'num_dense_layers': 1, 'dense_0_units': 150, 'dense_0_dropout': 0.4, 'dense_0_act': 'silu', 'learning_rate': 0.00013530511936808113}",2826.5101013183594
80640,0.3076171875,116006144,"{'num_conv_layers': 1, 'conv1d_0_filters': 256, 'conv1d_0_kernel_size': 9, 'conv1d_0_act': 'silu', 'pool_size_0': 2, 'pooling_type': 'max', 'num_dense_layers': 0, 'learning_rate': 0.0006322613255673226}",2826.2568359375
80640,0.3076171875,116006144,"{'num_conv_layers': 1, 'conv1d_0_filters': 256, 'conv1d_0_kernel_size': 9, 'conv1d_0_act': 'silu', 'pool_size_0': 2, 'pooling_type': 'max', 'num_dense_layers': 0, 'learning_rate': 0.005437278575586865}",2826.2568359375
79104,0.3017578125,102182144,"{'num_conv_layers': 1, 'conv1d_0_filters': 256, 'conv1d_0_kernel_size': 8, 'conv1d_0_act': 'relu', 'pool_size_0': 2, 'pooling_type': 'average', 'num_dense_layers': 0, 'learning_rate': 0.0036510453266247918}",2826.2333984375
77568,0.2958984375,91942144,"{'num_conv_layers': 1, 'conv1d_0_filters': 256, 'conv1d_0_kernel_size': 7, 'conv1d_0_act': 'silu', 'pool_size_0': 2, 'pooling_type': 'average', 'num_dense_layers': 0, 'learning_rate': 0.00882263146966132}",2826.2099609375
77568,0.2958984375,89382144,"{'num_conv_layers': 1, 'conv1d_0_filters': 256, 'conv1d_0_kernel_size': 7, 'conv1d_0_act': 'relu', 'pool_size_0': 2, 'pooling_type': 'max', 'num_dense_layers': 0, 'learning_rate': 0.00015681987671851684}",2826.2099609375
77568,0.2958984375,89382144,"{'num_conv_layers': 1, 'conv1d_0_filters': 256, 'conv1d_0_kernel_size': 7, 'conv1d_0_act': 'tanh', 'pool_size_0': 2, 'pooling_type': 'max', 'num_dense_layers': 0, 'learning_rate': 0.0019752173809314}",2826.2099609375
76032,0.2900390625,81702144,"{'num_conv_layers': 1, 'conv1d_0_filters': 256, 'conv1d_0_kernel_size': 6, 'conv1d_0_act': 'gelu', 'pool_size_0': 2, 'pooling_type': 'average', 'num_dense_layers': 0, 'learning_rate': 0.0045504582139606585}",2826.1865234375
74496,0.2841796875,65318144,"{'num_conv_layers': 1, 'conv1d_0_filters': 256, 'conv1d_0_kernel_size': 5, 'conv1d_0_act': 'relu', 'pool_size_0': 2, 'pooling_type': 'average', 'num_dense_layers': 0, 'learning_rate': 0.00031652206583558705}",2826.1630859375
71424,0.2724609375,44326144,"{'num_conv_layers': 1, 'conv1d_0_filters': 256, 'conv1d_0_kernel_size': 3, 'conv1d_0_act': 'gelu', 'pool_size_0': 2, 'pooling_type': 'max', 'num_dense_layers': 0, 'learning_rate': 0.0002882862494344557}",2826.1162109375
68352,0.2607421875,15654144,"{'num_conv_layers': 1, 'conv1d_0_filters': 256, 'conv1d_0_kernel_size': 1, 'conv1d_0_act': 'sigmoid', 'pool_size_0': 2, 'pooling_type': 'max', 'num_dense_layers': 0, 'learning_rate': 0.008028079270754569}",2826.0693359375
36146,0.13788604736328125,79574422,"{'num_conv_layers': 1, 'conv1d_0_filters': 256, 'conv1d_0_kernel_size': 6, 'conv1d_0_act': 'silu', 'pool_size_0': 2, 'pooling_type': 'average', 'num_dense_layers': 1, 'dense_0_units': 50, 'dense_0_dropout': 0.4, 'dense_0_act': 'silu', 'learning_rate': 0.00044049263528240834}",2825.651153564453
228763,0.8726615905761719,208563931,"{'num_conv_layers': 2, 'conv1d_0_filters': 256, 'conv1d_0_kernel_size': 6, 'conv1d_0_act': 'elu', 'pool_size_0': 4, 'conv1d_1_filters': 64, 'conv1d_1_kernel_size': 4, 'conv1d_1_act': 'relu', 'pool_size_1': 2, 'pooling_type': 'average', 'num_dense_layers': 1, 'dense_0_units': 475, 'dense_0_dropout': 0.2, 'dense_0_act': 'tanh', 'learning_rate': 0.003051219586278707}",2813.4925994873047
164363,0.6269950866699219,329379531,"{'num_conv_layers': 2, 'conv1d_0_filters': 256, 'conv1d_0_kernel_size': 5, 'conv1d_0_act': 'silu', 'pool_size_0': 4, 'conv1d_1_filters': 64, 'conv1d_1_kernel_size': 8, 'conv1d_1_act': 'gelu', 'pool_size_1': 4, 'pooling_type': 'average', 'num_dense_layers': 1, 'dense_0_units': 75, 'dense_0_dropout': 0.5, 'dense_0_act': 'elu', 'learning_rate': 0.0004588091531208424}",2804.1114959716797
117760,0.44921875,212372224,"{'num_conv_layers': 2, 'conv1d_0_filters': 256, 'conv1d_0_kernel_size': 1, 'conv1d_0_act': 'elu', 'pool_size_0': 4, 'conv1d_1_filters': 64, 'conv1d_1_kernel_size': 6, 'conv1d_1_act': 'sigmoid', 'pool_size_1': 4, 'pooling_type': 'average', 'num_dense_layers': 0, 'learning_rate': 0.00013870765957988345}",2803.29052734375
51347856,195.87652587890625,294255888,"{'num_conv_layers': 2, 'conv1d_0_filters': 64, 'conv1d_0_kernel_size': 8, 'conv1d_0_act': 'silu', 'pool_size_0': 2, 'conv1d_1_filters': 128, 'conv1d_1_kernel_size': 5, 'conv1d_1_act': 'gelu', 'pool_size_1': 2, 'pooling_type': 'flatten', 'num_dense_layers': 1, 'dense_0_units': 400, 'dense_0_dropout': 0.2, 'dense_0_act': 'none', 'learning_rate': 0.008860526706113005}",2796.299560546875
332026,1.2665786743164062,833060090,"{'num_conv_layers': 2, 'conv1d_0_filters': 128, 'conv1d_0_kernel_size': 7, 'conv1d_0_act': 'sigmoid', 'pool_size_0': 2, 'conv1d_1_filters': 256, 'conv1d_1_kernel_size': 6, 'conv1d_1_act': 'tanh', 'pool_size_1': 4, 'pooling_type': 'average', 'num_dense_layers': 1, 'dense_0_units': 250, 'dense_0_dropout': 0.5, 'dense_0_act': 'tanh', 'learning_rate': 0.00012938820302919928}",2767.9559631347656
168704,0.6435546875,153771136,"{'num_conv_layers': 2, 'conv1d_0_filters': 64, 'conv1d_0_kernel_size': 6, 'conv1d_0_act': 'sigmoid', 'pool_size_0': 2, 'conv1d_1_filters': 512, 'conv1d_1_kernel_size': 1, 'conv1d_1_act': 'none', 'pool_size_1': 2, 'pooling_type': 'max', 'num_dense_layers': 0, 'learning_rate': 0.0015716593289874898}",2765.21826171875
214160,0.81695556640625,67133616,"{'num_conv_layers': 1, 'conv1d_0_filters': 256, 'conv1d_0_kernel_size': 5, 'conv1d_0_act': 'silu', 'pool_size_0': 3, 'pooling_type': 'max', 'num_dense_layers': 1, 'dense_0_units': 400, 'dense_0_dropout': 0.5, 'dense_0_act': 'silu', 'learning_rate': 0.0005857132848550484}",2745.505126953125
211088,0.80523681640625,42898064,"{'num_conv_layers': 1, 'conv1d_0_filters': 256, 'conv1d_0_kernel_size': 3, 'conv1d_0_act': 'silu', 'pool_size_0': 3, 'pooling_type': 'average', 'num_dense_layers': 1, 'dense_0_units': 400, 'dense_0_dropout': 0.0, 'dense_0_act': 'relu', 'learning_rate': 0.005608953472502217}",2745.262939453125
77568,0.2958984375,89381888,"{'num_conv_layers': 1, 'conv1d_0_filters': 256, 'conv1d_0_kernel_size': 7, 'conv1d_0_act': 'relu', 'pool_size_0': 3, 'pooling_type': 'max', 'num_dense_layers': 0, 'learning_rate': 0.0019949423311824257}",2742.8349609375
74496,0.2841796875,65147136,"{'num_conv_layers': 1, 'conv1d_0_filters': 256, 'conv1d_0_kernel_size': 5, 'conv1d_0_act': 'elu', 'pool_size_0': 3, 'pooling_type': 'average', 'num_dense_layers': 0, 'learning_rate': 0.0016205906679046642}",2742.7880859375
74496,0.2841796875,68901888,"{'num_conv_layers': 1, 'conv1d_0_filters': 256, 'conv1d_0_kernel_size': 5, 'conv1d_0_act': 'gelu', 'pool_size_0': 3, 'pooling_type': 'max', 'num_dense_layers': 0, 'learning_rate': 0.00010320917432407339}",2742.7880859375
74496,0.2841796875,64805888,"{'num_conv_layers': 1, 'conv1d_0_filters': 256, 'conv1d_0_kernel_size': 5, 'conv1d_0_act': 'tanh', 'pool_size_0': 3, 'pooling_type': 'max', 'num_dense_layers': 0, 'learning_rate': 0.0004926217983703123}",2742.7880859375
74496,0.2841796875,64805888,"{'num_conv_layers': 1, 'conv1d_0_filters': 256, 'conv1d_0_kernel_size': 5, 'conv1d_0_act': 'elu', 'pool_size_0': 3, 'pooling_type': 'max', 'num_dense_layers': 0, 'learning_rate': 0.00538564283856885}",2742.7880859375
74496,0.2841796875,69243136,"{'num_conv_layers': 1, 'conv1d_0_filters': 256, 'conv1d_0_kernel_size': 5, 'conv1d_0_act': 'gelu', 'pool_size_0': 3, 'pooling_type': 'average', 'num_dense_layers': 0, 'learning_rate': 0.0018947171625246586}",2742.7880859375
71424,0.2724609375,40571136,"{'num_conv_layers': 1, 'conv1d_0_filters': 256, 'conv1d_0_kernel_size': 3, 'conv1d_0_act': 'relu', 'pool_size_0': 3, 'pooling_type': 'average', 'num_dense_layers': 0, 'learning_rate': 0.0001646344655690016}",2742.7412109375
69888,0.2666015625,27941888,"{'num_conv_layers': 1, 'conv1d_0_filters': 256, 'conv1d_0_kernel_size': 2, 'conv1d_0_act': 'tanh', 'pool_size_0': 3, 'pooling_type': 'max', 'num_dense_layers': 0, 'learning_rate': 0.0005946474190082659}",2742.7177734375
69888,0.2666015625,27941888,"{'num_conv_layers': 1, 'conv1d_0_filters': 256, 'conv1d_0_kernel_size': 2, 'conv1d_0_act': 'elu', 'pool_size_0': 3, 'pooling_type': 'max', 'num_dense_layers': 0, 'learning_rate': 0.0002492413368491017}",2742.7177734375
68352,0.2607421875,19749888,"{'num_conv_layers': 1, 'conv1d_0_filters': 256, 'conv1d_0_kernel_size': 1, 'conv1d_0_act': 'gelu', 'pool_size_0': 3, 'pooling_type': 'max', 'num_dense_layers': 0, 'learning_rate': 0.002501353689353307}",2742.6943359375
47435,0.18095016479492188,65093239,"{'num_conv_layers': 1, 'conv1d_0_filters': 256, 'conv1d_0_kernel_size': 5, 'conv1d_0_act': 'relu', 'pool_size_0': 3, 'pooling_type': 'average', 'num_dense_layers': 1, 'dense_0_units': 75, 'dense_0_dropout': 0.1, 'dense_0_act': 'gelu', 'learning_rate': 0.0003056137092526949}",2742.4850311279297
239810,0.9148025512695312,69489222,"{'num_conv_layers': 1, 'conv1d_0_filters': 256, 'conv1d_0_kernel_size': 5, 'conv1d_0_act': 'gelu', 'pool_size_0': 4, 'pooling_type': 'average', 'num_dense_layers': 1, 'dense_0_units': 450, 'dense_0_dropout': 0.30000000000000004, 'dense_0_act': 'silu', 'learning_rate': 0.0003635573785201806}",2704.344757080078
248027,0.9461479187011719,30601947,"{'num_conv_layers': 1, 'conv1d_0_filters': 256, 'conv1d_0_kernel_size': 2, 'conv1d_0_act': 'silu', 'pool_size_0': 4, 'pooling_type': 'average', 'num_dense_layers': 1, 'dense_0_units': 475, 'dense_0_dropout': 0.0, 'dense_0_act': 'sigmoid', 'learning_rate': 0.0002630885999691135}",2704.2748260498047
223913,0.8541603088378906,40535547,"{'num_conv_layers': 1, 'conv1d_0_filters': 256, 'conv1d_0_kernel_size': 3, 'conv1d_0_act': 'relu', 'pool_size_0': 4, 'pooling_type': 'max', 'num_dense_layers': 1, 'dense_0_units': 425, 'dense_0_dropout': 0.0, 'dense_0_act': 'silu', 'learning_rate': 0.0006850619144433173}",2703.8580474853516
209552,0.79937744140625,30525072,"{'num_conv_layers': 1, 'conv1d_0_filters': 256, 'conv1d_0_kernel_size': 2, 'conv1d_0_act': 'silu', 'pool_size_0': 4, 'pooling_type': 'average', 'num_dense_layers': 1, 'dense_0_units': 400, 'dense_0_dropout': 0.1, 'dense_0_act': 'tanh', 'learning_rate': 0.0016073839052705198}",2703.809814453125
207479,0.7914695739746094,116515447,"{'num_conv_layers': 1, 'conv1d_0_filters': 256, 'conv1d_0_kernel_size': 9, 'conv1d_0_act': 'silu', 'pool_size_0': 4, 'pooling_type': 'average', 'num_dense_layers': 1, 'dense_0_units': 375, 'dense_0_dropout': 0.0, 'dense_0_act': 'sigmoid', 'learning_rate': 0.00013142540986971302}",2703.5584564208984
193118,0.7366867065429688,102155222,"{'num_conv_layers': 1, 'conv1d_0_filters': 256, 'conv1d_0_kernel_size': 8, 'conv1d_0_act': 'relu', 'pool_size_0': 4, 'pooling_type': 'average', 'num_dense_layers': 1, 'dense_0_units': 350, 'dense_0_dropout': 0.2, 'dense_0_act': 'gelu', 'learning_rate': 0.0015464278862553744}",2703.485809326172
151571,0.5781974792480469,79294047,"{'num_conv_layers': 1, 'conv1d_0_filters': 256, 'conv1d_0_kernel_size': 6, 'conv1d_0_act': 'silu', 'pool_size_0': 4, 'pooling_type': 'max', 'num_dense_layers': 1, 'dense_0_units': 275, 'dense_0_dropout': 0.0, 'dense_0_act': 'gelu', 'learning_rate': 0.0006749766758880522}",2702.607711791992
98735,0.3766441345214844,67158447,"{'num_conv_layers': 1, 'conv1d_0_filters': 256, 'conv1d_0_kernel_size': 5, 'conv1d_0_act': 'silu', 'pool_size_0': 4, 'pooling_type': 'average', 'num_dense_layers': 1, 'dense_0_units': 175, 'dense_0_dropout': 0.2, 'dense_0_act': 'elu', 'learning_rate': 0.001114539868978332}",2701.789291381836
98735,0.3766441345214844,67158447,"{'num_conv_layers': 1, 'conv1d_0_filters': 256, 'conv1d_0_kernel_size': 5, 'conv1d_0_act': 'silu', 'pool_size_0': 4, 'pooling_type': 'average', 'num_dense_layers': 1, 'dense_0_units': 175, 'dense_0_dropout': 0.30000000000000004, 'dense_0_act': 'tanh', 'learning_rate': 0.004789125576041998}",2701.789291381836
101807,0.3883628845214844,89430447,"{'num_conv_layers': 1, 'conv1d_0_filters': 256, 'conv1d_0_kernel_size': 7, 'conv1d_0_act': 'relu', 'pool_size_0': 4, 'pooling_type': 'max', 'num_dense_layers': 1, 'dense_0_units': 175, 'dense_0_dropout': 0.0, 'dense_0_act': 'relu', 'learning_rate': 0.0021319095857109684}",2701.750717163086
80640,0.3076171875,113958144,"{'num_conv_layers': 1, 'conv1d_0_filters': 256, 'conv1d_0_kernel_size': 9, 'conv1d_0_act': 'elu', 'pool_size_0': 4, 'pooling_type': 'max', 'num_dense_layers': 0, 'learning_rate': 0.0009119306592894587}",2701.2568359375
80640,0.3076171875,116006144,"{'num_conv_layers': 1, 'conv1d_0_filters': 256, 'conv1d_0_kernel_size': 9, 'conv1d_0_act': 'silu', 'pool_size_0': 4, 'pooling_type': 'max', 'num_dense_layers': 0, 'learning_rate': 0.0011035552626245417}",2701.2568359375
79104,0.3017578125,101670144,"{'num_conv_layers': 1, 'conv1d_0_filters': 256, 'conv1d_0_kernel_size': 8, 'conv1d_0_act': 'tanh', 'pool_size_0': 4, 'pooling_type': 'max', 'num_dense_layers': 0, 'learning_rate': 0.0016261293171931314}",2701.2333984375
69888,0.2666015625,27942144,"{'num_conv_layers': 1, 'conv1d_0_filters': 256, 'conv1d_0_kernel_size': 2, 'conv1d_0_act': 'relu', 'pool_size_0': 4, 'pooling_type': 'max', 'num_dense_layers': 0, 'learning_rate': 0.0012572547961208537}",2701.0927734375
68352,0.2607421875,15910144,"{'num_conv_layers': 1, 'conv1d_0_filters': 256, 'conv1d_0_kernel_size': 1, 'conv1d_0_act': 'sigmoid', 'pool_size_0': 4, 'pooling_type': 'average', 'num_dense_layers': 0, 'learning_rate': 0.0003106762064396855}",2701.0693359375
65539968,250.01513671875,160673920,"{'num_conv_layers': 1, 'conv1d_0_filters': 64, 'conv1d_0_kernel_size': 9, 'conv1d_0_act': 'gelu', 'pool_size_0': 1, 'pooling_type': 'flatten', 'num_dense_layers': 0, 'learning_rate': 0.002218096115708462}",2699.96630859375
224962,0.8581619262695312,409853638,"{'num_conv_layers': 2, 'conv1d_0_filters': 64, 'conv1d_0_kernel_size': 4, 'conv1d_0_act': 'sigmoid', 'pool_size_0': 1, 'conv1d_1_filters': 128, 'conv1d_1_kernel_size': 6, 'conv1d_1_act': 'silu', 'pool_size_1': 1, 'pooling_type': 'average', 'num_dense_layers': 1, 'dense_0_units': 450, 'dense_0_dropout': 0.1, 'dense_0_act': 'silu', 'learning_rate': 0.0006826559622937724}",2579.057159423828
132897,0.5069618225097656,480050913,"{'num_conv_layers': 2, 'conv1d_0_filters': 128, 'conv1d_0_kernel_size': 3, 'conv1d_0_act': 'elu', 'pool_size_0': 1, 'conv1d_1_filters': 64, 'conv1d_1_kernel_size': 7, 'conv1d_1_act': 'elu', 'pool_size_1': 1, 'pooling_type': 'average', 'num_dense_layers': 1, 'dense_0_units': 225, 'dense_0_dropout': 0.30000000000000004, 'dense_0_act': 'tanh', 'learning_rate': 0.0032601152616582403}",2577.291519165039
16520704,63.021484375,328099840,"{'num_conv_layers': 2, 'conv1d_0_filters': 128, 'conv1d_0_kernel_size': 5, 'conv1d_0_act': 'sigmoid', 'pool_size_0': 4, 'conv1d_1_filters': 256, 'conv1d_1_kernel_size': 4, 'conv1d_1_act': 'sigmoid', 'pool_size_1': 4, 'pooling_type': 'flatten', 'num_dense_layers': 0, 'learning_rate': 0.00014511072117128897}",2576.984375
89060,0.3397369384765625,400367588,"{'num_conv_layers': 2, 'conv1d_0_filters': 64, 'conv1d_0_kernel_size': 1, 'conv1d_0_act': 'gelu', 'pool_size_0': 1, 'conv1d_1_filters': 128, 'conv1d_1_kernel_size': 6, 'conv1d_1_act': 'elu', 'pool_size_1': 1, 'pooling_type': 'average', 'num_dense_layers': 1, 'dense_0_units': 100, 'dense_0_dropout': 0.5, 'dense_0_act': 'none', 'learning_rate': 0.00010747368871423911}",2576.4219360351562
71424,0.2724609375,41254144,"{'num_conv_layers': 1, 'conv1d_0_filters': 256, 'conv1d_0_kernel_size': 3, 'conv1d_0_act': 'none', 'pool_size_0': 1, 'pooling_type': 'average', 'num_dense_layers': 0, 'learning_rate': 0.0014774734359462615}",2576.1162109375
68864,0.2626953125,283620224,"{'num_conv_layers': 2, 'conv1d_0_filters': 64, 'conv1d_0_kernel_size': 6, 'conv1d_0_act': 'elu', 'pool_size_0': 1, 'conv1d_1_filters': 128, 'conv1d_1_kernel_size': 4, 'conv1d_1_act': 'relu', 'pool_size_1': 1, 'pooling_type': 'average', 'num_dense_layers': 0, 'learning_rate': 0.0008794174417888461}",2576.01611328125
65538048,250.0078125,144289920,"{'num_conv_layers': 1, 'conv1d_0_filters': 64, 'conv1d_0_kernel_size': 4, 'conv1d_0_act': 'none', 'pool_size_0': 1, 'pooling_type': 'flatten', 'num_dense_layers': 0, 'learning_rate': 0.009720415537367333}",2574.93701171875
246422,0.9400253295898438,689469378,"{'num_conv_layers': 2, 'conv1d_0_filters': 128, 'conv1d_0_kernel_size': 5, 'conv1d_0_act': 'elu', 'pool_size_0': 2, 'conv1d_1_filters': 256, 'conv1d_1_kernel_size': 5, 'conv1d_1_act': 'none', 'pool_size_1': 3, 'pooling_type': 'max', 'num_dense_layers': 1, 'dense_0_units': 150, 'dense_0_dropout': 0.5, 'dense_0_act': 'silu', 'learning_rate': 0.00040874450000380366}",2537.2532653808594
225586,0.8605422973632812,802177074,"{'num_conv_layers': 2, 'conv1d_0_filters': 128, 'conv1d_0_kernel_size': 2, 'conv1d_0_act': 'none', 'pool_size_0': 2, 'conv1d_1_filters': 256, 'conv1d_1_kernel_size': 6, 'conv1d_1_act': 'elu', 'pool_size_1': 3, 'pooling_type': 'average', 'num_dense_layers': 1, 'dense_0_units': 50, 'dense_0_dropout': 0.4, 'dense_0_act': 'elu', 'learning_rate': 0.003487887260776751}",2536.788848876953
221896,0.846466064453125,486000456,"{'num_conv_layers': 2, 'conv1d_0_filters': 64, 'conv1d_0_kernel_size': 8, 'conv1d_0_act': 'sigmoid', 'pool_size_0': 2, 'conv1d_1_filters': 256, 'conv1d_1_kernel_size': 7, 'conv1d_1_act': 'relu', 'pool_size_1': 1, 'pooling_type': 'max', 'num_dense_layers': 1, 'dense_0_units': 200, 'dense_0_dropout': 0.30000000000000004, 'dense_0_act': 'elu', 'learning_rate': 0.001094688257843496}",2516.2037353515625
96545,0.3682899475097656,189106913,"{'num_conv_layers': 2, 'conv1d_0_filters': 128, 'conv1d_0_kernel_size': 9, 'conv1d_0_act': 'relu', 'pool_size_0': 1, 'conv1d_1_filters': 64, 'conv1d_1_kernel_size': 2, 'conv1d_1_act': 'relu', 'pool_size_1': 2, 'pooling_type': 'average', 'num_dense_layers': 1, 'dense_0_units': 225, 'dense_0_dropout': 0.5, 'dense_0_act': 'relu', 'learning_rate': 0.0013906527142856988}",2514.236831665039
66159,0.2523765563964844,76818863,"{'num_conv_layers': 2, 'conv1d_0_filters': 128, 'conv1d_0_kernel_size': 1, 'conv1d_0_act': 'gelu', 'pool_size_0': 1, 'conv1d_1_filters': 64, 'conv1d_1_kernel_size': 1, 'conv1d_1_act': 'silu', 'pool_size_1': 2, 'pooling_type': 'max', 'num_dense_layers': 1, 'dense_0_units': 175, 'dense_0_dropout': 0.30000000000000004, 'dense_0_act': 'none', 'learning_rate': 0.0002693593574903527}",2513.614486694336
169856,0.64794921875,95915136,"{'num_conv_layers': 2, 'conv1d_0_filters': 64, 'conv1d_0_kernel_size': 9, 'conv1d_0_act': 'tanh', 'pool_size_0': 4, 'conv1d_1_filters': 512, 'conv1d_1_kernel_size': 1, 'conv1d_1_act': 'tanh', 'pool_size_1': 1, 'pooling_type': 'max', 'num_dense_layers': 0, 'learning_rate': 0.009505078307472718}",2483.98583984375
237359,0.9054527282714844,280915371,"{'num_conv_layers': 2, 'conv1d_0_filters': 64, 'conv1d_0_kernel_size': 5, 'conv1d_0_act': 'none', 'pool_size_0': 3, 'conv1d_1_filters': 512, 'conv1d_1_kernel_size': 3, 'conv1d_1_act': 'sigmoid', 'pool_size_1': 3, 'pooling_type': 'average', 'num_dense_layers': 1, 'dense_0_units': 175, 'dense_0_dropout': 0.30000000000000004, 'dense_0_act': 'gelu', 'learning_rate': 0.0042207780097612444}",2481.428451538086
188663,0.7196922302246094,349635813,"{'num_conv_layers': 2, 'conv1d_0_filters': 64, 'conv1d_0_kernel_size': 6, 'conv1d_0_act': 'silu', 'pool_size_0': 1, 'conv1d_1_filters': 128, 'conv1d_1_kernel_size': 5, 'conv1d_1_act': 'tanh', 'pool_size_1': 2, 'pooling_type': 'average', 'num_dense_layers': 1, 'dense_0_units': 375, 'dense_0_dropout': 0.2, 'dense_0_act': 'silu', 'learning_rate': 0.0004268861086847715}",2453.3934173583984
83069,0.3168830871582031,274605309,"{'num_conv_layers': 2, 'conv1d_0_filters': 64, 'conv1d_0_kernel_size': 3, 'conv1d_0_act': 'silu', 'pool_size_0': 1, 'conv1d_1_filters': 128, 'conv1d_1_kernel_size': 4, 'conv1d_1_act': 'sigmoid', 'pool_size_1': 3, 'pooling_type': 'average', 'num_dense_layers': 1, 'dense_0_units': 125, 'dense_0_dropout': 0.2, 'dense_0_act': 'relu', 'learning_rate': 0.0001355874598104393}",2409.728469848633
259247,0.9889488220214844,363095215,"{'num_conv_layers': 2, 'conv1d_0_filters': 128, 'conv1d_0_kernel_size': 5, 'conv1d_0_act': 'gelu', 'pool_size_0': 4, 'conv1d_1_filters': 256, 'conv1d_1_kernel_size': 5, 'conv1d_1_act': 'elu', 'pool_size_1': 1, 'pooling_type': 'max', 'num_dense_layers': 1, 'dense_0_units': 175, 'dense_0_dropout': 0.5, 'dense_0_act': 'none', 'learning_rate': 0.006430914937006601}",2391.650131225586
28860897,110.09558486938477,77845729,"{'num_conv_layers': 1, 'conv1d_0_filters': 128, 'conv1d_0_kernel_size': 3, 'conv1d_0_act': 'elu', 'pool_size_0': 4, 'pooling_type': 'flatten', 'num_dense_layers': 1, 'dense_0_units': 225, 'dense_0_dropout': 0.1, 'dense_0_act': 'none', 'learning_rate': 0.0021247647295848195}",2390.506362915039
143020,0.5455780029296875,215305388,"{'num_conv_layers': 2, 'conv1d_0_filters': 64, 'conv1d_0_kernel_size': 5, 'conv1d_0_act': 'silu', 'pool_size_0': 1, 'conv1d_1_filters': 128, 'conv1d_1_kernel_size': 3, 'conv1d_1_act': 'elu', 'pool_size_1': 4, 'pooling_type': 'average', 'num_dense_layers': 1, 'dense_0_units': 300, 'dense_0_dropout': 0.4, 'dense_0_act': 'sigmoid', 'learning_rate': 0.001970884679790263}",2390.0870971679688
169984,0.6484375,433846784,"{'num_conv_layers': 2, 'conv1d_0_filters': 256, 'conv1d_0_kernel_size': 3, 'conv1d_0_act': 'none', 'pool_size_0': 3, 'conv1d_1_filters': 64, 'conv1d_1_kernel_size': 9, 'conv1d_1_act': 'gelu', 'pool_size_1': 2, 'pooling_type': 'max', 'num_dense_layers': 0, 'learning_rate': 0.002854143171003139}",2389.93115234375
151596,0.5782928466796875,171615020,"{'num_conv_layers': 2, 'conv1d_0_filters': 256, 'conv1d_0_kernel_size': 3, 'conv1d_0_act': 'none', 'pool_size_0': 3, 'conv1d_1_filters': 64, 'conv1d_1_kernel_size': 3, 'conv1d_1_act': 'relu', 'pool_size_1': 3, 'pooling_type': 'average', 'num_dense_layers': 1, 'dense_0_units': 300, 'dense_0_dropout': 0.30000000000000004, 'dense_0_act': 'sigmoid', 'learning_rate': 0.0023058727005940403}",2383.1525268554688
84736,0.3232421875,211428352,"{'num_conv_layers': 2, 'conv1d_0_filters': 128, 'conv1d_0_kernel_size': 2, 'conv1d_0_act': 'elu', 'pool_size_0': 2, 'conv1d_1_filters': 128, 'conv1d_1_kernel_size': 3, 'conv1d_1_act': 'elu', 'pool_size_1': 3, 'pooling_type': 'max', 'num_dense_layers': 0, 'learning_rate': 0.00135327252439623}",2367.8818359375
299008,1.140625,344747136,"{'num_conv_layers': 2, 'conv1d_0_filters': 64, 'conv1d_0_kernel_size': 4, 'conv1d_0_act': 'elu', 'pool_size_0': 4, 'conv1d_1_filters': 512, 'conv1d_1_kernel_size': 5, 'conv1d_1_act': 'gelu', 'pool_size_1': 2, 'pooling_type': 'max', 'num_dense_layers': 0, 'learning_rate': 0.009759277504129174}",2360.95654296875
129174,0.49275970458984375,303126422,"{'num_conv_layers': 2, 'conv1d_0_filters': 128, 'conv1d_0_kernel_size': 6, 'conv1d_0_act': 'silu', 'pool_size_0': 2, 'conv1d_1_filters': 128, 'conv1d_1_kernel_size': 4, 'conv1d_1_act': 'silu', 'pool_size_1': 4, 'pooling_type': 'max', 'num_dense_layers': 1, 'dense_0_units': 150, 'dense_0_dropout': 0.5, 'dense_0_act': 'none', 'learning_rate': 0.0006580527457285382}",2358.3313903808594
150144,0.57275390625,339664512,"{'num_conv_layers': 2, 'conv1d_0_filters': 64, 'conv1d_0_kernel_size': 3, 'conv1d_0_act': 'relu', 'pool_size_0': 2, 'conv1d_1_filters': 256, 'conv1d_1_kernel_size': 5, 'conv1d_1_act': 'sigmoid', 'pool_size_1': 3, 'pooling_type': 'average', 'num_dense_layers': 0, 'learning_rate': 0.00020493493536889116}",2348.06591796875
368169,1.4044532775878906,603607081,"{'num_conv_layers': 2, 'conv1d_0_filters': 64, 'conv1d_0_kernel_size': 3, 'conv1d_0_act': 'silu', 'pool_size_0': 2, 'conv1d_1_filters': 256, 'conv1d_1_kernel_size': 9, 'conv1d_1_act': 'silu', 'pool_size_1': 4, 'pooling_type': 'average', 'num_dense_layers': 1, 'dense_0_units': 425, 'dense_0_dropout': 0.1, 'dense_0_act': 'relu', 'learning_rate': 0.00017077649824325002}",2331.2652740478516
298624,1.13916015625,449596480,"{'num_conv_layers': 2, 'conv1d_0_filters': 64, 'conv1d_0_kernel_size': 3, 'conv1d_0_act': 'elu', 'pool_size_0': 3, 'conv1d_1_filters': 512, 'conv1d_1_kernel_size': 5, 'conv1d_1_act': 'none', 'pool_size_1': 2, 'pooling_type': 'average', 'num_dense_layers': 0, 'learning_rate': 0.007652923696025574}",2329.35693359375
103343,0.3942222595214844,101718797,"{'num_conv_layers': 1, 'conv1d_0_filters': 256, 'conv1d_0_kernel_size': 8, 'conv1d_0_act': 'none', 'pool_size_0': 2, 'pooling_type': 'max', 'num_dense_layers': 1, 'dense_0_units': 175, 'dense_0_dropout': 0.5, 'dense_0_act': 'silu', 'learning_rate': 0.0012756488989714603}",2326.859603881836
101376,0.38671875,146086528,"{'num_conv_layers': 2, 'conv1d_0_filters': 64, 'conv1d_0_kernel_size': 4, 'conv1d_0_act': 'tanh', 'pool_size_0': 2, 'conv1d_1_filters': 256, 'conv1d_1_kernel_size': 2, 'conv1d_1_act': 'sigmoid', 'pool_size_1': 4, 'pooling_type': 'average', 'num_dense_layers': 0, 'learning_rate': 0.000239355502698918}",2326.57177734375
87524,0.3338775634765625,149129956,"{'num_conv_layers': 2, 'conv1d_0_filters': 64, 'conv1d_0_kernel_size': 5, 'conv1d_0_act': 'tanh', 'pool_size_0': 2, 'conv1d_1_filters': 256, 'conv1d_1_kernel_size': 2, 'conv1d_1_act': 'relu', 'pool_size_1': 4, 'pooling_type': 'average', 'num_dense_layers': 1, 'dense_0_units': 100, 'dense_0_dropout': 0.1, 'dense_0_act': 'relu', 'learning_rate': 0.00023164171322928153}",2326.5068969726562
84374,0.32186126708984375,52540822,"{'num_conv_layers': 1, 'conv1d_0_filters': 256, 'conv1d_0_kernel_size': 4, 'conv1d_0_act': 'none', 'pool_size_0': 2, 'pooling_type': 'max', 'num_dense_layers': 1, 'dense_0_units': 150, 'dense_0_dropout': 0.0, 'dense_0_act': 'elu', 'learning_rate': 0.0019250515190240131}",2326.4602966308594
72960,0.2783203125,52518144,"{'num_conv_layers': 1, 'conv1d_0_filters': 256, 'conv1d_0_kernel_size': 4, 'conv1d_0_act': 'none', 'pool_size_0': 2, 'pooling_type': 'max', 'num_dense_layers': 0, 'learning_rate': 0.00021193136981823165}",2326.1396484375
32778880,125.04150390625,114978304,"{'num_conv_layers': 2, 'conv1d_0_filters': 64, 'conv1d_0_kernel_size': 5, 'conv1d_0_act': 'tanh', 'pool_size_0': 2, 'conv1d_1_filters': 64, 'conv1d_1_kernel_size': 2, 'conv1d_1_act': 'tanh', 'pool_size_1': 1, 'pooling_type': 'flatten', 'num_dense_layers': 0, 'learning_rate': 0.0019730275321507788}",2325.0703125
281494,1.0738143920898438,444989334,"{'num_conv_layers': 2, 'conv1d_0_filters': 128, 'conv1d_0_kernel_size': 8, 'conv1d_0_act': 'elu', 'pool_size_0': 4, 'conv1d_1_filters': 256, 'conv1d_1_kernel_size': 6, 'conv1d_1_act': 'elu', 'pool_size_1': 3, 'pooling_type': 'max', 'num_dense_layers': 1, 'dense_0_units': 150, 'dense_0_dropout': 0.4, 'dense_0_act': 'none', 'learning_rate': 0.0006976807211748267}",2308.5901794433594
619508,2.3632354736328125,488743492,"{'num_conv_layers': 2, 'conv1d_0_filters': 64, 'conv1d_0_kernel_size': 8, 'conv1d_0_act': 'elu', 'pool_size_0': 4, 'conv1d_1_filters': 512, 'conv1d_1_kernel_size': 7, 'conv1d_1_act': 'gelu', 'pool_size_1': 4, 'pooling_type': 'average', 'num_dense_layers': 1, 'dense_0_units': 500, 'dense_0_dropout': 0.4, 'dense_0_act': 'gelu', 'learning_rate': 0.0004537291158526252}",2304.0794067382812
483166,1.8431320190429688,648010590,"{'num_conv_layers': 2, 'conv1d_0_filters': 128, 'conv1d_0_kernel_size': 9, 'conv1d_0_act': 'sigmoid', 'pool_size_0': 4, 'conv1d_1_filters': 256, 'conv1d_1_kernel_size': 9, 'conv1d_1_act': 'sigmoid', 'pool_size_1': 4, 'pooling_type': 'average', 'num_dense_layers': 1, 'dense_0_units': 350, 'dense_0_dropout': 0.4, 'dense_0_act': 'relu', 'learning_rate': 0.00012698549727141773}",2301.658660888672
233472,0.890625,350758912,"{'num_conv_layers': 2, 'conv1d_0_filters': 128, 'conv1d_0_kernel_size': 3, 'conv1d_0_act': 'gelu', 'pool_size_0': 4, 'conv1d_1_filters': 256, 'conv1d_1_kernel_size': 5, 'conv1d_1_act': 'none', 'pool_size_1': 1, 'pooling_type': 'max', 'num_dense_layers': 0, 'learning_rate': 0.0062605594113191235}",2266.0859375
163127,0.6222801208496094,336660563,"{'num_conv_layers': 2, 'conv1d_0_filters': 128, 'conv1d_0_kernel_size': 1, 'conv1d_0_act': 'none', 'pool_size_0': 1, 'conv1d_1_filters': 64, 'conv1d_1_kernel_size': 5, 'conv1d_1_act': 'sigmoid', 'pool_size_1': 2, 'pooling_type': 'average', 'num_dense_layers': 1, 'dense_0_units': 375, 'dense_0_dropout': 0.2, 'dense_0_act': 'gelu', 'learning_rate': 0.009500236655911458}",2265.4725189208984
16422784,62.64794921875,340642304,"{'num_conv_layers': 2, 'conv1d_0_filters': 64, 'conv1d_0_kernel_size': 3, 'conv1d_0_act': 'gelu', 'pool_size_0': 1, 'conv1d_1_filters': 64, 'conv1d_1_kernel_size': 9, 'conv1d_1_act': 'gelu', 'pool_size_1': 4, 'pooling_type': 'flatten', 'num_dense_layers': 0, 'learning_rate': 0.00982947903358337}",2262.99609375
44891998,171.24938201904297,102997470,"{'num_conv_layers': 1, 'conv1d_0_filters': 64, 'conv1d_0_kernel_size': 4, 'conv1d_0_act': 'relu', 'pool_size_0': 2, 'pooling_type': 'flatten', 'num_dense_layers': 1, 'dense_0_units': 350, 'dense_0_dropout': 0.2, 'dense_0_act': 'relu', 'learning_rate': 0.0004787394591985067}",2260.415985107422
205943,0.7856101989746094,101923191,"{'num_conv_layers': 1, 'conv1d_0_filters': 256, 'conv1d_0_kernel_size': 8, 'conv1d_0_act': 'none', 'pool_size_0': 3, 'pooling_type': 'max', 'num_dense_layers': 1, 'dense_0_units': 375, 'dense_0_dropout': 0.2, 'dense_0_act': 'sigmoid', 'learning_rate': 0.008799080234481588}",2245.3431243896484
90518,0.34529876708984375,102034414,"{'num_conv_layers': 1, 'conv1d_0_filters': 256, 'conv1d_0_kernel_size': 8, 'conv1d_0_act': 'none', 'pool_size_0': 3, 'pooling_type': 'average', 'num_dense_layers': 1, 'dense_0_units': 150, 'dense_0_dropout': 0.1, 'dense_0_act': 'gelu', 'learning_rate': 0.0026131460230638844}",2243.2522888183594
103424,0.39453125,207715328,"{'num_conv_layers': 2, 'conv1d_0_filters': 128, 'conv1d_0_kernel_size': 5, 'conv1d_0_act': 'elu', 'pool_size_0': 3, 'conv1d_1_filters': 128, 'conv1d_1_kernel_size': 4, 'conv1d_1_act': 'elu', 'pool_size_1': 1, 'pooling_type': 'max', 'num_dense_layers': 0, 'learning_rate': 0.0009696105647271327}",2243.1044921875
79229,0.3022346496582031,114296689,"{'num_conv_layers': 1, 'conv1d_0_filters': 256, 'conv1d_0_kernel_size': 9, 'conv1d_0_act': 'none', 'pool_size_0': 3, 'pooling_type': 'average', 'num_dense_layers': 1, 'dense_0_units': 125, 'dense_0_dropout': 0.4, 'dense_0_act': 'gelu', 'learning_rate': 0.007072831133234425}",2243.043411254883
69888,0.2666015625,28283136,"{'num_conv_layers': 1, 'conv1d_0_filters': 256, 'conv1d_0_kernel_size': 2, 'conv1d_0_act': 'none', 'pool_size_0': 3, 'pooling_type': 'average', 'num_dense_layers': 0, 'learning_rate': 0.00036654415583950624}",2242.7177734375
54272,0.20703125,77700096,"{'num_conv_layers': 2, 'conv1d_0_filters': 128, 'conv1d_0_kernel_size': 5, 'conv1d_0_act': 'silu', 'pool_size_0': 3, 'conv1d_1_filters': 128, 'conv1d_1_kernel_size': 1, 'conv1d_1_act': 'sigmoid', 'pool_size_1': 1, 'pooling_type': 'max', 'num_dense_layers': 0, 'learning_rate': 0.00016319016211681467}",2242.3544921875
36146,0.13788604736328125,77355314,"{'num_conv_layers': 1, 'conv1d_0_filters': 256, 'conv1d_0_kernel_size': 6, 'conv1d_0_act': 'none', 'pool_size_0': 3, 'pooling_type': 'average', 'num_dense_layers': 1, 'dense_0_units': 50, 'dense_0_dropout': 0.4, 'dense_0_act': 'elu', 'learning_rate': 0.00037673054069182994}",2242.276153564453
235392,0.89794921875,226987136,"{'num_conv_layers': 2, 'conv1d_0_filters': 64, 'conv1d_0_kernel_size': 9, 'conv1d_0_act': 'none', 'pool_size_0': 4, 'conv1d_1_filters': 512, 'conv1d_1_kernel_size': 3, 'conv1d_1_act': 'elu', 'pool_size_1': 2, 'pooling_type': 'max', 'num_dense_layers': 0, 'learning_rate': 0.003066449367322775}",2234.98583984375
167552,0.63916015625,77483136,"{'num_conv_layers': 2, 'conv1d_0_filters': 64, 'conv1d_0_kernel_size': 3, 'conv1d_0_act': 'tanh', 'pool_size_0': 4, 'conv1d_1_filters': 512, 'conv1d_1_kernel_size': 1, 'conv1d_1_act': 'none', 'pool_size_1': 1, 'pooling_type': 'max', 'num_dense_layers': 0, 'learning_rate': 0.00149045345251166}",2233.95068359375
251099,0.9578666687011719,52873947,"{'num_conv_layers': 1, 'conv1d_0_filters': 256, 'conv1d_0_kernel_size': 4, 'conv1d_0_act': 'none', 'pool_size_0': 4, 'pooling_type': 'max', 'num_dense_layers': 1, 'dense_0_units': 475, 'dense_0_dropout': 0.30000000000000004, 'dense_0_act': 'tanh', 'learning_rate': 0.00030835910888424284}",2204.5536346435547
266996,1.0185089111328125,77731572,"{'num_conv_layers': 1, 'conv1d_0_filters': 256, 'conv1d_0_kernel_size': 6, 'conv1d_0_act': 'none', 'pool_size_0': 4, 'pooling_type': 'average', 'num_dense_layers': 1, 'dense_0_units': 500, 'dense_0_dropout': 0.0, 'dense_0_act': 'none', 'learning_rate': 0.005864021431508913}",2204.3445434570312
32774144,125.0234375,110242304,"{'num_conv_layers': 1, 'conv1d_0_filters': 128, 'conv1d_0_kernel_size': 7, 'conv1d_0_act': 'none', 'pool_size_0': 4, 'pooling_type': 'flatten', 'num_dense_layers': 0, 'learning_rate': 0.0001065605688225673}",2199.998046875
283639,1.0819969177246094,408257015,"{'num_conv_layers': 2, 'conv1d_0_filters': 128, 'conv1d_0_kernel_size': 9, 'conv1d_0_act': 'silu', 'pool_size_0': 3, 'conv1d_1_filters': 128, 'conv1d_1_kernel_size': 8, 'conv1d_1_act': 'elu', 'pool_size_1': 4, 'pooling_type': 'max', 'num_dense_layers': 1, 'dense_0_units': 375, 'dense_0_dropout': 0.2, 'dense_0_act': 'none', 'learning_rate': 0.002501667574831139}",2183.7205657958984
6408729,24.44736099243164,26799129,"{'num_conv_layers': 1, 'conv1d_0_filters': 128, 'conv1d_0_kernel_size': 2, 'conv1d_0_act': 'tanh', 'pool_size_0': 2, 'pooling_type': 'flatten', 'num_dense_layers': 1, 'dense_0_units': 25, 'dense_0_dropout': 0.30000000000000004, 'dense_0_act': 'none', 'learning_rate': 0.0053167673583729225}",2172.7181549072266
89856,0.3427734375,321635456,"{'num_conv_layers': 2, 'conv1d_0_filters': 128, 'conv1d_0_kernel_size': 9, 'conv1d_0_act': 'gelu', 'pool_size_0': 2, 'conv1d_1_filters': 64, 'conv1d_1_kernel_size': 8, 'conv1d_1_act': 'elu', 'pool_size_1': 4, 'pooling_type': 'average', 'num_dense_layers': 0, 'learning_rate': 0.00026288726115038144}",2154.43017578125
85248,0.3251953125,283715456,"{'num_conv_layers': 2, 'conv1d_0_filters': 128, 'conv1d_0_kernel_size': 3, 'conv1d_0_act': 'silu', 'pool_size_0': 2, 'conv1d_1_filters': 64, 'conv1d_1_kernel_size': 8, 'conv1d_1_act': 'relu', 'pool_size_1': 4, 'pooling_type': 'max', 'num_dense_layers': 0, 'learning_rate': 0.004731078820741798}",2154.35986328125
5479424,20.90234375,107063168,"{'num_conv_layers': 2, 'conv1d_0_filters': 128, 'conv1d_0_kernel_size': 8, 'conv1d_0_act': 'silu', 'pool_size_0': 3, 'conv1d_1_filters': 64, 'conv1d_1_kernel_size': 2, 'conv1d_1_act': 'gelu', 'pool_size_1': 4, 'pooling_type': 'flatten', 'num_dense_layers': 0, 'learning_rate': 0.00023704245932066554}",2137.60595703125
25638294,97.80233001708984,95970326,"{'num_conv_layers': 1, 'conv1d_0_filters': 128, 'conv1d_0_kernel_size': 7, 'conv1d_0_act': 'none', 'pool_size_0': 3, 'pooling_type': 'flatten', 'num_dense_layers': 1, 'dense_0_units': 150, 'dense_0_dropout': 0.1, 'dense_0_act': 'sigmoid', 'learning_rate': 0.00011911979988112636}",2132.9583435058594
4332744,16.528106689453125,66549576,"{'num_conv_layers': 2, 'conv1d_0_filters': 128, 'conv1d_0_kernel_size': 2, 'conv1d_0_act': 'elu', 'pool_size_0': 3, 'conv1d_1_filters': 64, 'conv1d_1_kernel_size': 2, 'conv1d_1_act': 'sigmoid', 'pool_size_1': 4, 'pooling_type': 'flatten', 'num_dense_layers': 1, 'dense_0_units': 200, 'dense_0_dropout': 0.2, 'dense_0_act': 'sigmoid', 'learning_rate': 0.002110309891698169}",2120.4019775390625
220969,0.8429298400878906,157577897,"{'num_conv_layers': 2, 'conv1d_0_filters': 128, 'conv1d_0_kernel_size': 9, 'conv1d_0_act': 'silu', 'pool_size_0': 4, 'conv1d_1_filters': 128, 'conv1d_1_kernel_size': 3, 'conv1d_1_act': 'gelu', 'pool_size_1': 4, 'pooling_type': 'average', 'num_dense_layers': 1, 'dense_0_units': 425, 'dense_0_dropout': 0.30000000000000004, 'dense_0_act': 'relu', 'learning_rate': 0.0022378773431027126}",2094.5831451416016
249569,0.9520301818847656,365446945,"{'num_conv_layers': 2, 'conv1d_0_filters': 64, 'conv1d_0_kernel_size': 4, 'conv1d_0_act': 'sigmoid', 'pool_size_0': 3, 'conv1d_1_filters': 256, 'conv1d_1_kernel_size': 8, 'conv1d_1_act': 'gelu', 'pool_size_1': 2, 'pooling_type': 'average', 'num_dense_layers': 1, 'dense_0_units': 225, 'dense_0_dropout': 0.30000000000000004, 'dense_0_act': 'sigmoid', 'learning_rate': 0.0009122022329281097}",2078.943862915039
186715,0.7122611999511719,27663579,"{'num_conv_layers': 1, 'conv1d_0_filters': 128, 'conv1d_0_kernel_size': 4, 'conv1d_0_act': 'silu', 'pool_size_0': 1, 'pooling_type': 'max', 'num_dense_layers': 1, 'dense_0_units': 475, 'dense_0_dropout': 0.1, 'dense_0_act': 'tanh', 'learning_rate': 0.00478741877730784}",2078.5116424560547
199112,0.759552001953125,280893672,"{'num_conv_layers': 2, 'conv1d_0_filters': 128, 'conv1d_0_kernel_size': 8, 'conv1d_0_act': 'tanh', 'pool_size_0': 4, 'conv1d_1_filters': 128, 'conv1d_1_kernel_size': 7, 'conv1d_1_act': 'none', 'pool_size_1': 1, 'pooling_type': 'average', 'num_dense_layers': 1, 'dense_0_units': 200, 'dense_0_dropout': 0.1, 'dense_0_act': 'gelu', 'learning_rate': 0.00010332100422445863}",2078.2950439453125
148215,0.5653953552246094,26562679,"{'num_conv_layers': 1, 'conv1d_0_filters': 128, 'conv1d_0_kernel_size': 4, 'conv1d_0_act': 'tanh', 'pool_size_0': 1, 'pooling_type': 'max', 'num_dense_layers': 1, 'dense_0_units': 375, 'dense_0_dropout': 0.5, 'dense_0_act': 'elu', 'learning_rate': 0.00012217078518577938}",2077.7776947021484
140126,0.5345382690429688,39344854,"{'num_conv_layers': 1, 'conv1d_0_filters': 128, 'conv1d_0_kernel_size': 6, 'conv1d_0_act': 'relu', 'pool_size_0': 1, 'pooling_type': 'average', 'num_dense_layers': 1, 'dense_0_units': 350, 'dense_0_dropout': 0.2, 'dense_0_act': 'gelu', 'learning_rate': 0.0005686230226771018}",2077.617645263672
102394,0.39060211181640625,46947554,"{'num_conv_layers': 1, 'conv1d_0_filters': 128, 'conv1d_0_kernel_size': 7, 'conv1d_0_act': 'gelu', 'pool_size_0': 1, 'pooling_type': 'max', 'num_dense_layers': 1, 'dense_0_units': 250, 'dense_0_dropout': 0.4, 'dense_0_act': 'gelu', 'learning_rate': 0.00045178689996720864}",2076.8954162597656
136064,0.51904296875,205305920,"{'num_conv_layers': 2, 'conv1d_0_filters': 64, 'conv1d_0_kernel_size': 9, 'conv1d_0_act': 'tanh', 'pool_size_0': 3, 'conv1d_1_filters': 256, 'conv1d_1_kernel_size': 4, 'conv1d_1_act': 'silu', 'pool_size_1': 2, 'pooling_type': 'average', 'num_dense_layers': 0, 'learning_rate': 0.00017259430275088727}",2076.88232421875
74287,0.2833824157714844,51497229,"{'num_conv_layers': 1, 'conv1d_0_filters': 128, 'conv1d_0_kernel_size': 8, 'conv1d_0_act': 'sigmoid', 'pool_size_0': 1, 'pooling_type': 'average', 'num_dense_layers': 1, 'dense_0_units': 175, 'dense_0_dropout': 0.0, 'dense_0_act': 'silu', 'learning_rate': 0.00019155090538906946}",2076.271224975586
60822,0.23201751708984375,20245654,"{'num_conv_layers': 1, 'conv1d_0_filters': 128, 'conv1d_0_kernel_size': 3, 'conv1d_0_act': 'relu', 'pool_size_0': 1, 'pooling_type': 'max', 'num_dense_layers': 1, 'dense_0_units': 150, 'dense_0_dropout': 0.2, 'dense_0_act': 'tanh', 'learning_rate': 0.005027533772963921}",2076.1145935058594
50429,0.19237136840820312,14082429,"{'num_conv_layers': 1, 'conv1d_0_filters': 128, 'conv1d_0_kernel_size': 2, 'conv1d_0_act': 'tanh', 'pool_size_0': 1, 'pooling_type': 'max', 'num_dense_layers': 1, 'dense_0_units': 125, 'dense_0_dropout': 0.5, 'dense_0_act': 'none', 'learning_rate': 0.00017588105630714237}",2075.858352661133
40036,0.1527252197265625,10479204,"{'num_conv_layers': 1, 'conv1d_0_filters': 128, 'conv1d_0_kernel_size': 1, 'conv1d_0_act': 'gelu', 'pool_size_0': 1, 'pooling_type': 'average', 'num_dense_layers': 1, 'dense_0_units': 100, 'dense_0_dropout': 0.5, 'dense_0_act': 'sigmoid', 'learning_rate': 0.0075528417584372325}",2075.7241821289062
37376,0.142578125,32995840,"{'num_conv_layers': 1, 'conv1d_0_filters': 128, 'conv1d_0_kernel_size': 5, 'conv1d_0_act': 'tanh', 'pool_size_0': 1, 'pooling_type': 'average', 'num_dense_layers': 0, 'learning_rate': 0.0019613872371889635}",2075.537109375
35840,0.13671875,20707840,"{'num_conv_layers': 1, 'conv1d_0_filters': 128, 'conv1d_0_kernel_size': 3, 'conv1d_0_act': 'tanh', 'pool_size_0': 1, 'pooling_type': 'average', 'num_dense_layers': 0, 'learning_rate': 0.008126132692853663}",2075.513671875
34304,0.130859375,10467840,"{'num_conv_layers': 1, 'conv1d_0_filters': 128, 'conv1d_0_kernel_size': 1, 'conv1d_0_act': 'gelu', 'pool_size_0': 1, 'pooling_type': 'average', 'num_dense_layers': 0, 'learning_rate': 0.0004149664853846984}",2075.490234375
34304,0.130859375,8419840,"{'num_conv_layers': 1, 'conv1d_0_filters': 128, 'conv1d_0_kernel_size': 1, 'conv1d_0_act': 'tanh', 'pool_size_0': 1, 'pooling_type': 'average', 'num_dense_layers': 0, 'learning_rate': 0.0017183736861712067}",2075.490234375
22322,0.08515167236328125,20680754,"{'num_conv_layers': 1, 'conv1d_0_filters': 128, 'conv1d_0_kernel_size': 3, 'conv1d_0_act': 'sigmoid', 'pool_size_0': 1, 'pooling_type': 'average', 'num_dense_layers': 1, 'dense_0_units': 50, 'dense_0_dropout': 0.5, 'dense_0_act': 'elu', 'learning_rate': 0.00017594205228557122}",2075.380645751953
4151552,15.8369140625,151394688,"{'num_conv_layers': 2, 'conv1d_0_filters': 128, 'conv1d_0_kernel_size': 7, 'conv1d_0_act': 'relu', 'pool_size_0': 4, 'conv1d_1_filters': 64, 'conv1d_1_kernel_size': 6, 'conv1d_1_act': 'elu', 'pool_size_1': 4, 'pooling_type': 'flatten', 'num_dense_layers': 0, 'learning_rate': 0.0001821444922636207}",2060.12548828125
77824,0.296875,181532928,"{'num_conv_layers': 2, 'conv1d_0_filters': 128, 'conv1d_0_kernel_size': 4, 'conv1d_0_act': 'gelu', 'pool_size_0': 3, 'conv1d_1_filters': 64, 'conv1d_1_kernel_size': 7, 'conv1d_1_act': 'elu', 'pool_size_1': 2, 'pooling_type': 'average', 'num_dense_layers': 0, 'learning_rate': 0.0008377177546085939}",2055.21533203125
63744,0.2431640625,154194560,"{'num_conv_layers': 2, 'conv1d_0_filters': 128, 'conv1d_0_kernel_size': 7, 'conv1d_0_act': 'sigmoid', 'pool_size_0': 3, 'conv1d_1_filters': 64, 'conv1d_1_kernel_size': 5, 'conv1d_1_act': 'sigmoid', 'pool_size_1': 2, 'pooling_type': 'max', 'num_dense_layers': 0, 'learning_rate': 0.0008305709655434277}",2055.00048828125
60672,0.2314453125,129618560,"{'num_conv_layers': 2, 'conv1d_0_filters': 128, 'conv1d_0_kernel_size': 3, 'conv1d_0_act': 'sigmoid', 'pool_size_0': 3, 'conv1d_1_filters': 64, 'conv1d_1_kernel_size': 5, 'conv1d_1_act': 'elu', 'pool_size_1': 2, 'pooling_type': 'max', 'num_dense_layers': 0, 'learning_rate': 0.005478459953815653}",2054.95361328125
28672,0.109375,48403072,"{'num_conv_layers': 2, 'conv1d_0_filters': 128, 'conv1d_0_kernel_size': 4, 'conv1d_0_act': 'sigmoid', 'pool_size_0': 3, 'conv1d_1_filters': 64, 'conv1d_1_kernel_size': 1, 'conv1d_1_act': 'sigmoid', 'pool_size_1': 2, 'pooling_type': 'max', 'num_dense_layers': 0, 'learning_rate': 0.006445681897419917}",2054.46533203125
389492,1.4857940673828125,355604996,"{'num_conv_layers': 2, 'conv1d_0_filters': 64, 'conv1d_0_kernel_size': 1, 'conv1d_0_act': 'silu', 'pool_size_0': 3, 'conv1d_1_filters': 256, 'conv1d_1_kernel_size': 8, 'conv1d_1_act': 'elu', 'pool_size_1': 3, 'pooling_type': 'average', 'num_dense_layers': 1, 'dense_0_units': 500, 'dense_0_dropout': 0.5, 'dense_0_act': 'gelu', 'learning_rate': 0.0003734873548825237}",2053.7317504882812
181829,0.6936225891113281,115184197,"{'num_conv_layers': 1, 'conv1d_0_filters': 256, 'conv1d_0_kernel_size': 9, 'conv1d_0_act': 'relu', 'pool_size_0': 1, 'pooling_type': 'average', 'num_dense_layers': 1, 'dense_0_units': 325, 'dense_0_dropout': 0.30000000000000004, 'dense_0_act': 'relu', 'learning_rate': 0.0036245540686748383}",2051.831111907959
6420530,24.49237823486328,69820154,"{'num_conv_layers': 1, 'conv1d_0_filters': 128, 'conv1d_0_kernel_size': 9, 'conv1d_0_act': 'relu', 'pool_size_0': 4, 'pooling_type': 'flatten', 'num_dense_layers': 1, 'dense_0_units': 50, 'dense_0_dropout': 0.1, 'dense_0_act': 'gelu', 'learning_rate': 0.00026284383697854194}",2047.9470520019531
31744,0.12109375,72979072,"{'num_conv_layers': 2, 'conv1d_0_filters': 128, 'conv1d_0_kernel_size': 8, 'conv1d_0_act': 'tanh', 'pool_size_0': 3, 'conv1d_1_filters': 64, 'conv1d_1_kernel_size': 1, 'conv1d_1_act': 'sigmoid', 'pool_size_1': 4, 'pooling_type': 'max', 'num_dense_layers': 0, 'learning_rate': 0.00026333469212745176}",2044.10595703125
290451,1.1079826354980469,399791443,"{'num_conv_layers': 2, 'conv1d_0_filters': 64, 'conv1d_0_kernel_size': 1, 'conv1d_0_act': 'elu', 'pool_size_0': 3, 'conv1d_1_filters': 256, 'conv1d_1_kernel_size': 9, 'conv1d_1_act': 'gelu', 'pool_size_1': 4, 'pooling_type': 'max', 'num_dense_layers': 1, 'dense_0_units': 275, 'dense_0_dropout': 0.4, 'dense_0_act': 'none', 'learning_rate': 0.005526110249438472}",2037.8816375732422
111460,0.4251861572265625,182383844,"{'num_conv_layers': 2, 'conv1d_0_filters': 128, 'conv1d_0_kernel_size': 8, 'conv1d_0_act': 'elu', 'pool_size_0': 4, 'conv1d_1_filters': 128, 'conv1d_1_kernel_size': 4, 'conv1d_1_act': 'none', 'pool_size_1': 3, 'pooling_type': 'max', 'num_dense_layers': 1, 'dense_0_units': 100, 'dense_0_dropout': 0.0, 'dense_0_act': 'sigmoid', 'learning_rate': 0.003250830624653003}",2035.0747680664062
35328,0.134765625,47043456,"{'num_conv_layers': 2, 'conv1d_0_filters': 128, 'conv1d_0_kernel_size': 2, 'conv1d_0_act': 'tanh', 'pool_size_0': 4, 'conv1d_1_filters': 64, 'conv1d_1_kernel_size': 2, 'conv1d_1_act': 'none', 'pool_size_1': 1, 'pooling_type': 'average', 'num_dense_layers': 0, 'learning_rate': 0.0003538731259842038}",1981.72314453125
28032,0.10693359375,88835072,"{'num_conv_layers': 2, 'conv1d_0_filters': 64, 'conv1d_0_kernel_size': 7, 'conv1d_0_act': 'tanh', 'pool_size_0': 1, 'conv1d_1_filters': 64, 'conv1d_1_kernel_size': 2, 'conv1d_1_act': 'relu', 'pool_size_1': 4, 'pooling_type': 'average', 'num_dense_layers': 0, 'learning_rate': 0.00229590356128748}",1981.61328125
62976,0.240234375,122776704,"{'num_conv_layers': 2, 'conv1d_0_filters': 128, 'conv1d_0_kernel_size': 6, 'conv1d_0_act': 'gelu', 'pool_size_0': 4, 'conv1d_1_filters': 64, 'conv1d_1_kernel_size': 5, 'conv1d_1_act': 'none', 'pool_size_1': 3, 'pooling_type': 'average', 'num_dense_layers': 0, 'learning_rate': 0.0025631746431365836}",1961.30126953125
184411,0.7034721374511719,9231579,"{'num_conv_layers': 1, 'conv1d_0_filters': 128, 'conv1d_0_kernel_size': 1, 'conv1d_0_act': 'silu', 'pool_size_0': 2, 'pooling_type': 'max', 'num_dense_layers': 1, 'dense_0_units': 475, 'dense_0_dropout': 0.2, 'dense_0_act': 'elu', 'learning_rate': 0.0025673084136960352}",1953.4764862060547
155536,0.59332275390625,10197904,"{'num_conv_layers': 1, 'conv1d_0_filters': 128, 'conv1d_0_kernel_size': 1, 'conv1d_0_act': 'gelu', 'pool_size_0': 2, 'pooling_type': 'max', 'num_dense_layers': 1, 'dense_0_units': 400, 'dense_0_dropout': 0.0, 'dense_0_act': 'none', 'learning_rate': 0.0015957980543663045}",1952.535400390625
127429,0.4861030578613281,15260229,"{'num_conv_layers': 1, 'conv1d_0_filters': 128, 'conv1d_0_kernel_size': 2, 'conv1d_0_act': 'silu', 'pool_size_0': 2, 'pooling_type': 'max', 'num_dense_layers': 1, 'dense_0_units': 325, 'dense_0_dropout': 0.2, 'dense_0_act': 'tanh', 'learning_rate': 0.009903704584276772}",1952.3872833251953
121644,0.4640350341796875,44938204,"{'num_conv_layers': 1, 'conv1d_0_filters': 128, 'conv1d_0_kernel_size': 7, 'conv1d_0_act': 'relu', 'pool_size_0': 2, 'pooling_type': 'max', 'num_dense_layers': 1, 'dense_0_units': 300, 'dense_0_dropout': 0.2, 'dense_0_act': 'gelu', 'learning_rate': 0.00022924160067572323}",1952.2623901367188
120108,0.4581756591796875,32905004,"{'num_conv_layers': 1, 'conv1d_0_filters': 128, 'conv1d_0_kernel_size': 5, 'conv1d_0_act': 'sigmoid', 'pool_size_0': 2, 'pooling_type': 'average', 'num_dense_layers': 1, 'dense_0_units': 300, 'dense_0_dropout': 0.30000000000000004, 'dense_0_act': 'none', 'learning_rate': 0.002380342866643994}",1952.0924682617188
60822,0.23201751708984375,20501654,"{'num_conv_layers': 1, 'conv1d_0_filters': 128, 'conv1d_0_kernel_size': 3, 'conv1d_0_act': 'tanh', 'pool_size_0': 2, 'pooling_type': 'average', 'num_dense_layers': 1, 'dense_0_units': 150, 'dense_0_dropout': 0.4, 'dense_0_act': 'sigmoid', 'learning_rate': 0.00010444113930212532}",1951.1145935058594
68480,0.26123046875,149220224,"{'num_conv_layers': 2, 'conv1d_0_filters': 64, 'conv1d_0_kernel_size': 5, 'conv1d_0_act': 'gelu', 'pool_size_0': 2, 'conv1d_1_filters': 128, 'conv1d_1_kernel_size': 4, 'conv1d_1_act': 'relu', 'pool_size_1': 2, 'pooling_type': 'max', 'num_dense_layers': 0, 'learning_rate': 0.002073150615037747}",1951.01025390625
34251,0.13065719604492188,38875979,"{'num_conv_layers': 1, 'conv1d_0_filters': 128, 'conv1d_0_kernel_size': 6, 'conv1d_0_act': 'sigmoid', 'pool_size_0': 2, 'pooling_type': 'average', 'num_dense_layers': 1, 'dense_0_units': 75, 'dense_0_dropout': 0.0, 'dense_0_act': 'elu', 'learning_rate': 0.002139830903448301}",1950.5626678466797
38912,0.1484375,44771840,"{'num_conv_layers': 1, 'conv1d_0_filters': 128, 'conv1d_0_kernel_size': 7, 'conv1d_0_act': 'tanh', 'pool_size_0': 2, 'pooling_type': 'max', 'num_dense_layers': 0, 'learning_rate': 0.002006414991011592}",1950.560546875
38144,0.1455078125,38627840,"{'num_conv_layers': 1, 'conv1d_0_filters': 128, 'conv1d_0_kernel_size': 6, 'conv1d_0_act': 'tanh', 'pool_size_0': 2, 'pooling_type': 'max', 'num_dense_layers': 0, 'learning_rate': 0.00048827973335541713}",1950.548828125
36608,0.1396484375,27619840,"{'num_conv_layers': 1, 'conv1d_0_filters': 128, 'conv1d_0_kernel_size': 4, 'conv1d_0_act': 'silu', 'pool_size_0': 2, 'pooling_type': 'average', 'num_dense_layers': 0, 'learning_rate': 0.00011126812072740284}",1950.525390625
35072,0.1337890625,14307840,"{'num_conv_layers': 1, 'conv1d_0_filters': 128, 'conv1d_0_kernel_size': 2, 'conv1d_0_act': 'sigmoid', 'pool_size_0': 2, 'pooling_type': 'average', 'num_dense_layers': 0, 'learning_rate': 0.000197238973924294}",1950.501953125
34304,0.130859375,10211840,"{'num_conv_layers': 1, 'conv1d_0_filters': 128, 'conv1d_0_kernel_size': 1, 'conv1d_0_act': 'gelu', 'pool_size_0': 2, 'pooling_type': 'average', 'num_dense_layers': 0, 'learning_rate': 0.0003260262951941881}",1950.490234375
20786,0.07929229736328125,7880754,"{'num_conv_layers': 1, 'conv1d_0_filters': 128, 'conv1d_0_kernel_size': 1, 'conv1d_0_act': 'tanh', 'pool_size_0': 2, 'pooling_type': 'max', 'num_dense_layers': 1, 'dense_0_units': 50, 'dense_0_dropout': 0.4, 'dense_0_act': 'tanh', 'learning_rate': 0.00022871737333071319}",1950.3572082519531
75520,0.2880859375,172857216,"{'num_conv_layers': 2, 'conv1d_0_filters': 64, 'conv1d_0_kernel_size': 2, 'conv1d_0_act': 'sigmoid', 'pool_size_0': 2, 'conv1d_1_filters': 128, 'conv1d_1_kernel_size': 5, 'conv1d_1_act': 'gelu', 'pool_size_1': 3, 'pooling_type': 'average', 'num_dense_layers': 0, 'learning_rate': 0.00030399341880896447}",1930.24267578125
247006,0.9422531127929688,180787102,"{'num_conv_layers': 2, 'conv1d_0_filters': 64, 'conv1d_0_kernel_size': 1, 'conv1d_0_act': 'none', 'pool_size_0': 3, 'conv1d_1_filters': 256, 'conv1d_1_kernel_size': 4, 'conv1d_1_act': 'silu', 'pool_size_1': 3, 'pooling_type': 'max', 'num_dense_layers': 1, 'dense_0_units': 350, 'dense_0_dropout': 0.5, 'dense_0_act': 'none', 'learning_rate': 0.005404577911027192}",1926.1669616699219
152448,0.58154296875,194854528,"{'num_conv_layers': 2, 'conv1d_0_filters': 64, 'conv1d_0_kernel_size': 9, 'conv1d_0_act': 'gelu', 'pool_size_0': 4, 'conv1d_1_filters': 256, 'conv1d_1_kernel_size': 5, 'conv1d_1_act': 'silu', 'pool_size_1': 2, 'pooling_type': 'max', 'num_dense_layers': 0, 'learning_rate': 0.0034153957603142195}",1921.10107421875
116349,0.4438362121582031,113571581,"{'num_conv_layers': 2, 'conv1d_0_filters': 64, 'conv1d_0_kernel_size': 4, 'conv1d_0_act': 'tanh', 'pool_size_0': 4, 'conv1d_1_filters': 256, 'conv1d_1_kernel_size': 3, 'conv1d_1_act': 'gelu', 'pool_size_1': 2, 'pooling_type': 'average', 'num_dense_layers': 1, 'dense_0_units': 125, 'dense_0_dropout': 0.0, 'dense_0_act': 'none', 'learning_rate': 0.009263450865436066}",1920.6112823486328
116992,0.4462890625,107302528,"{'num_conv_layers': 2, 'conv1d_0_filters': 64, 'conv1d_0_kernel_size': 2, 'conv1d_0_act': 'gelu', 'pool_size_0': 4, 'conv1d_1_filters': 256, 'conv1d_1_kernel_size': 3, 'conv1d_1_act': 'relu', 'pool_size_1': 2, 'pooling_type': 'max', 'num_dense_layers': 0, 'learning_rate': 0.0005298069097336572}",1920.56005859375
74980,0.2860260009765625,154351588,"{'num_conv_layers': 2, 'conv1d_0_filters': 64, 'conv1d_0_kernel_size': 7, 'conv1d_0_act': 'sigmoid', 'pool_size_0': 2, 'conv1d_1_filters': 128, 'conv1d_1_kernel_size': 4, 'conv1d_1_act': 'tanh', 'pool_size_1': 4, 'pooling_type': 'max', 'num_dense_layers': 1, 'dense_0_units': 100, 'dense_0_dropout': 0.4, 'dense_0_act': 'relu', 'learning_rate': 0.001054131346283051}",1920.0059204101562
195572,0.7460479736328125,20514676,"{'num_conv_layers': 1, 'conv1d_0_filters': 128, 'conv1d_0_kernel_size': 3, 'conv1d_0_act': 'sigmoid', 'pool_size_0': 3, 'pooling_type': 'max', 'num_dense_layers': 1, 'dense_0_units': 500, 'dense_0_dropout': 0.5, 'dense_0_act': 'tanh', 'learning_rate': 0.0038841835087431676}",1911.9959106445312
170537,0.6505470275878906,51177001,"{'num_conv_layers': 1, 'conv1d_0_filters': 128, 'conv1d_0_kernel_size': 8, 'conv1d_0_act': 'relu', 'pool_size_0': 3, 'pooling_type': 'max', 'num_dense_layers': 1, 'dense_0_units': 425, 'dense_0_dropout': 0.5, 'dense_0_act': 'relu', 'learning_rate': 0.0005043152808136404}",1911.5040435791016
127429,0.4861030578613281,14236101,"{'num_conv_layers': 1, 'conv1d_0_filters': 128, 'conv1d_0_kernel_size': 2, 'conv1d_0_act': 'relu', 'pool_size_0': 3, 'pooling_type': 'max', 'num_dense_layers': 1, 'dense_0_units': 325, 'dense_0_dropout': 0.1, 'dense_0_act': 'tanh', 'learning_rate': 0.0015215988145126256}",1910.6997833251953
120876,0.4611053466796875,41011500,"{'num_conv_layers': 1, 'conv1d_0_filters': 128, 'conv1d_0_kernel_size': 6, 'conv1d_0_act': 'gelu', 'pool_size_0': 3, 'pooling_type': 'average', 'num_dense_layers': 1, 'dense_0_units': 300, 'dense_0_dropout': 0.2, 'dense_0_act': 'tanh', 'learning_rate': 0.00017835209350895427}",1910.5631713867188
107411,0.4097404479980469,8224275,"{'num_conv_layers': 1, 'conv1d_0_filters': 128, 'conv1d_0_kernel_size': 1, 'conv1d_0_act': 'tanh', 'pool_size_0': 3, 'pooling_type': 'average', 'num_dense_layers': 1, 'dense_0_units': 275, 'dense_0_dropout': 0.1, 'dense_0_act': 'sigmoid', 'learning_rate': 0.0002209822920927231}",1910.3210906982422
103162,0.39353179931640625,51042426,"{'num_conv_layers': 1, 'conv1d_0_filters': 128, 'conv1d_0_kernel_size': 8, 'conv1d_0_act': 'sigmoid', 'pool_size_0': 3, 'pooling_type': 'max', 'num_dense_layers': 1, 'dense_0_units': 250, 'dense_0_dropout': 0.4, 'dense_0_act': 'relu', 'learning_rate': 0.0023664370269867343}",1910.2196350097656
43876,0.1673736572265625,40687076,"{'num_conv_layers': 1, 'conv1d_0_filters': 128, 'conv1d_0_kernel_size': 6, 'conv1d_0_act': 'gelu', 'pool_size_0': 3, 'pooling_type': 'max', 'num_dense_layers': 1, 'dense_0_units': 100, 'dense_0_dropout': 0.2, 'dense_0_act': 'relu', 'learning_rate': 0.00013563077506154042}",1909.0952758789062
38144,0.1455078125,38798336,"{'num_conv_layers': 1, 'conv1d_0_filters': 128, 'conv1d_0_kernel_size': 6, 'conv1d_0_act': 'tanh', 'pool_size_0': 3, 'pooling_type': 'average', 'num_dense_layers': 0, 'learning_rate': 0.006198973487745493}",1908.861328125
37376,0.142578125,32654336,"{'num_conv_layers': 1, 'conv1d_0_filters': 128, 'conv1d_0_kernel_size': 5, 'conv1d_0_act': 'tanh', 'pool_size_0': 3, 'pooling_type': 'average', 'num_dense_layers': 0, 'learning_rate': 0.0010191691897450043}",1908.849609375
36608,0.1396484375,27363712,"{'num_conv_layers': 1, 'conv1d_0_filters': 128, 'conv1d_0_kernel_size': 4, 'conv1d_0_act': 'silu', 'pool_size_0': 3, 'pooling_type': 'max', 'num_dense_layers': 0, 'learning_rate': 0.0017159351682524892}",1908.837890625
36608,0.1396484375,26510336,"{'num_conv_layers': 1, 'conv1d_0_filters': 128, 'conv1d_0_kernel_size': 4, 'conv1d_0_act': 'elu', 'pool_size_0': 3, 'pooling_type': 'average', 'num_dense_layers': 0, 'learning_rate': 0.001991557674290868}",1908.837890625
35840,0.13671875,21219712,"{'num_conv_layers': 1, 'conv1d_0_filters': 128, 'conv1d_0_kernel_size': 3, 'conv1d_0_act': 'silu', 'pool_size_0': 3, 'pooling_type': 'max', 'num_dense_layers': 0, 'learning_rate': 0.00420656340283233}",1908.826171875
35072,0.1337890625,15075712,"{'num_conv_layers': 1, 'conv1d_0_filters': 128, 'conv1d_0_kernel_size': 2, 'conv1d_0_act': 'silu', 'pool_size_0': 3, 'pooling_type': 'max', 'num_dense_layers': 0, 'learning_rate': 0.006347218837789679}",1908.814453125
34304,0.130859375,8078336,"{'num_conv_layers': 1, 'conv1d_0_filters': 128, 'conv1d_0_kernel_size': 1, 'conv1d_0_act': 'relu', 'pool_size_0': 3, 'pooling_type': 'average', 'num_dense_layers': 0, 'learning_rate': 0.00044079692336431825}",1908.802734375
15769,0.060153961181640625,44896025,"{'num_conv_layers': 1, 'conv1d_0_filters': 128, 'conv1d_0_kernel_size': 7, 'conv1d_0_act': 'relu', 'pool_size_0': 3, 'pooling_type': 'average', 'num_dense_layers': 1, 'dense_0_units': 25, 'dense_0_dropout': 0.5, 'dense_0_act': 'tanh', 'learning_rate': 0.00023893255647502973}",1908.5565338134766
356112,1.35845947265625,312466448,"{'num_conv_layers': 2, 'conv1d_0_filters': 64, 'conv1d_0_kernel_size': 5, 'conv1d_0_act': 'relu', 'pool_size_0': 4, 'conv1d_1_filters': 256, 'conv1d_1_kernel_size': 9, 'conv1d_1_act': 'elu', 'pool_size_1': 3, 'pooling_type': 'average', 'num_dense_layers': 1, 'dense_0_units': 400, 'dense_0_dropout': 0.2, 'dense_0_act': 'elu', 'learning_rate': 0.0029280649051286927}",1903.919677734375
12816434,48.89081573486328,51131570,"{'num_conv_layers': 1, 'conv1d_0_filters': 64, 'conv1d_0_kernel_size': 8, 'conv1d_0_act': 'tanh', 'pool_size_0': 1, 'pooling_type': 'flatten', 'num_dense_layers': 1, 'dense_0_units': 50, 'dense_0_dropout': 0.2, 'dense_0_act': 'elu', 'learning_rate': 0.0023104579414941814}",1895.5422668457031
187483,0.7151908874511719,32913479,"{'num_conv_layers': 1, 'conv1d_0_filters': 128, 'conv1d_0_kernel_size': 5, 'conv1d_0_act': 'relu', 'pool_size_0': 4, 'pooling_type': 'average', 'num_dense_layers': 1, 'dense_0_units': 475, 'dense_0_dropout': 0.5, 'dense_0_act': 'gelu', 'learning_rate': 0.0022742914593905936}",1891.0233612060547
4334002,16.53290557861328,165943922,"{'num_conv_layers': 2, 'conv1d_0_filters': 64, 'conv1d_0_kernel_size': 1, 'conv1d_0_act': 'elu', 'pool_size_0': 3, 'conv1d_1_filters': 128, 'conv1d_1_kernel_size': 7, 'conv1d_1_act': 'sigmoid', 'pool_size_1': 2, 'pooling_type': 'flatten', 'num_dense_layers': 1, 'dense_0_units': 50, 'dense_0_dropout': 0.1, 'dense_0_act': 'relu', 'learning_rate': 0.0026859545646455967}",1890.9514465332031
177858,0.6784744262695312,32892354,"{'num_conv_layers': 1, 'conv1d_0_filters': 128, 'conv1d_0_kernel_size': 5, 'conv1d_0_act': 'tanh', 'pool_size_0': 4, 'pooling_type': 'average', 'num_dense_layers': 1, 'dense_0_units': 450, 'dense_0_dropout': 0.2, 'dense_0_act': 'relu', 'learning_rate': 0.004571425689425432}",1890.8398742675781
215296,0.8212890625,302950528,"{'num_conv_layers': 2, 'conv1d_0_filters': 64, 'conv1d_0_kernel_size': 2, 'conv1d_0_act': 'elu', 'pool_size_0': 4, 'conv1d_1_filters': 256, 'conv1d_1_kernel_size': 9, 'conv1d_1_act': 'relu', 'pool_size_1': 4, 'pooling_type': 'average', 'num_dense_layers': 0, 'learning_rate': 0.0010525422307994102}",1890.81005859375
168233,0.6417579650878906,32745129,"{'num_conv_layers': 1, 'conv1d_0_filters': 128, 'conv1d_0_kernel_size': 5, 'conv1d_0_act': 'relu', 'pool_size_0': 4, 'pooling_type': 'max', 'num_dense_layers': 1, 'dense_0_units': 425, 'dense_0_dropout': 0.2, 'dense_0_act': 'tanh', 'learning_rate': 0.003936976671196177}",1890.6563873291016
199296,0.76025390625,273190528,"{'num_conv_layers': 2, 'conv1d_0_filters': 64, 'conv1d_0_kernel_size': 3, 'conv1d_0_act': 'sigmoid', 'pool_size_0': 4, 'conv1d_1_filters': 256, 'conv1d_1_kernel_size': 8, 'conv1d_1_act': 'sigmoid', 'pool_size_1': 4, 'pooling_type': 'max', 'num_dense_layers': 0, 'learning_rate': 0.003406460846831207}",1890.56591796875
157840,0.60211181640625,26581904,"{'num_conv_layers': 1, 'conv1d_0_filters': 128, 'conv1d_0_kernel_size': 4, 'conv1d_0_act': 'sigmoid', 'pool_size_0': 4, 'pooling_type': 'max', 'num_dense_layers': 1, 'dense_0_units': 400, 'dense_0_dropout': 0.4, 'dense_0_act': 'elu', 'learning_rate': 0.0003176476728226276}",1890.461181640625
169769,0.6476173400878906,45033129,"{'num_conv_layers': 1, 'conv1d_0_filters': 128, 'conv1d_0_kernel_size': 7, 'conv1d_0_act': 'sigmoid', 'pool_size_0': 4, 'pooling_type': 'max', 'num_dense_layers': 1, 'dense_0_units': 425, 'dense_0_dropout': 0.0, 'dense_0_act': 'none', 'learning_rate': 0.000277895108423317}",1890.2647857666016
144912,0.55279541015625,128036304,"{'num_conv_layers': 2, 'conv1d_0_filters': 64, 'conv1d_0_kernel_size': 9, 'conv1d_0_act': 'none', 'pool_size_0': 1, 'conv1d_1_filters': 64, 'conv1d_1_kernel_size': 3, 'conv1d_1_act': 'tanh', 'pool_size_1': 2, 'pooling_type': 'average', 'num_dense_layers': 1, 'dense_0_units': 400, 'dense_0_dropout': 0.4, 'dense_0_act': 'gelu', 'learning_rate': 0.00018722349300920446}",1890.232666015625
128965,0.4919624328613281,27676229,"{'num_conv_layers': 1, 'conv1d_0_filters': 128, 'conv1d_0_kernel_size': 4, 'conv1d_0_act': 'silu', 'pool_size_0': 4, 'pooling_type': 'average', 'num_dense_layers': 1, 'dense_0_units': 325, 'dense_0_dropout': 0.5, 'dense_0_act': 'relu', 'learning_rate': 0.0024516121949621317}",1889.9107208251953
107411,0.4097404479980469,8053779,"{'num_conv_layers': 1, 'conv1d_0_filters': 128, 'conv1d_0_kernel_size': 1, 'conv1d_0_act': 'relu', 'pool_size_0': 4, 'pooling_type': 'max', 'num_dense_layers': 1, 'dense_0_units': 275, 'dense_0_dropout': 0.30000000000000004, 'dense_0_act': 'sigmoid', 'learning_rate': 0.0007621550762308673}",1889.5085906982422
101626,0.38767242431640625,39906554,"{'num_conv_layers': 1, 'conv1d_0_filters': 128, 'conv1d_0_kernel_size': 6, 'conv1d_0_act': 'silu', 'pool_size_0': 4, 'pooling_type': 'average', 'num_dense_layers': 1, 'dense_0_units': 250, 'dense_0_dropout': 0.4, 'dense_0_act': 'relu', 'learning_rate': 0.0004952046011678323}",1889.3836975097656
100858,0.38474273681640625,34658554,"{'num_conv_layers': 1, 'conv1d_0_filters': 128, 'conv1d_0_kernel_size': 5, 'conv1d_0_act': 'gelu', 'pool_size_0': 4, 'pooling_type': 'max', 'num_dense_layers': 1, 'dense_0_units': 250, 'dense_0_dropout': 0.30000000000000004, 'dense_0_act': 'tanh', 'learning_rate': 0.0004236767146050496}",1889.3719787597656
40448,0.154296875,57187840,"{'num_conv_layers': 1, 'conv1d_0_filters': 128, 'conv1d_0_kernel_size': 9, 'conv1d_0_act': 'tanh', 'pool_size_0': 4, 'pooling_type': 'average', 'num_dense_layers': 0, 'learning_rate': 0.0010700798771152314}",1888.083984375
38144,0.1455078125,38627840,"{'num_conv_layers': 1, 'conv1d_0_filters': 128, 'conv1d_0_kernel_size': 6, 'conv1d_0_act': 'sigmoid', 'pool_size_0': 4, 'pooling_type': 'max', 'num_dense_layers': 0, 'learning_rate': 0.0004915882038002836}",1888.048828125
37376,0.142578125,34659840,"{'num_conv_layers': 1, 'conv1d_0_filters': 128, 'conv1d_0_kernel_size': 5, 'conv1d_0_act': 'gelu', 'pool_size_0': 4, 'pooling_type': 'average', 'num_dense_layers': 0, 'learning_rate': 0.0004041708147824364}",1888.037109375
35840,0.13671875,20195840,"{'num_conv_layers': 1, 'conv1d_0_filters': 128, 'conv1d_0_kernel_size': 3, 'conv1d_0_act': 'tanh', 'pool_size_0': 4, 'pooling_type': 'max', 'num_dense_layers': 0, 'learning_rate': 0.006357912180919932}",1888.013671875
35840,0.13671875,21347840,"{'num_conv_layers': 1, 'conv1d_0_filters': 128, 'conv1d_0_kernel_size': 3, 'conv1d_0_act': 'silu', 'pool_size_0': 4, 'pooling_type': 'average', 'num_dense_layers': 0, 'learning_rate': 0.00011097877976141896}",1888.013671875
26162,0.09980010986328125,51016754,"{'num_conv_layers': 1, 'conv1d_0_filters': 128, 'conv1d_0_kernel_size': 8, 'conv1d_0_act': 'elu', 'pool_size_0': 4, 'pooling_type': 'average', 'num_dense_layers': 1, 'dense_0_units': 50, 'dense_0_dropout': 0.4, 'dense_0_act': 'sigmoid', 'learning_rate': 0.00045107188961605117}",1887.9392395019531
21843072,83.32470703125,66113600,"{'num_conv_layers': 1, 'conv1d_0_filters': 64, 'conv1d_0_kernel_size': 7, 'conv1d_0_act': 'relu', 'pool_size_0': 3, 'pooling_type': 'flatten', 'num_dense_layers': 0, 'learning_rate': 0.0004543466002318756}",1866.51708984375
152417,0.5814247131347656,88970081,"{'num_conv_layers': 2, 'conv1d_0_filters': 64, 'conv1d_0_kernel_size': 7, 'conv1d_0_act': 'none', 'pool_size_0': 4, 'conv1d_1_filters': 256, 'conv1d_1_kernel_size': 2, 'conv1d_1_act': 'relu', 'pool_size_1': 1, 'pooling_type': 'max', 'num_dense_layers': 1, 'dense_0_units': 225, 'dense_0_dropout': 0.0, 'dense_0_act': 'none', 'learning_rate': 0.0009859390762330898}",1858.710464477539
102756,0.3919830322265625,106250156,"{'num_conv_layers': 2, 'conv1d_0_filters': 64, 'conv1d_0_kernel_size': 2, 'conv1d_0_act': 'none', 'pool_size_0': 4, 'conv1d_1_filters': 256, 'conv1d_1_kernel_size': 3, 'conv1d_1_act': 'tanh', 'pool_size_1': 1, 'pooling_type': 'max', 'num_dense_layers': 1, 'dense_0_units': 100, 'dense_0_dropout': 0.0, 'dense_0_act': 'silu', 'learning_rate': 0.00028721563842437755}",1857.9404907226562
95744,0.365234375,333891328,"{'num_conv_layers': 2, 'conv1d_0_filters': 128, 'conv1d_0_kernel_size': 6, 'conv1d_0_act': 'none', 'pool_size_0': 2, 'conv1d_1_filters': 64, 'conv1d_1_kernel_size': 9, 'conv1d_1_act': 'none', 'pool_size_1': 3, 'pooling_type': 'max', 'num_dense_layers': 0, 'learning_rate': 0.0012050452100642087}",1847.20751953125
25653064,97.85867309570312,61448520,"{'num_conv_layers': 1, 'conv1d_0_filters': 64, 'conv1d_0_kernel_size': 3, 'conv1d_0_act': 'none', 'pool_size_0': 2, 'pooling_type': 'flatten', 'num_dense_layers': 1, 'dense_0_units': 200, 'dense_0_dropout': 0.5, 'dense_0_act': 'none', 'learning_rate': 0.0001247593116513356}",1841.5357666015625
215017,0.8202247619628906,229592781,"{'num_conv_layers': 2, 'conv1d_0_filters': 128, 'conv1d_0_kernel_size': 5, 'conv1d_0_act': 'none', 'pool_size_0': 3, 'conv1d_1_filters': 64, 'conv1d_1_kernel_size': 9, 'conv1d_1_act': 'tanh', 'pool_size_1': 1, 'pooling_type': 'average', 'num_dense_layers': 1, 'dense_0_units': 425, 'dense_0_dropout': 0.4, 'dense_0_act': 'gelu', 'learning_rate': 0.0002951510353814156}",1828.7750396728516
96993,0.3699989318847656,32671393,"{'num_conv_layers': 2, 'conv1d_0_filters': 64, 'conv1d_0_kernel_size': 3, 'conv1d_0_act': 'elu', 'pool_size_0': 3, 'conv1d_1_filters': 128, 'conv1d_1_kernel_size': 1, 'conv1d_1_act': 'relu', 'pool_size_1': 1, 'pooling_type': 'max', 'num_dense_layers': 1, 'dense_0_units': 225, 'dense_0_dropout': 0.2, 'dense_0_act': 'sigmoid', 'learning_rate': 0.009006559244300681}",1826.681167602539
35072,0.1337890625,14563840,"{'num_conv_layers': 1, 'conv1d_0_filters': 128, 'conv1d_0_kernel_size': 2, 'conv1d_0_act': 'none', 'pool_size_0': 1, 'pooling_type': 'average', 'num_dense_layers': 0, 'learning_rate': 0.0043090412000824085}",1825.501953125
23858,0.09101104736328125,32968754,"{'num_conv_layers': 1, 'conv1d_0_filters': 128, 'conv1d_0_kernel_size': 5, 'conv1d_0_act': 'none', 'pool_size_0': 1, 'pooling_type': 'average', 'num_dense_layers': 1, 'dense_0_units': 50, 'dense_0_dropout': 0.5, 'dense_0_act': 'elu', 'learning_rate': 0.00012134858802728374}",1825.4040832519531
6408473,24.44638442993164,26030745,"{'num_conv_layers': 1, 'conv1d_0_filters': 64, 'conv1d_0_kernel_size': 4, 'conv1d_0_act': 'tanh', 'pool_size_0': 1, 'pooling_type': 'flatten', 'num_dense_layers': 1, 'dense_0_units': 25, 'dense_0_dropout': 0.1, 'dense_0_act': 'relu', 'learning_rate': 0.006598723958894318}",1797.7279205322266
17117384,65.29763793945312,60245656,"{'num_conv_layers': 1, 'conv1d_0_filters': 64, 'conv1d_0_kernel_size': 8, 'conv1d_0_act': 'silu', 'pool_size_0': 3, 'pooling_type': 'flatten', 'num_dense_layers': 1, 'dense_0_units': 200, 'dense_0_dropout': 0.30000000000000004, 'dense_0_act': 'silu', 'learning_rate': 0.00323002329439021}",1794.7017822265625
250971,0.9573783874511719,189883143,"{'num_conv_layers': 2, 'conv1d_0_filters': 64, 'conv1d_0_kernel_size': 4, 'conv1d_0_act': 'gelu', 'pool_size_0': 3, 'conv1d_1_filters': 128, 'conv1d_1_kernel_size': 8, 'conv1d_1_act': 'elu', 'pool_size_1': 4, 'pooling_type': 'average', 'num_dense_layers': 1, 'dense_0_units': 475, 'dense_0_dropout': 0.2, 'dense_0_act': 'gelu', 'learning_rate': 0.001127931529001669}",1766.8968963623047
87065,0.3321266174316406,219865789,"{'num_conv_layers': 2, 'conv1d_0_filters': 64, 'conv1d_0_kernel_size': 7, 'conv1d_0_act': 'sigmoid', 'pool_size_0': 3, 'conv1d_1_filters': 128, 'conv1d_1_kernel_size': 9, 'conv1d_1_act': 'silu', 'pool_size_1': 4, 'pooling_type': 'max', 'num_dense_layers': 1, 'dense_0_units': 25, 'dense_0_dropout': 0.30000000000000004, 'dense_0_act': 'gelu', 'learning_rate': 0.0008347607474393855}",1763.7367095947266
50237,0.19163894653320312,44274929,"{'num_conv_layers': 2, 'conv1d_0_filters': 64, 'conv1d_0_kernel_size': 3, 'conv1d_0_act': 'silu', 'pool_size_0': 2, 'conv1d_1_filters': 64, 'conv1d_1_kernel_size': 2, 'conv1d_1_act': 'silu', 'pool_size_1': 1, 'pooling_type': 'average', 'num_dense_layers': 1, 'dense_0_units': 125, 'dense_0_dropout': 0.0, 'dense_0_act': 'gelu', 'learning_rate': 0.0031704323585982717}",1763.3241729736328
21843456,83.326171875,69185600,"{'num_conv_layers': 1, 'conv1d_0_filters': 64, 'conv1d_0_kernel_size': 8, 'conv1d_0_act': 'none', 'pool_size_0': 3, 'pooling_type': 'flatten', 'num_dense_layers': 0, 'learning_rate': 0.002529430201078532}",1741.52294921875
21840768,83.31591796875,47681600,"{'num_conv_layers': 1, 'conv1d_0_filters': 64, 'conv1d_0_kernel_size': 1, 'conv1d_0_act': 'none', 'pool_size_0': 3, 'pooling_type': 'flatten', 'num_dense_layers': 0, 'learning_rate': 0.00032357957909381516}",1741.48193359375
8199168,31.27734375,44130304,"{'num_conv_layers': 2, 'conv1d_0_filters': 64, 'conv1d_0_kernel_size': 6, 'conv1d_0_act': 'tanh', 'pool_size_0': 4, 'conv1d_1_filters': 64, 'conv1d_1_kernel_size': 1, 'conv1d_1_act': 'sigmoid', 'pool_size_1': 2, 'pooling_type': 'flatten', 'num_dense_layers': 0, 'learning_rate': 0.0003171301537864447}",1731.263671875
150633,0.5746192932128906,60210601,"{'num_conv_layers': 2, 'conv1d_0_filters': 64, 'conv1d_0_kernel_size': 3, 'conv1d_0_act': 'tanh', 'pool_size_0': 2, 'conv1d_1_filters': 64, 'conv1d_1_kernel_size': 3, 'conv1d_1_act': 'silu', 'pool_size_1': 3, 'pooling_type': 'max', 'num_dense_layers': 1, 'dense_0_units': 425, 'dense_0_dropout': 0.1, 'dense_0_act': 'sigmoid', 'learning_rate': 0.003530090926019992}",1723.6690826416016
104620,0.3990936279296875,46050604,"{'num_conv_layers': 2, 'conv1d_0_filters': 64, 'conv1d_0_kernel_size': 9, 'conv1d_0_act': 'silu', 'pool_size_0': 2, 'conv1d_1_filters': 64, 'conv1d_1_kernel_size': 1, 'conv1d_1_act': 'sigmoid', 'pool_size_1': 4, 'pooling_type': 'max', 'num_dense_layers': 1, 'dense_0_units': 300, 'dense_0_dropout': 0.1, 'dense_0_act': 'relu', 'learning_rate': 0.007668974086382832}",1717.5963745117188
112979,0.4309806823730469,112082579,"{'num_conv_layers': 2, 'conv1d_0_filters': 64, 'conv1d_0_kernel_size': 9, 'conv1d_0_act': 'gelu', 'pool_size_0': 2, 'conv1d_1_filters': 64, 'conv1d_1_kernel_size': 5, 'conv1d_1_act': 'elu', 'pool_size_1': 4, 'pooling_type': 'max', 'num_dense_layers': 1, 'dense_0_units': 275, 'dense_0_dropout': 0.2, 'dense_0_act': 'none', 'learning_rate': 0.0003535093093923747}",1717.5530242919922
12854984,49.037872314453125,51208520,"{'num_conv_layers': 1, 'conv1d_0_filters': 64, 'conv1d_0_kernel_size': 8, 'conv1d_0_act': 'elu', 'pool_size_0': 4, 'pooling_type': 'flatten', 'num_dense_layers': 1, 'dense_0_units': 200, 'dense_0_dropout': 0.4, 'dense_0_act': 'relu', 'learning_rate': 0.0001444918540728177}",1708.8502197265625
7034629,26.834980010986328,85030415,"{'num_conv_layers': 2, 'conv1d_0_filters': 64, 'conv1d_0_kernel_size': 9, 'conv1d_0_act': 'gelu', 'pool_size_0': 4, 'conv1d_1_filters': 64, 'conv1d_1_kernel_size': 5, 'conv1d_1_act': 'gelu', 'pool_size_1': 3, 'pooling_type': 'flatten', 'num_dense_layers': 1, 'dense_0_units': 325, 'dense_0_dropout': 0.1, 'dense_0_act': 'silu', 'learning_rate': 0.005121796512887476}",1703.5327911376953
151287,0.5771141052246094,51394679,"{'num_conv_layers': 1, 'conv1d_0_filters': 128, 'conv1d_0_kernel_size': 8, 'conv1d_0_act': 'none', 'pool_size_0': 2, 'pooling_type': 'average', 'num_dense_layers': 1, 'dense_0_units': 375, 'dense_0_dropout': 0.2, 'dense_0_act': 'elu', 'learning_rate': 0.0007993938715973717}",1702.8245697021484
149676,0.5709686279296875,70153388,"{'num_conv_layers': 2, 'conv1d_0_filters': 64, 'conv1d_0_kernel_size': 1, 'conv1d_0_act': 'sigmoid', 'pool_size_0': 4, 'conv1d_1_filters': 128, 'conv1d_1_kernel_size': 4, 'conv1d_1_act': 'sigmoid', 'pool_size_1': 2, 'pooling_type': 'max', 'num_dense_layers': 1, 'dense_0_units': 300, 'dense_0_dropout': 0.4, 'dense_0_act': 'elu', 'learning_rate': 0.004259785005018914}",1702.6886596679688
43108,0.1644439697265625,32751604,"{'num_conv_layers': 1, 'conv1d_0_filters': 128, 'conv1d_0_kernel_size': 5, 'conv1d_0_act': 'none', 'pool_size_0': 2, 'pooling_type': 'average', 'num_dense_layers': 1, 'dense_0_units': 100, 'dense_0_dropout': 0.1, 'dense_0_act': 'gelu', 'learning_rate': 0.0002651717299645996}",1700.7710571289062
40448,0.154296875,57059840,"{'num_conv_layers': 1, 'conv1d_0_filters': 128, 'conv1d_0_kernel_size': 9, 'conv1d_0_act': 'none', 'pool_size_0': 2, 'pooling_type': 'max', 'num_dense_layers': 0, 'learning_rate': 0.002783431763876385}",1700.583984375
61056,0.23291015625,72324224,"{'num_conv_layers': 2, 'conv1d_0_filters': 64, 'conv1d_0_kernel_size': 7, 'conv1d_0_act': 'sigmoid', 'pool_size_0': 4, 'conv1d_1_filters': 128, 'conv1d_1_kernel_size': 3, 'conv1d_1_act': 'silu', 'pool_size_1': 4, 'pooling_type': 'average', 'num_dense_layers': 0, 'learning_rate': 0.00162232483635625}",1685.27197265625
11247791,42.906917572021484,41851695,"{'num_conv_layers': 1, 'conv1d_0_filters': 64, 'conv1d_0_kernel_size': 6, 'conv1d_0_act': 'relu', 'pool_size_0': 4, 'pooling_type': 'flatten', 'num_dense_layers': 1, 'dense_0_units': 175, 'dense_0_dropout': 0.5, 'dense_0_act': 'tanh', 'learning_rate': 0.000942933351805437}",1684.289779663086
6414130,24.46796417236328,19899570,"{'num_conv_layers': 1, 'conv1d_0_filters': 64, 'conv1d_0_kernel_size': 2, 'conv1d_0_act': 'tanh', 'pool_size_0': 2, 'pooling_type': 'flatten', 'num_dense_layers': 1, 'dense_0_units': 50, 'dense_0_dropout': 0.5, 'dense_0_act': 'none', 'learning_rate': 0.007938984809358476}",1672.8264465332031
2193508,8.367568969726562,118800548,"{'num_conv_layers': 2, 'conv1d_0_filters': 64, 'conv1d_0_kernel_size': 8, 'conv1d_0_act': 'gelu', 'pool_size_0': 3, 'conv1d_1_filters': 64, 'conv1d_1_kernel_size': 8, 'conv1d_1_act': 'gelu', 'pool_size_1': 4, 'pooling_type': 'flatten', 'num_dense_layers': 1, 'dense_0_units': 100, 'dense_0_dropout': 0.30000000000000004, 'dense_0_act': 'elu', 'learning_rate': 0.0017318967504453074}",1670.9585571289062
9642134,36.781822204589844,44782870,"{'num_conv_layers': 1, 'conv1d_0_filters': 64, 'conv1d_0_kernel_size': 8, 'conv1d_0_act': 'sigmoid', 'pool_size_0': 4, 'pooling_type': 'flatten', 'num_dense_layers': 1, 'dense_0_units': 150, 'dense_0_dropout': 0.1, 'dense_0_act': 'elu', 'learning_rate': 0.00020172239308286939}",1659.7527770996094
34304,0.130859375,8078336,"{'num_conv_layers': 1, 'conv1d_0_filters': 128, 'conv1d_0_kernel_size': 1, 'conv1d_0_act': 'none', 'pool_size_0': 3, 'pooling_type': 'average', 'num_dense_layers': 0, 'learning_rate': 0.0006163177194208004}",1658.802734375
3815663,14.555599212646484,111327215,"{'num_conv_layers': 2, 'conv1d_0_filters': 64, 'conv1d_0_kernel_size': 9, 'conv1d_0_act': 'gelu', 'pool_size_0': 4, 'conv1d_1_filters': 64, 'conv1d_1_kernel_size': 9, 'conv1d_1_act': 'gelu', 'pool_size_1': 3, 'pooling_type': 'flatten', 'num_dense_layers': 1, 'dense_0_units': 175, 'dense_0_dropout': 0.30000000000000004, 'dense_0_act': 'none', 'learning_rate': 0.006476484296664013}",1654.110092163086
139358,0.5316085815429688,32815454,"{'num_conv_layers': 1, 'conv1d_0_filters': 128, 'conv1d_0_kernel_size': 5, 'conv1d_0_act': 'none', 'pool_size_0': 4, 'pooling_type': 'average', 'num_dense_layers': 1, 'dense_0_units': 350, 'dense_0_dropout': 0.2, 'dense_0_act': 'sigmoid', 'learning_rate': 0.0003637680520803199}",1640.1059265136719
71215,0.2716636657714844,26408879,"{'num_conv_layers': 1, 'conv1d_0_filters': 128, 'conv1d_0_kernel_size': 4, 'conv1d_0_act': 'none', 'pool_size_0': 4, 'pooling_type': 'max', 'num_dense_layers': 1, 'dense_0_units': 175, 'dense_0_dropout': 0.0, 'dense_0_act': 'sigmoid', 'learning_rate': 0.001416732501284843}",1638.724349975586
42340,0.1615142822265625,26351604,"{'num_conv_layers': 1, 'conv1d_0_filters': 128, 'conv1d_0_kernel_size': 4, 'conv1d_0_act': 'none', 'pool_size_0': 4, 'pooling_type': 'max', 'num_dense_layers': 1, 'dense_0_units': 100, 'dense_0_dropout': 0.4, 'dense_0_act': 'gelu', 'learning_rate': 0.00016287354755781624}",1638.2593383789062
21632,0.08251953125,21315072,"{'num_conv_layers': 2, 'conv1d_0_filters': 64, 'conv1d_0_kernel_size': 1, 'conv1d_0_act': 'none', 'pool_size_0': 2, 'conv1d_1_filters': 64, 'conv1d_1_kernel_size': 1, 'conv1d_1_act': 'gelu', 'pool_size_1': 1, 'pooling_type': 'max', 'num_dense_layers': 0, 'learning_rate': 0.004779847827285366}",1637.765625
8035325,30.652332305908203,38498045,"{'num_conv_layers': 1, 'conv1d_0_filters': 64, 'conv1d_0_kernel_size': 7, 'conv1d_0_act': 'sigmoid', 'pool_size_0': 4, 'pooling_type': 'flatten', 'num_dense_layers': 1, 'dense_0_units': 125, 'dense_0_dropout': 0.0, 'dense_0_act': 'relu', 'learning_rate': 0.007642329915500054}",1635.1371612548828
46208,0.17626953125,81583680,"{'num_conv_layers': 2, 'conv1d_0_filters': 64, 'conv1d_0_kernel_size': 1, 'conv1d_0_act': 'silu', 'pool_size_0': 3, 'conv1d_1_filters': 64, 'conv1d_1_kernel_size': 7, 'conv1d_1_act': 'gelu', 'pool_size_1': 4, 'pooling_type': 'max', 'num_dense_layers': 0, 'learning_rate': 0.00021895043712754047}",1627.671875
100221,0.3823127746582031,116130813,"{'num_conv_layers': 2, 'conv1d_0_filters': 64, 'conv1d_0_kernel_size': 5, 'conv1d_0_act': 'gelu', 'pool_size_0': 4, 'conv1d_1_filters': 128, 'conv1d_1_kernel_size': 6, 'conv1d_1_act': 'none', 'pool_size_1': 4, 'pooling_type': 'average', 'num_dense_layers': 1, 'dense_0_units': 125, 'dense_0_dropout': 0.1, 'dense_0_act': 'sigmoid', 'learning_rate': 0.00011128381037003044}",1623.5526885986328
128478,0.49010467529296875,75266654,"{'num_conv_layers': 2, 'conv1d_0_filters': 64, 'conv1d_0_kernel_size': 8, 'conv1d_0_act': 'none', 'pool_size_0': 2, 'conv1d_1_filters': 64, 'conv1d_1_kernel_size': 3, 'conv1d_1_act': 'elu', 'pool_size_1': 2, 'pooling_type': 'max', 'num_dense_layers': 1, 'dense_0_units': 350, 'dense_0_dropout': 0.1, 'dense_0_act': 'tanh', 'learning_rate': 0.00011756959248571479}",1608.6586608886719
147266,0.5617752075195312,19650370,"{'num_conv_layers': 1, 'conv1d_0_filters': 64, 'conv1d_0_kernel_size': 6, 'conv1d_0_act': 'elu', 'pool_size_0': 1, 'pooling_type': 'max', 'num_dense_layers': 1, 'dense_0_units': 450, 'dense_0_dropout': 0.2, 'dense_0_act': 'tanh', 'learning_rate': 0.0006772830061750029}",1577.8432922363281
138857,0.5296974182128906,16818345,"{'num_conv_layers': 1, 'conv1d_0_filters': 64, 'conv1d_0_kernel_size': 5, 'conv1d_0_act': 'elu', 'pool_size_0': 1, 'pooling_type': 'average', 'num_dense_layers': 1, 'dense_0_units': 425, 'dense_0_dropout': 0.30000000000000004, 'dense_0_act': 'tanh', 'learning_rate': 0.0003679946491039099}",1577.6783599853516
115166,0.43932342529296875,19586270,"{'num_conv_layers': 1, 'conv1d_0_filters': 64, 'conv1d_0_kernel_size': 6, 'conv1d_0_act': 'elu', 'pool_size_0': 1, 'pooling_type': 'max', 'num_dense_layers': 1, 'dense_0_units': 350, 'dense_0_dropout': 0.0, 'dense_0_act': 'none', 'learning_rate': 0.000633944557322943}",1576.8652038574219
49814,0.19002532958984375,10754070,"{'num_conv_layers': 1, 'conv1d_0_filters': 64, 'conv1d_0_kernel_size': 3, 'conv1d_0_act': 'silu', 'pool_size_0': 1, 'pooling_type': 'max', 'num_dense_layers': 1, 'dense_0_units': 150, 'dense_0_dropout': 0.1, 'dense_0_act': 'relu', 'learning_rate': 0.00015047667209445163}",1575.9168395996094
18098,0.06903839111328125,13249970,"{'num_conv_layers': 1, 'conv1d_0_filters': 64, 'conv1d_0_kernel_size': 4, 'conv1d_0_act': 'relu', 'pool_size_0': 1, 'pooling_type': 'max', 'num_dense_layers': 1, 'dense_0_units': 50, 'dense_0_dropout': 0.5, 'dense_0_act': 'tanh', 'learning_rate': 0.00011675950777670869}",1575.2864074707031
20352,0.07763671875,28610688,"{'num_conv_layers': 1, 'conv1d_0_filters': 64, 'conv1d_0_kernel_size': 9, 'conv1d_0_act': 'sigmoid', 'pool_size_0': 1, 'pooling_type': 'max', 'num_dense_layers': 0, 'learning_rate': 0.0005133819563786136}",1575.24755859375
20352,0.07763671875,28866688,"{'num_conv_layers': 1, 'conv1d_0_filters': 64, 'conv1d_0_kernel_size': 9, 'conv1d_0_act': 'tanh', 'pool_size_0': 1, 'pooling_type': 'average', 'num_dense_layers': 0, 'learning_rate': 0.009216511318373519}",1575.24755859375
19584,0.07470703125,22722688,"{'num_conv_layers': 1, 'conv1d_0_filters': 64, 'conv1d_0_kernel_size': 7, 'conv1d_0_act': 'elu', 'pool_size_0': 1, 'pooling_type': 'average', 'num_dense_layers': 0, 'learning_rate': 0.0003318595999823405}",1575.23583984375
19584,0.07470703125,22978688,"{'num_conv_layers': 1, 'conv1d_0_filters': 64, 'conv1d_0_kernel_size': 7, 'conv1d_0_act': 'silu', 'pool_size_0': 1, 'pooling_type': 'max', 'num_dense_layers': 0, 'learning_rate': 0.0007935013895148816}",1575.23583984375
19200,0.0732421875,19394688,"{'num_conv_layers': 1, 'conv1d_0_filters': 64, 'conv1d_0_kernel_size': 6, 'conv1d_0_act': 'relu', 'pool_size_0': 1, 'pooling_type': 'max', 'num_dense_layers': 0, 'learning_rate': 0.00045519577163487626}",1575.22998046875
18048,0.06884765625,10178688,"{'num_conv_layers': 1, 'conv1d_0_filters': 64, 'conv1d_0_kernel_size': 3, 'conv1d_0_act': 'relu', 'pool_size_0': 1, 'pooling_type': 'max', 'num_dense_layers': 0, 'learning_rate': 0.000567889716076737}",1575.21240234375
17280,0.06591796875,4290688,"{'num_conv_layers': 1, 'conv1d_0_filters': 64, 'conv1d_0_kernel_size': 1, 'conv1d_0_act': 'elu', 'pool_size_0': 1, 'pooling_type': 'average', 'num_dense_layers': 0, 'learning_rate': 0.0009166259248048427}",1575.20068359375
2140505,8.16537857055664,12376281,"{'num_conv_layers': 1, 'conv1d_0_filters': 64, 'conv1d_0_kernel_size': 2, 'conv1d_0_act': 'gelu', 'pool_size_0': 3, 'pooling_type': 'flatten', 'num_dense_layers': 1, 'dense_0_units': 25, 'dense_0_dropout': 0.5, 'dense_0_act': 'tanh', 'learning_rate': 0.004541955278300578}",1565.9163970947266
164468,0.6273956298828125,29026420,"{'num_conv_layers': 1, 'conv1d_0_filters': 64, 'conv1d_0_kernel_size': 9, 'conv1d_0_act': 'relu', 'pool_size_0': 2, 'pooling_type': 'average', 'num_dense_layers': 1, 'dense_0_units': 500, 'dense_0_dropout': 0.30000000000000004, 'dense_0_act': 'tanh', 'learning_rate': 0.00015825457711410288}",1515.6790161132812
138857,0.5296974182128906,17204045,"{'num_conv_layers': 1, 'conv1d_0_filters': 64, 'conv1d_0_kernel_size': 5, 'conv1d_0_act': 'silu', 'pool_size_0': 2, 'pooling_type': 'average', 'num_dense_layers': 1, 'dense_0_units': 425, 'dense_0_dropout': 0.2, 'dense_0_act': 'gelu', 'learning_rate': 0.0005756341064097352}",1515.1783599853516
129680,0.49468994140625,8354320,"{'num_conv_layers': 1, 'conv1d_0_filters': 64, 'conv1d_0_kernel_size': 2, 'conv1d_0_act': 'gelu', 'pool_size_0': 2, 'pooling_type': 'max', 'num_dense_layers': 1, 'dense_0_units': 400, 'dense_0_dropout': 0.2, 'dense_0_act': 'elu', 'learning_rate': 0.007493870440929376}",1515.001708984375
116318,0.44371795654296875,28930270,"{'num_conv_layers': 1, 'conv1d_0_filters': 64, 'conv1d_0_kernel_size': 9, 'conv1d_0_act': 'elu', 'pool_size_0': 2, 'pooling_type': 'average', 'num_dense_layers': 1, 'dense_0_units': 350, 'dense_0_dropout': 0.30000000000000004, 'dense_0_act': 'tanh', 'learning_rate': 0.00026073698680006404}",1514.7245788574219
34916,0.1331939697265625,19554020,"{'num_conv_layers': 1, 'conv1d_0_filters': 64, 'conv1d_0_kernel_size': 6, 'conv1d_0_act': 'sigmoid', 'pool_size_0': 2, 'pooling_type': 'average', 'num_dense_layers': 1, 'dense_0_units': 100, 'dense_0_dropout': 0.4, 'dense_0_act': 'sigmoid', 'learning_rate': 0.004546853138232607}",1513.1162719726562
20352,0.07763671875,28738688,"{'num_conv_layers': 1, 'conv1d_0_filters': 64, 'conv1d_0_kernel_size': 9, 'conv1d_0_act': 'tanh', 'pool_size_0': 2, 'pooling_type': 'average', 'num_dense_layers': 0, 'learning_rate': 0.004764179076689941}",1512.74755859375
19968,0.076171875,25666688,"{'num_conv_layers': 1, 'conv1d_0_filters': 64, 'conv1d_0_kernel_size': 8, 'conv1d_0_act': 'elu', 'pool_size_0': 2, 'pooling_type': 'average', 'num_dense_layers': 0, 'learning_rate': 0.00662359823909697}",1512.74169921875
19968,0.076171875,25666688,"{'num_conv_layers': 1, 'conv1d_0_filters': 64, 'conv1d_0_kernel_size': 8, 'conv1d_0_act': 'elu', 'pool_size_0': 2, 'pooling_type': 'average', 'num_dense_layers': 0, 'learning_rate': 0.0001620493630620133}",1512.74169921875
19968,0.076171875,25538688,"{'num_conv_layers': 1, 'conv1d_0_filters': 64, 'conv1d_0_kernel_size': 8, 'conv1d_0_act': 'relu', 'pool_size_0': 2, 'pooling_type': 'max', 'num_dense_layers': 0, 'learning_rate': 0.00044915604460811975}",1512.74169921875
19584,0.07470703125,23490688,"{'num_conv_layers': 1, 'conv1d_0_filters': 64, 'conv1d_0_kernel_size': 7, 'conv1d_0_act': 'gelu', 'pool_size_0': 2, 'pooling_type': 'max', 'num_dense_layers': 0, 'learning_rate': 0.00012522499463706965}",1512.73583984375
19584,0.07470703125,23618688,"{'num_conv_layers': 1, 'conv1d_0_filters': 64, 'conv1d_0_kernel_size': 7, 'conv1d_0_act': 'gelu', 'pool_size_0': 2, 'pooling_type': 'average', 'num_dense_layers': 0, 'learning_rate': 0.0026768552371025313}",1512.73583984375
19584,0.07470703125,22594688,"{'num_conv_layers': 1, 'conv1d_0_filters': 64, 'conv1d_0_kernel_size': 7, 'conv1d_0_act': 'sigmoid', 'pool_size_0': 2, 'pooling_type': 'average', 'num_dense_layers': 0, 'learning_rate': 0.0001090256762476686}",1512.73583984375
19200,0.0732421875,19522688,"{'num_conv_layers': 1, 'conv1d_0_filters': 64, 'conv1d_0_kernel_size': 6, 'conv1d_0_act': 'tanh', 'pool_size_0': 2, 'pooling_type': 'average', 'num_dense_layers': 0, 'learning_rate': 0.000637659200201741}",1512.72998046875
19200,0.0732421875,19906688,"{'num_conv_layers': 1, 'conv1d_0_filters': 64, 'conv1d_0_kernel_size': 6, 'conv1d_0_act': 'silu', 'pool_size_0': 2, 'pooling_type': 'max', 'num_dense_layers': 0, 'learning_rate': 0.0005505879954771715}",1512.72998046875
17664,0.0673828125,7106688,"{'num_conv_layers': 1, 'conv1d_0_filters': 64, 'conv1d_0_kernel_size': 2, 'conv1d_0_act': 'relu', 'pool_size_0': 2, 'pooling_type': 'max', 'num_dense_layers': 0, 'learning_rate': 0.0006145052865351887}",1512.70654296875
17280,0.06591796875,4034688,"{'num_conv_layers': 1, 'conv1d_0_filters': 64, 'conv1d_0_kernel_size': 1, 'conv1d_0_act': 'sigmoid', 'pool_size_0': 2, 'pooling_type': 'max', 'num_dense_layers': 0, 'learning_rate': 0.0018442637554453925}",1512.70068359375
17280,0.06591796875,5058688,"{'num_conv_layers': 1, 'conv1d_0_filters': 64, 'conv1d_0_kernel_size': 1, 'conv1d_0_act': 'gelu', 'pool_size_0': 2, 'pooling_type': 'max', 'num_dense_layers': 0, 'learning_rate': 0.0012186721023694739}",1512.70068359375
17280,0.06591796875,4162688,"{'num_conv_layers': 1, 'conv1d_0_filters': 64, 'conv1d_0_kernel_size': 1, 'conv1d_0_act': 'sigmoid', 'pool_size_0': 2, 'pooling_type': 'average', 'num_dense_layers': 0, 'learning_rate': 0.0001100267647494317}",1512.70068359375
162932,0.6215362548828125,17635356,"{'num_conv_layers': 1, 'conv1d_0_filters': 64, 'conv1d_0_kernel_size': 5, 'conv1d_0_act': 'gelu', 'pool_size_0': 3, 'pooling_type': 'max', 'num_dense_layers': 1, 'dense_0_units': 500, 'dense_0_dropout': 0.5, 'dense_0_act': 'silu', 'learning_rate': 0.00018031200981281388}",1494.8118286132812
129680,0.49468994140625,7415568,"{'num_conv_layers': 1, 'conv1d_0_filters': 64, 'conv1d_0_kernel_size': 2, 'conv1d_0_act': 'relu', 'pool_size_0': 3, 'pooling_type': 'average', 'num_dense_layers': 1, 'dense_0_units': 400, 'dense_0_dropout': 0.0, 'dense_0_act': 'none', 'learning_rate': 0.00018591296346773717}",1493.767333984375
113246,0.43199920654296875,4226906,"{'num_conv_layers': 1, 'conv1d_0_filters': 64, 'conv1d_0_kernel_size': 1, 'conv1d_0_act': 'elu', 'pool_size_0': 3, 'pooling_type': 'max', 'num_dense_layers': 1, 'dense_0_units': 350, 'dense_0_dropout': 0.0, 'dense_0_act': 'silu', 'learning_rate': 0.0001765079318992669}",1493.6630554199219
106757,0.4072456359863281,16498181,"{'num_conv_layers': 1, 'conv1d_0_filters': 64, 'conv1d_0_kernel_size': 5, 'conv1d_0_act': 'sigmoid', 'pool_size_0': 3, 'pooling_type': 'max', 'num_dense_layers': 1, 'dense_0_units': 325, 'dense_0_dropout': 0.5, 'dense_0_act': 'none', 'learning_rate': 0.00015263850667178645}",1493.5396270751953
97964,0.3737030029296875,10338156,"{'num_conv_layers': 1, 'conv1d_0_filters': 64, 'conv1d_0_kernel_size': 3, 'conv1d_0_act': 'relu', 'pool_size_0': 3, 'pooling_type': 'max', 'num_dense_layers': 1, 'dense_0_units': 300, 'dense_0_dropout': 0.30000000000000004, 'dense_0_act': 'sigmoid', 'learning_rate': 0.00676006048100846}",1493.5275268554688
42941,0.16380691528320312,20466231,"{'num_conv_layers': 1, 'conv1d_0_filters': 64, 'conv1d_0_kernel_size': 6, 'conv1d_0_act': 'gelu', 'pool_size_0': 3, 'pooling_type': 'max', 'num_dense_layers': 1, 'dense_0_units': 125, 'dense_0_dropout': 0.30000000000000004, 'dense_0_act': 'silu', 'learning_rate': 0.0012205099964272199}",1492.4315948486328
19200,0.0732421875,19479936,"{'num_conv_layers': 1, 'conv1d_0_filters': 64, 'conv1d_0_kernel_size': 6, 'conv1d_0_act': 'tanh', 'pool_size_0': 3, 'pooling_type': 'average', 'num_dense_layers': 0, 'learning_rate': 0.0009834944251065666}",1491.88623046875
19200,0.0732421875,19479936,"{'num_conv_layers': 1, 'conv1d_0_filters': 64, 'conv1d_0_kernel_size': 6, 'conv1d_0_act': 'sigmoid', 'pool_size_0': 3, 'pooling_type': 'average', 'num_dense_layers': 0, 'learning_rate': 0.0001928126184843239}",1491.88623046875
19200,0.0732421875,19991936,"{'num_conv_layers': 1, 'conv1d_0_filters': 64, 'conv1d_0_kernel_size': 6, 'conv1d_0_act': 'silu', 'pool_size_0': 3, 'pooling_type': 'average', 'num_dense_layers': 0, 'learning_rate': 0.00021675638740785262}",1491.88623046875
17280,0.06591796875,4034624,"{'num_conv_layers': 1, 'conv1d_0_filters': 64, 'conv1d_0_kernel_size': 1, 'conv1d_0_act': 'tanh', 'pool_size_0': 3, 'pooling_type': 'max', 'num_dense_layers': 0, 'learning_rate': 0.0004704936634852206}",1491.85693359375
124343,0.4743309020996094,29394295,"{'num_conv_layers': 1, 'conv1d_0_filters': 64, 'conv1d_0_kernel_size': 9, 'conv1d_0_act': 'silu', 'pool_size_0': 4, 'pooling_type': 'average', 'num_dense_layers': 1, 'dense_0_units': 375, 'dense_0_dropout': 0.2, 'dense_0_act': 'sigmoid', 'learning_rate': 0.0005521958732058042}",1483.6336517333984
97580,0.3722381591796875,8290220,"{'num_conv_layers': 1, 'conv1d_0_filters': 64, 'conv1d_0_kernel_size': 2, 'conv1d_0_act': 'gelu', 'pool_size_0': 4, 'pooling_type': 'max', 'num_dense_layers': 1, 'dense_0_units': 300, 'dense_0_dropout': 0.0, 'dense_0_act': 'relu', 'learning_rate': 0.00019270032617227498}",1482.9689331054688
90323,0.3445549011230469,13458195,"{'num_conv_layers': 1, 'conv1d_0_filters': 64, 'conv1d_0_kernel_size': 4, 'conv1d_0_act': 'sigmoid', 'pool_size_0': 4, 'pooling_type': 'average', 'num_dense_layers': 1, 'dense_0_units': 275, 'dense_0_dropout': 0.5, 'dense_0_act': 'sigmoid', 'learning_rate': 0.0028481713755848202}",1482.9680633544922
74273,0.2833290100097656,13426145,"{'num_conv_layers': 1, 'conv1d_0_filters': 64, 'conv1d_0_kernel_size': 4, 'conv1d_0_act': 'tanh', 'pool_size_0': 4, 'pooling_type': 'average', 'num_dense_layers': 1, 'dense_0_units': 225, 'dense_0_dropout': 0.4, 'dense_0_act': 'sigmoid', 'learning_rate': 0.0023490834563405123}",1482.649917602539
74657,0.2847938537597656,16498595,"{'num_conv_layers': 1, 'conv1d_0_filters': 64, 'conv1d_0_kernel_size': 5, 'conv1d_0_act': 'elu', 'pool_size_0': 4, 'pooling_type': 'average', 'num_dense_layers': 1, 'dense_0_units': 225, 'dense_0_dropout': 0.0, 'dense_0_act': 'silu', 'learning_rate': 0.0007611425383181424}",1482.545913696289
19584,0.07470703125,22530688,"{'num_conv_layers': 1, 'conv1d_0_filters': 64, 'conv1d_0_kernel_size': 7, 'conv1d_0_act': 'sigmoid', 'pool_size_0': 4, 'pooling_type': 'average', 'num_dense_layers': 0, 'learning_rate': 0.00019406385544282502}",1481.48583984375
19200,0.0732421875,19458688,"{'num_conv_layers': 1, 'conv1d_0_filters': 64, 'conv1d_0_kernel_size': 6, 'conv1d_0_act': 'tanh', 'pool_size_0': 4, 'pooling_type': 'average', 'num_dense_layers': 0, 'learning_rate': 0.002897966574121118}",1481.47998046875
17664,0.0673828125,8130688,"{'num_conv_layers': 1, 'conv1d_0_filters': 64, 'conv1d_0_kernel_size': 2, 'conv1d_0_act': 'gelu', 'pool_size_0': 4, 'pooling_type': 'max', 'num_dense_layers': 0, 'learning_rate': 0.009387124040625675}",1481.45654296875
46592,0.177734375,64659072,"{'num_conv_layers': 2, 'conv1d_0_filters': 64, 'conv1d_0_kernel_size': 2, 'conv1d_0_act': 'none', 'pool_size_0': 4, 'conv1d_1_filters': 64, 'conv1d_1_kernel_size': 7, 'conv1d_1_act': 'tanh', 'pool_size_1': 4, 'pooling_type': 'average', 'num_dense_layers': 0, 'learning_rate': 0.005949050441291458}",1458.458984375
57839,0.22063827514648438,10514095,"{'num_conv_layers': 1, 'conv1d_0_filters': 64, 'conv1d_0_kernel_size': 3, 'conv1d_0_act': 'none', 'pool_size_0': 1, 'pooling_type': 'average', 'num_dense_layers': 1, 'dense_0_units': 175, 'dense_0_dropout': 0.5, 'dense_0_act': 'elu', 'learning_rate': 0.0018157097363133681}",1451.075912475586
19968,0.076171875,25794688,"{'num_conv_layers': 1, 'conv1d_0_filters': 64, 'conv1d_0_kernel_size': 8, 'conv1d_0_act': 'none', 'pool_size_0': 1, 'pooling_type': 'average', 'num_dense_layers': 0, 'learning_rate': 0.0004674171533754323}",1450.24169921875
8921,0.034030914306640625,4274045,"{'num_conv_layers': 1, 'conv1d_0_filters': 64, 'conv1d_0_kernel_size': 1, 'conv1d_0_act': 'none', 'pool_size_0': 1, 'pooling_type': 'average', 'num_dense_layers': 1, 'dense_0_units': 25, 'dense_0_dropout': 0.4, 'dense_0_act': 'gelu', 'learning_rate': 0.0011349054095162517}",1450.1097564697266
161396,0.6156768798828125,4322420,"{'num_conv_layers': 1, 'conv1d_0_filters': 64, 'conv1d_0_kernel_size': 1, 'conv1d_0_act': 'none', 'pool_size_0': 2, 'pooling_type': 'max', 'num_dense_layers': 1, 'dense_0_units': 500, 'dense_0_dropout': 0.2, 'dense_0_act': 'relu', 'learning_rate': 0.0009744580642261333}",1390.6321411132812
19584,0.07470703125,22594688,"{'num_conv_layers': 1, 'conv1d_0_filters': 64, 'conv1d_0_kernel_size': 7, 'conv1d_0_act': 'none', 'pool_size_0': 2, 'pooling_type': 'average', 'num_dense_layers': 0, 'learning_rate': 0.003965141399030798}",1387.73583984375
17714,0.06757354736328125,10263218,"{'num_conv_layers': 1, 'conv1d_0_filters': 64, 'conv1d_0_kernel_size': 3, 'conv1d_0_act': 'none', 'pool_size_0': 3, 'pooling_type': 'average', 'num_dense_layers': 1, 'dense_0_units': 50, 'dense_0_dropout': 0.2, 'dense_0_act': 'elu', 'learning_rate': 0.0017129985410589846}",1366.9367980957031
20352,0.07763671875,28695936,"{'num_conv_layers': 1, 'conv1d_0_filters': 64, 'conv1d_0_kernel_size': 9, 'conv1d_0_act': 'none', 'pool_size_0': 3, 'pooling_type': 'average', 'num_dense_layers': 0, 'learning_rate': 0.000571106669674931}",1366.90380859375
50198,0.19149017333984375,13314070,"{'num_conv_layers': 1, 'conv1d_0_filters': 64, 'conv1d_0_kernel_size': 4, 'conv1d_0_act': 'none', 'pool_size_0': 4, 'pooling_type': 'max', 'num_dense_layers': 1, 'dense_0_units': 150, 'dense_0_dropout': 0.1, 'dense_0_act': 'tanh', 'learning_rate': 0.00018947336921118117}",1357.1726989746094
17330,0.06610870361328125,7169970,"{'num_conv_layers': 1, 'conv1d_0_filters': 64, 'conv1d_0_kernel_size': 2, 'conv1d_0_act': 'none', 'pool_size_0': 4, 'pooling_type': 'average', 'num_dense_layers': 1, 'dense_0_units': 50, 'dense_0_dropout': 0.2, 'dense_0_act': 'relu', 'learning_rate': 0.0003839431364516569}",1356.5246887207031
19584,0.07470703125,22530688,"{'num_conv_layers': 1, 'conv1d_0_filters': 64, 'conv1d_0_kernel_size': 7, 'conv1d_0_act': 'none', 'pool_size_0': 4, 'pooling_type': 'average', 'num_dense_layers': 0, 'learning_rate': 0.0026532130273722674}",1356.48583984375
19584,0.07470703125,22530688,"{'num_conv_layers': 1, 'conv1d_0_filters': 64, 'conv1d_0_kernel_size': 7, 'conv1d_0_act': 'none', 'pool_size_0': 4, 'pooling_type': 'average', 'num_dense_layers': 0, 'learning_rate': 0.004652100895737341}",1356.48583984375
17664,0.0673828125,7170688,"{'num_conv_layers': 1, 'conv1d_0_filters': 64, 'conv1d_0_kernel_size': 2, 'conv1d_0_act': 'none', 'pool_size_0': 4, 'pooling_type': 'average', 'num_dense_layers': 0, 'learning_rate': 0.0021756840348498307}",1356.45654296875
