param_count,model_size_mb,training_memory_mb,params
57574708,27.453760147094727,1721.3296966552734,"{'skip_0_1': True, 'skip_0_2': True, 'skip_1_2': True, 'skip_0_3': True, 'skip_1_3': True, 'skip_2_3': True, 'optimizer': 'rmsprop'}"
57574708,27.453760147094727,1721.3296966552734,"{'skip_0_1': True, 'skip_0_2': True, 'skip_1_2': True, 'skip_0_3': True, 'skip_1_3': True, 'skip_2_3': True, 'optimizer': 'lion'}"
57574708,27.453760147094727,1721.3296966552734,"{'skip_0_1': True, 'skip_0_2': True, 'skip_1_2': True, 'skip_0_3': True, 'skip_1_3': True, 'skip_2_3': True, 'optimizer': 'lion'}"
57574708,27.453760147094727,1721.3296966552734,"{'skip_0_1': True, 'skip_0_2': True, 'skip_1_2': True, 'skip_0_3': True, 'skip_1_3': True, 'skip_2_3': True, 'optimizer': 'adam'}"
57574708,27.453760147094727,1721.3296966552734,"{'skip_0_1': True, 'skip_0_2': True, 'skip_1_2': True, 'skip_0_3': True, 'skip_1_3': True, 'skip_2_3': True, 'optimizer': 'rmsprop'}"
57574708,27.453760147094727,1721.3296966552734,"{'skip_0_1': True, 'skip_0_2': True, 'skip_1_2': True, 'skip_0_3': True, 'skip_1_3': True, 'skip_2_3': True, 'optimizer': 'adam'}"
57574708,27.453760147094727,1721.3296966552734,"{'skip_0_1': True, 'skip_0_2': True, 'skip_1_2': True, 'skip_0_3': True, 'skip_1_3': True, 'skip_2_3': True, 'optimizer': 'adamw'}"
57574708,27.453760147094727,1721.3296966552734,"{'skip_0_1': True, 'skip_0_2': True, 'skip_1_2': True, 'skip_0_3': True, 'skip_1_3': True, 'skip_2_3': True, 'optimizer': 'adam'}"
57574708,27.453760147094727,1721.3296966552734,"{'skip_0_1': True, 'skip_0_2': True, 'skip_1_2': True, 'skip_0_3': True, 'skip_1_3': True, 'skip_2_3': True, 'optimizer': 'rmsprop'}"
57533428,27.4340763092041,1720.8587493896484,"{'skip_0_1': False, 'skip_0_2': True, 'skip_1_2': True, 'skip_0_3': True, 'skip_1_3': True, 'skip_2_3': True, 'optimizer': 'adamw'}"
57533428,27.4340763092041,1720.8587493896484,"{'skip_0_1': False, 'skip_0_2': True, 'skip_1_2': True, 'skip_0_3': True, 'skip_1_3': True, 'skip_2_3': True, 'optimizer': 'rmsprop'}"
57533428,27.4340763092041,1720.8587493896484,"{'skip_0_1': False, 'skip_0_2': True, 'skip_1_2': True, 'skip_0_3': True, 'skip_1_3': True, 'skip_2_3': True, 'optimizer': 'adamw'}"
57533428,27.4340763092041,1720.8587493896484,"{'skip_0_1': False, 'skip_0_2': True, 'skip_1_2': True, 'skip_0_3': True, 'skip_1_3': True, 'skip_2_3': True, 'optimizer': 'adamw'}"
57533428,27.4340763092041,1720.8587493896484,"{'skip_0_1': False, 'skip_0_2': True, 'skip_1_2': True, 'skip_0_3': True, 'skip_1_3': True, 'skip_2_3': True, 'optimizer': 'adam'}"
57533428,27.4340763092041,1720.8587493896484,"{'skip_0_1': False, 'skip_0_2': True, 'skip_1_2': True, 'skip_0_3': True, 'skip_1_3': True, 'skip_2_3': True, 'optimizer': 'lion'}"
57533428,27.4340763092041,1720.8587493896484,"{'skip_0_1': False, 'skip_0_2': True, 'skip_1_2': True, 'skip_0_3': True, 'skip_1_3': True, 'skip_2_3': True, 'optimizer': 'adamw'}"
57524916,27.430017471313477,1720.1124114990234,"{'skip_0_1': True, 'skip_0_2': True, 'skip_1_2': False, 'skip_0_3': True, 'skip_1_3': True, 'skip_2_3': True, 'optimizer': 'adam'}"
57524916,27.430017471313477,1720.1124114990234,"{'skip_0_1': True, 'skip_0_2': True, 'skip_1_2': False, 'skip_0_3': True, 'skip_1_3': True, 'skip_2_3': True, 'optimizer': 'adamw'}"
57524916,27.430017471313477,1720.1124114990234,"{'skip_0_1': True, 'skip_0_2': True, 'skip_1_2': False, 'skip_0_3': True, 'skip_1_3': True, 'skip_2_3': True, 'optimizer': 'adamw'}"
57524916,27.430017471313477,1720.1124114990234,"{'skip_0_1': True, 'skip_0_2': True, 'skip_1_2': False, 'skip_0_3': True, 'skip_1_3': True, 'skip_2_3': True, 'optimizer': 'adam'}"
57524916,27.430017471313477,1720.1124114990234,"{'skip_0_1': True, 'skip_0_2': True, 'skip_1_2': False, 'skip_0_3': True, 'skip_1_3': True, 'skip_2_3': True, 'optimizer': 'lion'}"
57524916,27.430017471313477,1720.1124114990234,"{'skip_0_1': True, 'skip_0_2': True, 'skip_1_2': False, 'skip_0_3': True, 'skip_1_3': True, 'skip_2_3': True, 'optimizer': 'adamw'}"
57524916,27.430017471313477,1720.1124114990234,"{'skip_0_1': True, 'skip_0_2': True, 'skip_1_2': False, 'skip_0_3': True, 'skip_1_3': True, 'skip_2_3': True, 'optimizer': 'lion'}"
57524916,27.430017471313477,1720.1124114990234,"{'skip_0_1': True, 'skip_0_2': True, 'skip_1_2': False, 'skip_0_3': True, 'skip_1_3': True, 'skip_2_3': True, 'optimizer': 'adam'}"
57524916,27.430017471313477,1720.1124114990234,"{'skip_0_1': True, 'skip_0_2': True, 'skip_1_2': False, 'skip_0_3': True, 'skip_1_3': True, 'skip_2_3': True, 'optimizer': 'lion'}"
57508532,27.422204971313477,1719.9249114990234,"{'skip_0_1': True, 'skip_0_2': False, 'skip_1_2': True, 'skip_0_3': True, 'skip_1_3': True, 'skip_2_3': True, 'optimizer': 'rmsprop'}"
57508532,27.422204971313477,1719.9249114990234,"{'skip_0_1': True, 'skip_0_2': False, 'skip_1_2': True, 'skip_0_3': True, 'skip_1_3': True, 'skip_2_3': True, 'optimizer': 'lion'}"
57508532,27.422204971313477,1719.9249114990234,"{'skip_0_1': True, 'skip_0_2': False, 'skip_1_2': True, 'skip_0_3': True, 'skip_1_3': True, 'skip_2_3': True, 'optimizer': 'lion'}"
57508532,27.422204971313477,1719.9249114990234,"{'skip_0_1': True, 'skip_0_2': False, 'skip_1_2': True, 'skip_0_3': True, 'skip_1_3': True, 'skip_2_3': True, 'optimizer': 'lion'}"
57508532,27.422204971313477,1719.9249114990234,"{'skip_0_1': True, 'skip_0_2': False, 'skip_1_2': True, 'skip_0_3': True, 'skip_1_3': True, 'skip_2_3': True, 'optimizer': 'adamw'}"
57508532,27.422204971313477,1719.9249114990234,"{'skip_0_1': True, 'skip_0_2': False, 'skip_1_2': True, 'skip_0_3': True, 'skip_1_3': True, 'skip_2_3': True, 'optimizer': 'adamw'}"
57508532,27.422204971313477,1719.9249114990234,"{'skip_0_1': True, 'skip_0_2': False, 'skip_1_2': True, 'skip_0_3': True, 'skip_1_3': True, 'skip_2_3': True, 'optimizer': 'rmsprop'}"
57508532,27.422204971313477,1719.9249114990234,"{'skip_0_1': True, 'skip_0_2': False, 'skip_1_2': True, 'skip_0_3': True, 'skip_1_3': True, 'skip_2_3': True, 'optimizer': 'rmsprop'}"
57491828,27.41423988342285,1719.7352142333984,"{'skip_0_1': False, 'skip_0_2': True, 'skip_1_2': False, 'skip_0_3': True, 'skip_1_3': True, 'skip_2_3': True, 'optimizer': 'rmsprop'}"
57491828,27.41423988342285,1719.7352142333984,"{'skip_0_1': False, 'skip_0_2': True, 'skip_1_2': False, 'skip_0_3': True, 'skip_1_3': True, 'skip_2_3': True, 'optimizer': 'adam'}"
57491828,27.41423988342285,1719.7352142333984,"{'skip_0_1': False, 'skip_0_2': True, 'skip_1_2': False, 'skip_0_3': True, 'skip_1_3': True, 'skip_2_3': True, 'optimizer': 'rmsprop'}"
57491828,27.41423988342285,1719.7352142333984,"{'skip_0_1': False, 'skip_0_2': True, 'skip_1_2': False, 'skip_0_3': True, 'skip_1_3': True, 'skip_2_3': True, 'optimizer': 'adam'}"
57491828,27.41423988342285,1719.7352142333984,"{'skip_0_1': False, 'skip_0_2': True, 'skip_1_2': False, 'skip_0_3': True, 'skip_1_3': True, 'skip_2_3': True, 'optimizer': 'adamw'}"
57491828,27.41423988342285,1719.7352142333984,"{'skip_0_1': False, 'skip_0_2': True, 'skip_1_2': False, 'skip_0_3': True, 'skip_1_3': True, 'skip_2_3': True, 'optimizer': 'adam'}"
57491828,27.41423988342285,1719.7352142333984,"{'skip_0_1': False, 'skip_0_2': True, 'skip_1_2': False, 'skip_0_3': True, 'skip_1_3': True, 'skip_2_3': True, 'optimizer': 'lion'}"
57491828,27.41423988342285,1719.7352142333984,"{'skip_0_1': False, 'skip_0_2': True, 'skip_1_2': False, 'skip_0_3': True, 'skip_1_3': True, 'skip_2_3': True, 'optimizer': 'adamw'}"
57491828,27.41423988342285,1719.7352142333984,"{'skip_0_1': False, 'skip_0_2': True, 'skip_1_2': False, 'skip_0_3': True, 'skip_1_3': True, 'skip_2_3': True, 'optimizer': 'adam'}"
57491828,27.41423988342285,1719.7352142333984,"{'skip_0_1': False, 'skip_0_2': True, 'skip_1_2': False, 'skip_0_3': True, 'skip_1_3': True, 'skip_2_3': True, 'optimizer': 'lion'}"
57467252,27.40252113342285,1719.4539642333984,"{'skip_0_1': False, 'skip_0_2': False, 'skip_1_2': True, 'skip_0_3': True, 'skip_1_3': True, 'skip_2_3': True, 'optimizer': 'lion'}"
57467252,27.40252113342285,1719.4539642333984,"{'skip_0_1': False, 'skip_0_2': False, 'skip_1_2': True, 'skip_0_3': True, 'skip_1_3': True, 'skip_2_3': True, 'optimizer': 'adam'}"
57467252,27.40252113342285,1719.4539642333984,"{'skip_0_1': False, 'skip_0_2': False, 'skip_1_2': True, 'skip_0_3': True, 'skip_1_3': True, 'skip_2_3': True, 'optimizer': 'adam'}"
57467252,27.40252113342285,1719.4539642333984,"{'skip_0_1': False, 'skip_0_2': False, 'skip_1_2': True, 'skip_0_3': True, 'skip_1_3': True, 'skip_2_3': True, 'optimizer': 'adamw'}"
57467252,27.40252113342285,1719.4539642333984,"{'skip_0_1': False, 'skip_0_2': False, 'skip_1_2': True, 'skip_0_3': True, 'skip_1_3': True, 'skip_2_3': True, 'optimizer': 'adamw'}"
57467252,27.40252113342285,1719.4539642333984,"{'skip_0_1': False, 'skip_0_2': False, 'skip_1_2': True, 'skip_0_3': True, 'skip_1_3': True, 'skip_2_3': True, 'optimizer': 'adamw'}"
57458740,27.398462295532227,1718.7076263427734,"{'skip_0_1': True, 'skip_0_2': False, 'skip_1_2': False, 'skip_0_3': True, 'skip_1_3': True, 'skip_2_3': True, 'optimizer': 'adamw'}"
57458740,27.398462295532227,1718.7076263427734,"{'skip_0_1': True, 'skip_0_2': False, 'skip_1_2': False, 'skip_0_3': True, 'skip_1_3': True, 'skip_2_3': True, 'optimizer': 'lion'}"
57458740,27.398462295532227,1718.7076263427734,"{'skip_0_1': True, 'skip_0_2': False, 'skip_1_2': False, 'skip_0_3': True, 'skip_1_3': True, 'skip_2_3': True, 'optimizer': 'rmsprop'}"
57458740,27.398462295532227,1718.7076263427734,"{'skip_0_1': True, 'skip_0_2': False, 'skip_1_2': False, 'skip_0_3': True, 'skip_1_3': True, 'skip_2_3': True, 'optimizer': 'lion'}"
57458740,27.398462295532227,1718.7076263427734,"{'skip_0_1': True, 'skip_0_2': False, 'skip_1_2': False, 'skip_0_3': True, 'skip_1_3': True, 'skip_2_3': True, 'optimizer': 'lion'}"
57458740,27.398462295532227,1718.7076263427734,"{'skip_0_1': True, 'skip_0_2': False, 'skip_1_2': False, 'skip_0_3': True, 'skip_1_3': True, 'skip_2_3': True, 'optimizer': 'adam'}"
57458740,27.398462295532227,1718.7076263427734,"{'skip_0_1': True, 'skip_0_2': False, 'skip_1_2': False, 'skip_0_3': True, 'skip_1_3': True, 'skip_2_3': True, 'optimizer': 'rmsprop'}"
57458740,27.398462295532227,1718.7076263427734,"{'skip_0_1': True, 'skip_0_2': False, 'skip_1_2': False, 'skip_0_3': True, 'skip_1_3': True, 'skip_2_3': True, 'optimizer': 'adamw'}"
57458740,27.398462295532227,1718.7076263427734,"{'skip_0_1': True, 'skip_0_2': False, 'skip_1_2': False, 'skip_0_3': True, 'skip_1_3': True, 'skip_2_3': True, 'optimizer': 'adam'}"
57458740,27.398462295532227,1718.7076263427734,"{'skip_0_1': True, 'skip_0_2': False, 'skip_1_2': False, 'skip_0_3': True, 'skip_1_3': True, 'skip_2_3': True, 'optimizer': 'rmsprop'}"
57458740,27.398462295532227,1718.7076263427734,"{'skip_0_1': True, 'skip_0_2': False, 'skip_1_2': False, 'skip_0_3': True, 'skip_1_3': True, 'skip_2_3': True, 'optimizer': 'adamw'}"
57425652,27.3826847076416,1718.3304290771484,"{'skip_0_1': False, 'skip_0_2': False, 'skip_1_2': False, 'skip_0_3': True, 'skip_1_3': True, 'skip_2_3': True, 'optimizer': 'rmsprop'}"
57425652,27.3826847076416,1718.3304290771484,"{'skip_0_1': False, 'skip_0_2': False, 'skip_1_2': False, 'skip_0_3': True, 'skip_1_3': True, 'skip_2_3': True, 'optimizer': 'adamw'}"
57425652,27.3826847076416,1718.3304290771484,"{'skip_0_1': False, 'skip_0_2': False, 'skip_1_2': False, 'skip_0_3': True, 'skip_1_3': True, 'skip_2_3': True, 'optimizer': 'adam'}"
57425652,27.3826847076416,1718.3304290771484,"{'skip_0_1': False, 'skip_0_2': False, 'skip_1_2': False, 'skip_0_3': True, 'skip_1_3': True, 'skip_2_3': True, 'optimizer': 'adamw'}"
57425652,27.3826847076416,1718.3304290771484,"{'skip_0_1': False, 'skip_0_2': False, 'skip_1_2': False, 'skip_0_3': True, 'skip_1_3': True, 'skip_2_3': True, 'optimizer': 'lion'}"
57425652,27.3826847076416,1718.3304290771484,"{'skip_0_1': False, 'skip_0_2': False, 'skip_1_2': False, 'skip_0_3': True, 'skip_1_3': True, 'skip_2_3': True, 'optimizer': 'adam'}"
57425652,27.3826847076416,1718.3304290771484,"{'skip_0_1': False, 'skip_0_2': False, 'skip_1_2': False, 'skip_0_3': True, 'skip_1_3': True, 'skip_2_3': True, 'optimizer': 'rmsprop'}"
57425652,27.3826847076416,1718.3304290771484,"{'skip_0_1': False, 'skip_0_2': False, 'skip_1_2': False, 'skip_0_3': True, 'skip_1_3': True, 'skip_2_3': True, 'optimizer': 'lion'}"
43332660,20.662622451782227,1558.1314544677734,"{'skip_0_1': True, 'skip_0_2': True, 'skip_1_2': True, 'skip_0_3': True, 'skip_1_3': False, 'skip_2_3': True, 'optimizer': 'adam'}"
43332660,20.662622451782227,1558.1314544677734,"{'skip_0_1': True, 'skip_0_2': True, 'skip_1_2': True, 'skip_0_3': True, 'skip_1_3': False, 'skip_2_3': True, 'optimizer': 'rmsprop'}"
43332660,20.662622451782227,1558.1314544677734,"{'skip_0_1': True, 'skip_0_2': True, 'skip_1_2': True, 'skip_0_3': True, 'skip_1_3': False, 'skip_2_3': True, 'optimizer': 'rmsprop'}"
43332660,20.662622451782227,1558.1314544677734,"{'skip_0_1': True, 'skip_0_2': True, 'skip_1_2': True, 'skip_0_3': True, 'skip_1_3': False, 'skip_2_3': True, 'optimizer': 'adam'}"
43332660,20.662622451782227,1558.1314544677734,"{'skip_0_1': True, 'skip_0_2': True, 'skip_1_2': True, 'skip_0_3': True, 'skip_1_3': False, 'skip_2_3': True, 'optimizer': 'rmsprop'}"
43332660,20.662622451782227,1558.1314544677734,"{'skip_0_1': True, 'skip_0_2': True, 'skip_1_2': True, 'skip_0_3': True, 'skip_1_3': False, 'skip_2_3': True, 'optimizer': 'adamw'}"
43332660,20.662622451782227,1558.1314544677734,"{'skip_0_1': True, 'skip_0_2': True, 'skip_1_2': True, 'skip_0_3': True, 'skip_1_3': False, 'skip_2_3': True, 'optimizer': 'adam'}"
43332660,20.662622451782227,1558.1314544677734,"{'skip_0_1': True, 'skip_0_2': True, 'skip_1_2': True, 'skip_0_3': True, 'skip_1_3': False, 'skip_2_3': True, 'optimizer': 'adam'}"
43332660,20.662622451782227,1558.1314544677734,"{'skip_0_1': True, 'skip_0_2': True, 'skip_1_2': True, 'skip_0_3': True, 'skip_1_3': False, 'skip_2_3': True, 'optimizer': 'lion'}"
43332660,20.662622451782227,1558.1314544677734,"{'skip_0_1': True, 'skip_0_2': True, 'skip_1_2': True, 'skip_0_3': True, 'skip_1_3': False, 'skip_2_3': True, 'optimizer': 'lion'}"
43332660,20.662622451782227,1558.1314544677734,"{'skip_0_1': True, 'skip_0_2': True, 'skip_1_2': True, 'skip_0_3': True, 'skip_1_3': False, 'skip_2_3': True, 'optimizer': 'adamw'}"
43332660,20.662622451782227,1558.1314544677734,"{'skip_0_1': True, 'skip_0_2': True, 'skip_1_2': True, 'skip_0_3': True, 'skip_1_3': False, 'skip_2_3': True, 'optimizer': 'adam'}"
43332660,20.662622451782227,1558.1314544677734,"{'skip_0_1': True, 'skip_0_2': True, 'skip_1_2': True, 'skip_0_3': True, 'skip_1_3': False, 'skip_2_3': True, 'optimizer': 'rmsprop'}"
43332660,20.662622451782227,1558.1314544677734,"{'skip_0_1': True, 'skip_0_2': True, 'skip_1_2': True, 'skip_0_3': True, 'skip_1_3': False, 'skip_2_3': True, 'optimizer': 'rmsprop'}"
43332660,20.662622451782227,1558.1314544677734,"{'skip_0_1': True, 'skip_0_2': True, 'skip_1_2': True, 'skip_0_3': True, 'skip_1_3': False, 'skip_2_3': True, 'optimizer': 'lion'}"
43332660,20.662622451782227,1558.1314544677734,"{'skip_0_1': True, 'skip_0_2': True, 'skip_1_2': True, 'skip_0_3': True, 'skip_1_3': False, 'skip_2_3': True, 'optimizer': 'lion'}"
43307764,20.6507511138916,1557.8480072021484,"{'skip_0_1': False, 'skip_0_2': True, 'skip_1_2': True, 'skip_0_3': True, 'skip_1_3': False, 'skip_2_3': True, 'optimizer': 'adam'}"
43307764,20.6507511138916,1557.8480072021484,"{'skip_0_1': False, 'skip_0_2': True, 'skip_1_2': True, 'skip_0_3': True, 'skip_1_3': False, 'skip_2_3': True, 'optimizer': 'adam'}"
43307764,20.6507511138916,1557.8480072021484,"{'skip_0_1': False, 'skip_0_2': True, 'skip_1_2': True, 'skip_0_3': True, 'skip_1_3': False, 'skip_2_3': True, 'optimizer': 'rmsprop'}"
43307764,20.6507511138916,1557.8480072021484,"{'skip_0_1': False, 'skip_0_2': True, 'skip_1_2': True, 'skip_0_3': True, 'skip_1_3': False, 'skip_2_3': True, 'optimizer': 'adam'}"
43307764,20.6507511138916,1557.8480072021484,"{'skip_0_1': False, 'skip_0_2': True, 'skip_1_2': True, 'skip_0_3': True, 'skip_1_3': False, 'skip_2_3': True, 'optimizer': 'rmsprop'}"
43307764,20.6507511138916,1557.8480072021484,"{'skip_0_1': False, 'skip_0_2': True, 'skip_1_2': True, 'skip_0_3': True, 'skip_1_3': False, 'skip_2_3': True, 'optimizer': 'rmsprop'}"
43307764,20.6507511138916,1557.8480072021484,"{'skip_0_1': False, 'skip_0_2': True, 'skip_1_2': True, 'skip_0_3': True, 'skip_1_3': False, 'skip_2_3': True, 'optimizer': 'lion'}"
43307764,20.6507511138916,1557.8480072021484,"{'skip_0_1': False, 'skip_0_2': True, 'skip_1_2': True, 'skip_0_3': True, 'skip_1_3': False, 'skip_2_3': True, 'optimizer': 'rmsprop'}"
43307764,20.6507511138916,1557.8480072021484,"{'skip_0_1': False, 'skip_0_2': True, 'skip_1_2': True, 'skip_0_3': True, 'skip_1_3': False, 'skip_2_3': True, 'optimizer': 'adam'}"
43307764,20.6507511138916,1557.8480072021484,"{'skip_0_1': False, 'skip_0_2': True, 'skip_1_2': True, 'skip_0_3': True, 'skip_1_3': False, 'skip_2_3': True, 'optimizer': 'adam'}"
43307764,20.6507511138916,1557.8480072021484,"{'skip_0_1': False, 'skip_0_2': True, 'skip_1_2': True, 'skip_0_3': True, 'skip_1_3': False, 'skip_2_3': True, 'optimizer': 'rmsprop'}"
43307764,20.6507511138916,1557.8480072021484,"{'skip_0_1': False, 'skip_0_2': True, 'skip_1_2': True, 'skip_0_3': True, 'skip_1_3': False, 'skip_2_3': True, 'optimizer': 'lion'}"
43307764,20.6507511138916,1557.8480072021484,"{'skip_0_1': False, 'skip_0_2': True, 'skip_1_2': True, 'skip_0_3': True, 'skip_1_3': False, 'skip_2_3': True, 'optimizer': 'adam'}"
43299892,20.646997451782227,1557.7564544677734,"{'skip_0_1': True, 'skip_0_2': True, 'skip_1_2': True, 'skip_0_3': False, 'skip_1_3': True, 'skip_2_3': True, 'optimizer': 'adam'}"
43299892,20.646997451782227,1557.7564544677734,"{'skip_0_1': True, 'skip_0_2': True, 'skip_1_2': True, 'skip_0_3': False, 'skip_1_3': True, 'skip_2_3': True, 'optimizer': 'adam'}"
43299892,20.646997451782227,1557.7564544677734,"{'skip_0_1': True, 'skip_0_2': True, 'skip_1_2': True, 'skip_0_3': False, 'skip_1_3': True, 'skip_2_3': True, 'optimizer': 'adam'}"
43299892,20.646997451782227,1557.7564544677734,"{'skip_0_1': True, 'skip_0_2': True, 'skip_1_2': True, 'skip_0_3': False, 'skip_1_3': True, 'skip_2_3': True, 'optimizer': 'adamw'}"
43299892,20.646997451782227,1557.7564544677734,"{'skip_0_1': True, 'skip_0_2': True, 'skip_1_2': True, 'skip_0_3': False, 'skip_1_3': True, 'skip_2_3': True, 'optimizer': 'lion'}"
43299892,20.646997451782227,1557.7564544677734,"{'skip_0_1': True, 'skip_0_2': True, 'skip_1_2': True, 'skip_0_3': False, 'skip_1_3': True, 'skip_2_3': True, 'optimizer': 'adamw'}"
43299892,20.646997451782227,1557.7564544677734,"{'skip_0_1': True, 'skip_0_2': True, 'skip_1_2': True, 'skip_0_3': False, 'skip_1_3': True, 'skip_2_3': True, 'optimizer': 'lion'}"
43299892,20.646997451782227,1557.7564544677734,"{'skip_0_1': True, 'skip_0_2': True, 'skip_1_2': True, 'skip_0_3': False, 'skip_1_3': True, 'skip_2_3': True, 'optimizer': 'lion'}"
43299892,20.646997451782227,1557.7564544677734,"{'skip_0_1': True, 'skip_0_2': True, 'skip_1_2': True, 'skip_0_3': False, 'skip_1_3': True, 'skip_2_3': True, 'optimizer': 'adamw'}"
43299892,20.646997451782227,1557.7564544677734,"{'skip_0_1': True, 'skip_0_2': True, 'skip_1_2': True, 'skip_0_3': False, 'skip_1_3': True, 'skip_2_3': True, 'optimizer': 'adam'}"
43299892,20.646997451782227,1557.7564544677734,"{'skip_0_1': True, 'skip_0_2': True, 'skip_1_2': True, 'skip_0_3': False, 'skip_1_3': True, 'skip_2_3': True, 'optimizer': 'rmsprop'}"
43299892,20.646997451782227,1557.7564544677734,"{'skip_0_1': True, 'skip_0_2': True, 'skip_1_2': True, 'skip_0_3': False, 'skip_1_3': True, 'skip_2_3': True, 'optimizer': 'lion'}"
43258612,20.6273136138916,1557.2855072021484,"{'skip_0_1': False, 'skip_0_2': True, 'skip_1_2': True, 'skip_0_3': False, 'skip_1_3': True, 'skip_2_3': True, 'optimizer': 'adam'}"
43258612,20.6273136138916,1557.2855072021484,"{'skip_0_1': False, 'skip_0_2': True, 'skip_1_2': True, 'skip_0_3': False, 'skip_1_3': True, 'skip_2_3': True, 'optimizer': 'adam'}"
43258612,20.6273136138916,1557.2855072021484,"{'skip_0_1': False, 'skip_0_2': True, 'skip_1_2': True, 'skip_0_3': False, 'skip_1_3': True, 'skip_2_3': True, 'optimizer': 'lion'}"
43258612,20.6273136138916,1557.2855072021484,"{'skip_0_1': False, 'skip_0_2': True, 'skip_1_2': True, 'skip_0_3': False, 'skip_1_3': True, 'skip_2_3': True, 'optimizer': 'adam'}"
43258612,20.6273136138916,1557.2855072021484,"{'skip_0_1': False, 'skip_0_2': True, 'skip_1_2': True, 'skip_0_3': False, 'skip_1_3': True, 'skip_2_3': True, 'optimizer': 'adamw'}"
43258612,20.6273136138916,1557.2855072021484,"{'skip_0_1': False, 'skip_0_2': True, 'skip_1_2': True, 'skip_0_3': False, 'skip_1_3': True, 'skip_2_3': True, 'optimizer': 'adam'}"
43258612,20.6273136138916,1557.2855072021484,"{'skip_0_1': False, 'skip_0_2': True, 'skip_1_2': True, 'skip_0_3': False, 'skip_1_3': True, 'skip_2_3': True, 'optimizer': 'lion'}"
43258612,20.6273136138916,1557.2855072021484,"{'skip_0_1': False, 'skip_0_2': True, 'skip_1_2': True, 'skip_0_3': False, 'skip_1_3': True, 'skip_2_3': True, 'optimizer': 'adam'}"
43258612,20.6273136138916,1557.2855072021484,"{'skip_0_1': False, 'skip_0_2': True, 'skip_1_2': True, 'skip_0_3': False, 'skip_1_3': True, 'skip_2_3': True, 'optimizer': 'adamw'}"
43258612,20.6273136138916,1557.2855072021484,"{'skip_0_1': False, 'skip_0_2': True, 'skip_1_2': True, 'skip_0_3': False, 'skip_1_3': True, 'skip_2_3': True, 'optimizer': 'lion'}"
43258612,20.6273136138916,1557.2855072021484,"{'skip_0_1': False, 'skip_0_2': True, 'skip_1_2': True, 'skip_0_3': False, 'skip_1_3': True, 'skip_2_3': True, 'optimizer': 'adam'}"
43266484,20.631067276000977,1556.7266693115234,"{'skip_0_1': True, 'skip_0_2': False, 'skip_1_2': True, 'skip_0_3': True, 'skip_1_3': False, 'skip_2_3': True, 'optimizer': 'adam'}"
43266484,20.631067276000977,1556.7266693115234,"{'skip_0_1': True, 'skip_0_2': False, 'skip_1_2': True, 'skip_0_3': True, 'skip_1_3': False, 'skip_2_3': True, 'optimizer': 'rmsprop'}"
43266484,20.631067276000977,1556.7266693115234,"{'skip_0_1': True, 'skip_0_2': False, 'skip_1_2': True, 'skip_0_3': True, 'skip_1_3': False, 'skip_2_3': True, 'optimizer': 'lion'}"
43266484,20.631067276000977,1556.7266693115234,"{'skip_0_1': True, 'skip_0_2': False, 'skip_1_2': True, 'skip_0_3': True, 'skip_1_3': False, 'skip_2_3': True, 'optimizer': 'lion'}"
43266484,20.631067276000977,1556.7266693115234,"{'skip_0_1': True, 'skip_0_2': False, 'skip_1_2': True, 'skip_0_3': True, 'skip_1_3': False, 'skip_2_3': True, 'optimizer': 'rmsprop'}"
43266484,20.631067276000977,1556.7266693115234,"{'skip_0_1': True, 'skip_0_2': False, 'skip_1_2': True, 'skip_0_3': True, 'skip_1_3': False, 'skip_2_3': True, 'optimizer': 'adam'}"
43266484,20.631067276000977,1556.7266693115234,"{'skip_0_1': True, 'skip_0_2': False, 'skip_1_2': True, 'skip_0_3': True, 'skip_1_3': False, 'skip_2_3': True, 'optimizer': 'adam'}"
43266484,20.631067276000977,1556.7266693115234,"{'skip_0_1': True, 'skip_0_2': False, 'skip_1_2': True, 'skip_0_3': True, 'skip_1_3': False, 'skip_2_3': True, 'optimizer': 'adamw'}"
43266484,20.631067276000977,1556.7266693115234,"{'skip_0_1': True, 'skip_0_2': False, 'skip_1_2': True, 'skip_0_3': True, 'skip_1_3': False, 'skip_2_3': True, 'optimizer': 'adamw'}"
43266484,20.631067276000977,1556.7266693115234,"{'skip_0_1': True, 'skip_0_2': False, 'skip_1_2': True, 'skip_0_3': True, 'skip_1_3': False, 'skip_2_3': True, 'optimizer': 'adam'}"
43266484,20.631067276000977,1556.7266693115234,"{'skip_0_1': True, 'skip_0_2': False, 'skip_1_2': True, 'skip_0_3': True, 'skip_1_3': False, 'skip_2_3': True, 'optimizer': 'adamw'}"
43266484,20.631067276000977,1556.7266693115234,"{'skip_0_1': True, 'skip_0_2': False, 'skip_1_2': True, 'skip_0_3': True, 'skip_1_3': False, 'skip_2_3': True, 'optimizer': 'adam'}"
43266484,20.631067276000977,1556.7266693115234,"{'skip_0_1': True, 'skip_0_2': False, 'skip_1_2': True, 'skip_0_3': True, 'skip_1_3': False, 'skip_2_3': True, 'optimizer': 'adamw'}"
43266484,20.631067276000977,1556.7266693115234,"{'skip_0_1': True, 'skip_0_2': False, 'skip_1_2': True, 'skip_0_3': True, 'skip_1_3': False, 'skip_2_3': True, 'optimizer': 'rmsprop'}"
43266484,20.631067276000977,1556.7266693115234,"{'skip_0_1': True, 'skip_0_2': False, 'skip_1_2': True, 'skip_0_3': True, 'skip_1_3': False, 'skip_2_3': True, 'optimizer': 'adam'}"
43266484,20.631067276000977,1556.7266693115234,"{'skip_0_1': True, 'skip_0_2': False, 'skip_1_2': True, 'skip_0_3': True, 'skip_1_3': False, 'skip_2_3': True, 'optimizer': 'rmsprop'}"
43266164,20.63091468811035,1556.7244720458984,"{'skip_0_1': False, 'skip_0_2': True, 'skip_1_2': False, 'skip_0_3': True, 'skip_1_3': False, 'skip_2_3': True, 'optimizer': 'lion'}"
43266164,20.63091468811035,1556.7244720458984,"{'skip_0_1': False, 'skip_0_2': True, 'skip_1_2': False, 'skip_0_3': True, 'skip_1_3': False, 'skip_2_3': True, 'optimizer': 'adam'}"
43266164,20.63091468811035,1556.7244720458984,"{'skip_0_1': False, 'skip_0_2': True, 'skip_1_2': False, 'skip_0_3': True, 'skip_1_3': False, 'skip_2_3': True, 'optimizer': 'lion'}"
43266164,20.63091468811035,1556.7244720458984,"{'skip_0_1': True, 'skip_0_2': True, 'skip_1_2': False, 'skip_0_3': True, 'skip_1_3': False, 'skip_2_3': True, 'optimizer': 'adamw'}"
43266164,20.63091468811035,1556.7244720458984,"{'skip_0_1': True, 'skip_0_2': True, 'skip_1_2': False, 'skip_0_3': True, 'skip_1_3': False, 'skip_2_3': True, 'optimizer': 'adam'}"
43266164,20.63091468811035,1556.7244720458984,"{'skip_0_1': True, 'skip_0_2': True, 'skip_1_2': False, 'skip_0_3': True, 'skip_1_3': False, 'skip_2_3': True, 'optimizer': 'adam'}"
43266164,20.63091468811035,1556.7244720458984,"{'skip_0_1': True, 'skip_0_2': True, 'skip_1_2': False, 'skip_0_3': True, 'skip_1_3': False, 'skip_2_3': True, 'optimizer': 'rmsprop'}"
43266164,20.63091468811035,1556.7244720458984,"{'skip_0_1': False, 'skip_0_2': True, 'skip_1_2': False, 'skip_0_3': True, 'skip_1_3': False, 'skip_2_3': True, 'optimizer': 'rmsprop'}"
43266164,20.63091468811035,1556.7244720458984,"{'skip_0_1': False, 'skip_0_2': True, 'skip_1_2': False, 'skip_0_3': True, 'skip_1_3': False, 'skip_2_3': True, 'optimizer': 'lion'}"
43266164,20.63091468811035,1556.7244720458984,"{'skip_0_1': True, 'skip_0_2': True, 'skip_1_2': False, 'skip_0_3': True, 'skip_1_3': False, 'skip_2_3': True, 'optimizer': 'rmsprop'}"
43266164,20.63091468811035,1556.7244720458984,"{'skip_0_1': True, 'skip_0_2': True, 'skip_1_2': False, 'skip_0_3': True, 'skip_1_3': False, 'skip_2_3': True, 'optimizer': 'adam'}"
43266164,20.63091468811035,1556.7244720458984,"{'skip_0_1': False, 'skip_0_2': True, 'skip_1_2': False, 'skip_0_3': True, 'skip_1_3': False, 'skip_2_3': True, 'optimizer': 'adamw'}"
43266164,20.63091468811035,1556.7244720458984,"{'skip_0_1': False, 'skip_0_2': True, 'skip_1_2': False, 'skip_0_3': True, 'skip_1_3': False, 'skip_2_3': True, 'optimizer': 'adamw'}"
43266164,20.63091468811035,1556.7244720458984,"{'skip_0_1': True, 'skip_0_2': True, 'skip_1_2': False, 'skip_0_3': True, 'skip_1_3': False, 'skip_2_3': True, 'optimizer': 'adamw'}"
43266164,20.63091468811035,1556.7244720458984,"{'skip_0_1': True, 'skip_0_2': True, 'skip_1_2': False, 'skip_0_3': True, 'skip_1_3': False, 'skip_2_3': True, 'optimizer': 'adamw'}"
43266164,20.63091468811035,1556.7244720458984,"{'skip_0_1': False, 'skip_0_2': True, 'skip_1_2': False, 'skip_0_3': True, 'skip_1_3': False, 'skip_2_3': True, 'optimizer': 'adamw'}"
43266164,20.63091468811035,1556.7244720458984,"{'skip_0_1': False, 'skip_0_2': True, 'skip_1_2': False, 'skip_0_3': True, 'skip_1_3': False, 'skip_2_3': True, 'optimizer': 'adam'}"
43266164,20.63091468811035,1556.7244720458984,"{'skip_0_1': True, 'skip_0_2': True, 'skip_1_2': False, 'skip_0_3': True, 'skip_1_3': False, 'skip_2_3': True, 'optimizer': 'adam'}"
43266164,20.63091468811035,1556.7244720458984,"{'skip_0_1': True, 'skip_0_2': True, 'skip_1_2': False, 'skip_0_3': True, 'skip_1_3': False, 'skip_2_3': True, 'optimizer': 'rmsprop'}"
43266164,20.63091468811035,1556.7244720458984,"{'skip_0_1': False, 'skip_0_2': True, 'skip_1_2': False, 'skip_0_3': True, 'skip_1_3': False, 'skip_2_3': True, 'optimizer': 'adamw'}"
43266164,20.63091468811035,1556.7244720458984,"{'skip_0_1': True, 'skip_0_2': True, 'skip_1_2': False, 'skip_0_3': True, 'skip_1_3': False, 'skip_2_3': True, 'optimizer': 'rmsprop'}"
43266164,20.63091468811035,1556.7244720458984,"{'skip_0_1': False, 'skip_0_2': True, 'skip_1_2': False, 'skip_0_3': True, 'skip_1_3': False, 'skip_2_3': True, 'optimizer': 'lion'}"
43250100,20.623254776000977,1556.5391693115234,"{'skip_0_1': True, 'skip_0_2': True, 'skip_1_2': False, 'skip_0_3': False, 'skip_1_3': True, 'skip_2_3': True, 'optimizer': 'adam'}"
43250100,20.623254776000977,1556.5391693115234,"{'skip_0_1': True, 'skip_0_2': True, 'skip_1_2': False, 'skip_0_3': False, 'skip_1_3': True, 'skip_2_3': True, 'optimizer': 'lion'}"
43250100,20.623254776000977,1556.5391693115234,"{'skip_0_1': True, 'skip_0_2': True, 'skip_1_2': False, 'skip_0_3': False, 'skip_1_3': True, 'skip_2_3': True, 'optimizer': 'adamw'}"
43250100,20.623254776000977,1556.5391693115234,"{'skip_0_1': True, 'skip_0_2': True, 'skip_1_2': False, 'skip_0_3': False, 'skip_1_3': True, 'skip_2_3': True, 'optimizer': 'rmsprop'}"
43250100,20.623254776000977,1556.5391693115234,"{'skip_0_1': True, 'skip_0_2': True, 'skip_1_2': False, 'skip_0_3': False, 'skip_1_3': True, 'skip_2_3': True, 'optimizer': 'rmsprop'}"
43250100,20.623254776000977,1556.5391693115234,"{'skip_0_1': True, 'skip_0_2': True, 'skip_1_2': False, 'skip_0_3': False, 'skip_1_3': True, 'skip_2_3': True, 'optimizer': 'adamw'}"
43250100,20.623254776000977,1556.5391693115234,"{'skip_0_1': True, 'skip_0_2': True, 'skip_1_2': False, 'skip_0_3': False, 'skip_1_3': True, 'skip_2_3': True, 'optimizer': 'lion'}"
43250100,20.623254776000977,1556.5391693115234,"{'skip_0_1': True, 'skip_0_2': True, 'skip_1_2': False, 'skip_0_3': False, 'skip_1_3': True, 'skip_2_3': True, 'optimizer': 'adamw'}"
43250100,20.623254776000977,1556.5391693115234,"{'skip_0_1': True, 'skip_0_2': True, 'skip_1_2': False, 'skip_0_3': False, 'skip_1_3': True, 'skip_2_3': True, 'optimizer': 'lion'}"
43250100,20.623254776000977,1556.5391693115234,"{'skip_0_1': True, 'skip_0_2': True, 'skip_1_2': False, 'skip_0_3': False, 'skip_1_3': True, 'skip_2_3': True, 'optimizer': 'lion'}"
43241588,20.61919593811035,1556.4432220458984,"{'skip_0_1': False, 'skip_0_2': False, 'skip_1_2': True, 'skip_0_3': True, 'skip_1_3': False, 'skip_2_3': True, 'optimizer': 'rmsprop'}"
43241588,20.61919593811035,1556.4432220458984,"{'skip_0_1': False, 'skip_0_2': False, 'skip_1_2': True, 'skip_0_3': True, 'skip_1_3': False, 'skip_2_3': True, 'optimizer': 'lion'}"
43241588,20.61919593811035,1556.4432220458984,"{'skip_0_1': False, 'skip_0_2': False, 'skip_1_2': True, 'skip_0_3': True, 'skip_1_3': False, 'skip_2_3': True, 'optimizer': 'adamw'}"
43241588,20.61919593811035,1556.4432220458984,"{'skip_0_1': False, 'skip_0_2': False, 'skip_1_2': True, 'skip_0_3': True, 'skip_1_3': False, 'skip_2_3': True, 'optimizer': 'adamw'}"
43241588,20.61919593811035,1556.4432220458984,"{'skip_0_1': False, 'skip_0_2': False, 'skip_1_2': True, 'skip_0_3': True, 'skip_1_3': False, 'skip_2_3': True, 'optimizer': 'adamw'}"
43241588,20.61919593811035,1556.4432220458984,"{'skip_0_1': False, 'skip_0_2': False, 'skip_1_2': True, 'skip_0_3': True, 'skip_1_3': False, 'skip_2_3': True, 'optimizer': 'adam'}"
43241588,20.61919593811035,1556.4432220458984,"{'skip_0_1': False, 'skip_0_2': False, 'skip_1_2': True, 'skip_0_3': True, 'skip_1_3': False, 'skip_2_3': True, 'optimizer': 'adamw'}"
43241588,20.61919593811035,1556.4432220458984,"{'skip_0_1': False, 'skip_0_2': False, 'skip_1_2': True, 'skip_0_3': True, 'skip_1_3': False, 'skip_2_3': True, 'optimizer': 'adam'}"
43241588,20.61919593811035,1556.4432220458984,"{'skip_0_1': False, 'skip_0_2': False, 'skip_1_2': True, 'skip_0_3': True, 'skip_1_3': False, 'skip_2_3': True, 'optimizer': 'lion'}"
43241588,20.61919593811035,1556.4432220458984,"{'skip_0_1': False, 'skip_0_2': False, 'skip_1_2': True, 'skip_0_3': True, 'skip_1_3': False, 'skip_2_3': True, 'optimizer': 'adam'}"
43241588,20.61919593811035,1556.4432220458984,"{'skip_0_1': False, 'skip_0_2': False, 'skip_1_2': True, 'skip_0_3': True, 'skip_1_3': False, 'skip_2_3': True, 'optimizer': 'lion'}"
43233716,20.615442276000977,1556.3516693115234,"{'skip_0_1': True, 'skip_0_2': False, 'skip_1_2': True, 'skip_0_3': False, 'skip_1_3': True, 'skip_2_3': True, 'optimizer': 'adam'}"
43233716,20.615442276000977,1556.3516693115234,"{'skip_0_1': True, 'skip_0_2': False, 'skip_1_2': True, 'skip_0_3': False, 'skip_1_3': True, 'skip_2_3': True, 'optimizer': 'adamw'}"
43233716,20.615442276000977,1556.3516693115234,"{'skip_0_1': True, 'skip_0_2': False, 'skip_1_2': True, 'skip_0_3': False, 'skip_1_3': True, 'skip_2_3': True, 'optimizer': 'adamw'}"
43233716,20.615442276000977,1556.3516693115234,"{'skip_0_1': True, 'skip_0_2': False, 'skip_1_2': True, 'skip_0_3': False, 'skip_1_3': True, 'skip_2_3': True, 'optimizer': 'lion'}"
43233716,20.615442276000977,1556.3516693115234,"{'skip_0_1': True, 'skip_0_2': False, 'skip_1_2': True, 'skip_0_3': False, 'skip_1_3': True, 'skip_2_3': True, 'optimizer': 'adamw'}"
43233716,20.615442276000977,1556.3516693115234,"{'skip_0_1': True, 'skip_0_2': False, 'skip_1_2': True, 'skip_0_3': False, 'skip_1_3': True, 'skip_2_3': True, 'optimizer': 'adamw'}"
43233716,20.615442276000977,1556.3516693115234,"{'skip_0_1': True, 'skip_0_2': False, 'skip_1_2': True, 'skip_0_3': False, 'skip_1_3': True, 'skip_2_3': True, 'optimizer': 'adamw'}"
43233716,20.615442276000977,1556.3516693115234,"{'skip_0_1': True, 'skip_0_2': False, 'skip_1_2': True, 'skip_0_3': False, 'skip_1_3': True, 'skip_2_3': True, 'optimizer': 'lion'}"
43233716,20.615442276000977,1556.3516693115234,"{'skip_0_1': True, 'skip_0_2': False, 'skip_1_2': True, 'skip_0_3': False, 'skip_1_3': True, 'skip_2_3': True, 'optimizer': 'adamw'}"
43233716,20.615442276000977,1556.3516693115234,"{'skip_0_1': True, 'skip_0_2': False, 'skip_1_2': True, 'skip_0_3': False, 'skip_1_3': True, 'skip_2_3': True, 'optimizer': 'adam'}"
43233716,20.615442276000977,1556.3516693115234,"{'skip_0_1': True, 'skip_0_2': False, 'skip_1_2': True, 'skip_0_3': False, 'skip_1_3': True, 'skip_2_3': True, 'optimizer': 'adamw'}"
43233716,20.615442276000977,1556.3516693115234,"{'skip_0_1': True, 'skip_0_2': False, 'skip_1_2': True, 'skip_0_3': False, 'skip_1_3': True, 'skip_2_3': True, 'optimizer': 'adamw'}"
43217012,20.60747718811035,1556.1619720458984,"{'skip_0_1': False, 'skip_0_2': True, 'skip_1_2': False, 'skip_0_3': False, 'skip_1_3': True, 'skip_2_3': True, 'optimizer': 'rmsprop'}"
43217012,20.60747718811035,1556.1619720458984,"{'skip_0_1': False, 'skip_0_2': True, 'skip_1_2': False, 'skip_0_3': False, 'skip_1_3': True, 'skip_2_3': True, 'optimizer': 'adam'}"
43217012,20.60747718811035,1556.1619720458984,"{'skip_0_1': False, 'skip_0_2': True, 'skip_1_2': False, 'skip_0_3': False, 'skip_1_3': True, 'skip_2_3': True, 'optimizer': 'rmsprop'}"
43217012,20.60747718811035,1556.1619720458984,"{'skip_0_1': False, 'skip_0_2': True, 'skip_1_2': False, 'skip_0_3': False, 'skip_1_3': True, 'skip_2_3': True, 'optimizer': 'adamw'}"
43217012,20.60747718811035,1556.1619720458984,"{'skip_0_1': False, 'skip_0_2': True, 'skip_1_2': False, 'skip_0_3': False, 'skip_1_3': True, 'skip_2_3': True, 'optimizer': 'rmsprop'}"
43217012,20.60747718811035,1556.1619720458984,"{'skip_0_1': False, 'skip_0_2': True, 'skip_1_2': False, 'skip_0_3': False, 'skip_1_3': True, 'skip_2_3': True, 'optimizer': 'adamw'}"
43217012,20.60747718811035,1556.1619720458984,"{'skip_0_1': False, 'skip_0_2': True, 'skip_1_2': False, 'skip_0_3': False, 'skip_1_3': True, 'skip_2_3': True, 'optimizer': 'adam'}"
43217012,20.60747718811035,1556.1619720458984,"{'skip_0_1': False, 'skip_0_2': True, 'skip_1_2': False, 'skip_0_3': False, 'skip_1_3': True, 'skip_2_3': True, 'optimizer': 'adamw'}"
43217012,20.60747718811035,1556.1619720458984,"{'skip_0_1': False, 'skip_0_2': True, 'skip_1_2': False, 'skip_0_3': False, 'skip_1_3': True, 'skip_2_3': True, 'optimizer': 'adam'}"
43217012,20.60747718811035,1556.1619720458984,"{'skip_0_1': False, 'skip_0_2': True, 'skip_1_2': False, 'skip_0_3': False, 'skip_1_3': True, 'skip_2_3': True, 'optimizer': 'lion'}"
43217012,20.60747718811035,1556.1619720458984,"{'skip_0_1': False, 'skip_0_2': True, 'skip_1_2': False, 'skip_0_3': False, 'skip_1_3': True, 'skip_2_3': True, 'optimizer': 'adamw'}"
43217012,20.60747718811035,1556.1619720458984,"{'skip_0_1': False, 'skip_0_2': True, 'skip_1_2': False, 'skip_0_3': False, 'skip_1_3': True, 'skip_2_3': True, 'optimizer': 'adam'}"
43217012,20.60747718811035,1556.1619720458984,"{'skip_0_1': False, 'skip_0_2': True, 'skip_1_2': False, 'skip_0_3': False, 'skip_1_3': True, 'skip_2_3': True, 'optimizer': 'adamw'}"
43217012,20.60747718811035,1556.1619720458984,"{'skip_0_1': False, 'skip_0_2': True, 'skip_1_2': False, 'skip_0_3': False, 'skip_1_3': True, 'skip_2_3': True, 'optimizer': 'lion'}"
43217012,20.60747718811035,1556.1619720458984,"{'skip_0_1': False, 'skip_0_2': True, 'skip_1_2': False, 'skip_0_3': False, 'skip_1_3': True, 'skip_2_3': True, 'optimizer': 'rmsprop'}"
43217012,20.60747718811035,1556.1619720458984,"{'skip_0_1': False, 'skip_0_2': True, 'skip_1_2': False, 'skip_0_3': False, 'skip_1_3': True, 'skip_2_3': True, 'optimizer': 'rmsprop'}"
43217012,20.60747718811035,1556.1619720458984,"{'skip_0_1': False, 'skip_0_2': True, 'skip_1_2': False, 'skip_0_3': False, 'skip_1_3': True, 'skip_2_3': True, 'optimizer': 'adam'}"
43217012,20.60747718811035,1556.1619720458984,"{'skip_0_1': False, 'skip_0_2': True, 'skip_1_2': False, 'skip_0_3': False, 'skip_1_3': True, 'skip_2_3': True, 'optimizer': 'adam'}"
43192436,20.59575843811035,1555.8807220458984,"{'skip_0_1': False, 'skip_0_2': False, 'skip_1_2': True, 'skip_0_3': False, 'skip_1_3': True, 'skip_2_3': True, 'optimizer': 'adamw'}"
43192436,20.59575843811035,1555.8807220458984,"{'skip_0_1': False, 'skip_0_2': False, 'skip_1_2': True, 'skip_0_3': False, 'skip_1_3': True, 'skip_2_3': True, 'optimizer': 'adam'}"
43192436,20.59575843811035,1555.8807220458984,"{'skip_0_1': False, 'skip_0_2': False, 'skip_1_2': True, 'skip_0_3': False, 'skip_1_3': True, 'skip_2_3': True, 'optimizer': 'rmsprop'}"
43192436,20.59575843811035,1555.8807220458984,"{'skip_0_1': False, 'skip_0_2': False, 'skip_1_2': True, 'skip_0_3': False, 'skip_1_3': True, 'skip_2_3': True, 'optimizer': 'rmsprop'}"
43192436,20.59575843811035,1555.8807220458984,"{'skip_0_1': False, 'skip_0_2': False, 'skip_1_2': True, 'skip_0_3': False, 'skip_1_3': True, 'skip_2_3': True, 'optimizer': 'rmsprop'}"
43192436,20.59575843811035,1555.8807220458984,"{'skip_0_1': False, 'skip_0_2': False, 'skip_1_2': True, 'skip_0_3': False, 'skip_1_3': True, 'skip_2_3': True, 'optimizer': 'adamw'}"
43192436,20.59575843811035,1555.8807220458984,"{'skip_0_1': False, 'skip_0_2': False, 'skip_1_2': True, 'skip_0_3': False, 'skip_1_3': True, 'skip_2_3': True, 'optimizer': 'adamw'}"
43192436,20.59575843811035,1555.8807220458984,"{'skip_0_1': False, 'skip_0_2': False, 'skip_1_2': True, 'skip_0_3': False, 'skip_1_3': True, 'skip_2_3': True, 'optimizer': 'adam'}"
43192436,20.59575843811035,1555.8807220458984,"{'skip_0_1': False, 'skip_0_2': False, 'skip_1_2': True, 'skip_0_3': False, 'skip_1_3': True, 'skip_2_3': True, 'optimizer': 'adamw'}"
43192436,20.59575843811035,1555.8807220458984,"{'skip_0_1': False, 'skip_0_2': False, 'skip_1_2': True, 'skip_0_3': False, 'skip_1_3': True, 'skip_2_3': True, 'optimizer': 'adamw'}"
43192436,20.59575843811035,1555.8807220458984,"{'skip_0_1': False, 'skip_0_2': False, 'skip_1_2': True, 'skip_0_3': False, 'skip_1_3': True, 'skip_2_3': True, 'optimizer': 'lion'}"
43192436,20.59575843811035,1555.8807220458984,"{'skip_0_1': False, 'skip_0_2': False, 'skip_1_2': True, 'skip_0_3': False, 'skip_1_3': True, 'skip_2_3': True, 'optimizer': 'rmsprop'}"
43192436,20.59575843811035,1555.8807220458984,"{'skip_0_1': False, 'skip_0_2': False, 'skip_1_2': True, 'skip_0_3': False, 'skip_1_3': True, 'skip_2_3': True, 'optimizer': 'adam'}"
43192436,20.59575843811035,1555.8807220458984,"{'skip_0_1': False, 'skip_0_2': False, 'skip_1_2': True, 'skip_0_3': False, 'skip_1_3': True, 'skip_2_3': True, 'optimizer': 'lion'}"
43192436,20.59575843811035,1555.8807220458984,"{'skip_0_1': False, 'skip_0_2': False, 'skip_1_2': True, 'skip_0_3': False, 'skip_1_3': True, 'skip_2_3': True, 'optimizer': 'adamw'}"
43192436,20.59575843811035,1555.8807220458984,"{'skip_0_1': False, 'skip_0_2': False, 'skip_1_2': True, 'skip_0_3': False, 'skip_1_3': True, 'skip_2_3': True, 'optimizer': 'adam'}"
43216692,20.607324600219727,1555.7261810302734,"{'skip_0_1': True, 'skip_0_2': True, 'skip_1_2': True, 'skip_0_3': True, 'skip_1_3': True, 'skip_2_3': False, 'optimizer': 'adamw'}"
43216692,20.607324600219727,1555.7261810302734,"{'skip_0_1': True, 'skip_0_2': False, 'skip_1_2': False, 'skip_0_3': True, 'skip_1_3': True, 'skip_2_3': False, 'optimizer': 'lion'}"
43216692,20.607324600219727,1555.7261810302734,"{'skip_0_1': True, 'skip_0_2': False, 'skip_1_2': False, 'skip_0_3': True, 'skip_1_3': True, 'skip_2_3': False, 'optimizer': 'rmsprop'}"
43216692,20.607324600219727,1555.7261810302734,"{'skip_0_1': True, 'skip_0_2': True, 'skip_1_2': True, 'skip_0_3': True, 'skip_1_3': True, 'skip_2_3': False, 'optimizer': 'adamw'}"
43216692,20.607324600219727,1555.7261810302734,"{'skip_0_1': True, 'skip_0_2': False, 'skip_1_2': False, 'skip_0_3': True, 'skip_1_3': True, 'skip_2_3': False, 'optimizer': 'lion'}"
43216692,20.607324600219727,1555.7261810302734,"{'skip_0_1': True, 'skip_0_2': True, 'skip_1_2': True, 'skip_0_3': True, 'skip_1_3': True, 'skip_2_3': False, 'optimizer': 'lion'}"
43216692,20.607324600219727,1555.7261810302734,"{'skip_0_1': True, 'skip_0_2': True, 'skip_1_2': False, 'skip_0_3': True, 'skip_1_3': True, 'skip_2_3': False, 'optimizer': 'adamw'}"
43216692,20.607324600219727,1555.7261810302734,"{'skip_0_1': True, 'skip_0_2': False, 'skip_1_2': True, 'skip_0_3': True, 'skip_1_3': True, 'skip_2_3': False, 'optimizer': 'rmsprop'}"
43216692,20.607324600219727,1555.7261810302734,"{'skip_0_1': True, 'skip_0_2': True, 'skip_1_2': True, 'skip_0_3': True, 'skip_1_3': True, 'skip_2_3': False, 'optimizer': 'adamw'}"
43216692,20.607324600219727,1555.7261810302734,"{'skip_0_1': True, 'skip_0_2': False, 'skip_1_2': True, 'skip_0_3': True, 'skip_1_3': True, 'skip_2_3': False, 'optimizer': 'adam'}"
43216692,20.607324600219727,1555.7261810302734,"{'skip_0_1': True, 'skip_0_2': True, 'skip_1_2': True, 'skip_0_3': True, 'skip_1_3': True, 'skip_2_3': False, 'optimizer': 'lion'}"
43216692,20.607324600219727,1555.7261810302734,"{'skip_0_1': True, 'skip_0_2': True, 'skip_1_2': True, 'skip_0_3': True, 'skip_1_3': True, 'skip_2_3': False, 'optimizer': 'lion'}"
43216692,20.607324600219727,1555.7261810302734,"{'skip_0_1': True, 'skip_0_2': True, 'skip_1_2': True, 'skip_0_3': True, 'skip_1_3': True, 'skip_2_3': False, 'optimizer': 'adam'}"
43216692,20.607324600219727,1555.7261810302734,"{'skip_0_1': True, 'skip_0_2': True, 'skip_1_2': True, 'skip_0_3': True, 'skip_1_3': True, 'skip_2_3': False, 'optimizer': 'adamw'}"
43216692,20.607324600219727,1555.7261810302734,"{'skip_0_1': True, 'skip_0_2': False, 'skip_1_2': True, 'skip_0_3': True, 'skip_1_3': True, 'skip_2_3': False, 'optimizer': 'rmsprop'}"
43216692,20.607324600219727,1555.7261810302734,"{'skip_0_1': True, 'skip_0_2': False, 'skip_1_2': False, 'skip_0_3': True, 'skip_1_3': True, 'skip_2_3': False, 'optimizer': 'adamw'}"
43216692,20.607324600219727,1555.7261810302734,"{'skip_0_1': True, 'skip_0_2': True, 'skip_1_2': False, 'skip_0_3': True, 'skip_1_3': True, 'skip_2_3': False, 'optimizer': 'adamw'}"
43216692,20.607324600219727,1555.7261810302734,"{'skip_0_1': True, 'skip_0_2': True, 'skip_1_2': False, 'skip_0_3': True, 'skip_1_3': True, 'skip_2_3': False, 'optimizer': 'rmsprop'}"
43216692,20.607324600219727,1555.7261810302734,"{'skip_0_1': True, 'skip_0_2': False, 'skip_1_2': False, 'skip_0_3': True, 'skip_1_3': True, 'skip_2_3': False, 'optimizer': 'adamw'}"
43216692,20.607324600219727,1555.7261810302734,"{'skip_0_1': True, 'skip_0_2': False, 'skip_1_2': False, 'skip_0_3': True, 'skip_1_3': True, 'skip_2_3': False, 'optimizer': 'adamw'}"
43216692,20.607324600219727,1555.7261810302734,"{'skip_0_1': True, 'skip_0_2': True, 'skip_1_2': True, 'skip_0_3': True, 'skip_1_3': True, 'skip_2_3': False, 'optimizer': 'adamw'}"
43216692,20.607324600219727,1555.7261810302734,"{'skip_0_1': True, 'skip_0_2': True, 'skip_1_2': False, 'skip_0_3': True, 'skip_1_3': True, 'skip_2_3': False, 'optimizer': 'lion'}"
43216692,20.607324600219727,1555.7261810302734,"{'skip_0_1': True, 'skip_0_2': True, 'skip_1_2': True, 'skip_0_3': True, 'skip_1_3': True, 'skip_2_3': False, 'optimizer': 'rmsprop'}"
43216692,20.607324600219727,1555.7261810302734,"{'skip_0_1': True, 'skip_0_2': False, 'skip_1_2': True, 'skip_0_3': True, 'skip_1_3': True, 'skip_2_3': False, 'optimizer': 'adamw'}"
43216692,20.607324600219727,1555.7261810302734,"{'skip_0_1': True, 'skip_0_2': True, 'skip_1_2': True, 'skip_0_3': True, 'skip_1_3': True, 'skip_2_3': False, 'optimizer': 'adamw'}"
43216692,20.607324600219727,1555.7261810302734,"{'skip_0_1': True, 'skip_0_2': False, 'skip_1_2': True, 'skip_0_3': True, 'skip_1_3': True, 'skip_2_3': False, 'optimizer': 'rmsprop'}"
43216692,20.607324600219727,1555.7261810302734,"{'skip_0_1': True, 'skip_0_2': True, 'skip_1_2': True, 'skip_0_3': True, 'skip_1_3': True, 'skip_2_3': False, 'optimizer': 'rmsprop'}"
43216692,20.607324600219727,1555.7261810302734,"{'skip_0_1': True, 'skip_0_2': False, 'skip_1_2': False, 'skip_0_3': True, 'skip_1_3': True, 'skip_2_3': False, 'optimizer': 'adam'}"
43216692,20.607324600219727,1555.7261810302734,"{'skip_0_1': True, 'skip_0_2': True, 'skip_1_2': False, 'skip_0_3': True, 'skip_1_3': True, 'skip_2_3': False, 'optimizer': 'adam'}"
43216692,20.607324600219727,1555.7261810302734,"{'skip_0_1': True, 'skip_0_2': True, 'skip_1_2': False, 'skip_0_3': True, 'skip_1_3': True, 'skip_2_3': False, 'optimizer': 'rmsprop'}"
43216692,20.607324600219727,1555.7261810302734,"{'skip_0_1': True, 'skip_0_2': False, 'skip_1_2': True, 'skip_0_3': True, 'skip_1_3': True, 'skip_2_3': False, 'optimizer': 'lion'}"
43216692,20.607324600219727,1555.7261810302734,"{'skip_0_1': True, 'skip_0_2': False, 'skip_1_2': False, 'skip_0_3': True, 'skip_1_3': True, 'skip_2_3': False, 'optimizer': 'lion'}"
43216692,20.607324600219727,1555.7261810302734,"{'skip_0_1': True, 'skip_0_2': True, 'skip_1_2': True, 'skip_0_3': True, 'skip_1_3': True, 'skip_2_3': False, 'optimizer': 'rmsprop'}"
43216692,20.607324600219727,1555.7261810302734,"{'skip_0_1': True, 'skip_0_2': True, 'skip_1_2': True, 'skip_0_3': True, 'skip_1_3': True, 'skip_2_3': False, 'optimizer': 'adam'}"
43216692,20.607324600219727,1555.7261810302734,"{'skip_0_1': True, 'skip_0_2': False, 'skip_1_2': False, 'skip_0_3': True, 'skip_1_3': True, 'skip_2_3': False, 'optimizer': 'adam'}"
43216692,20.607324600219727,1555.7261810302734,"{'skip_0_1': True, 'skip_0_2': False, 'skip_1_2': True, 'skip_0_3': True, 'skip_1_3': True, 'skip_2_3': False, 'optimizer': 'adam'}"
43216692,20.607324600219727,1555.7261810302734,"{'skip_0_1': True, 'skip_0_2': True, 'skip_1_2': False, 'skip_0_3': True, 'skip_1_3': True, 'skip_2_3': False, 'optimizer': 'rmsprop'}"
43216692,20.607324600219727,1555.7261810302734,"{'skip_0_1': True, 'skip_0_2': True, 'skip_1_2': True, 'skip_0_3': True, 'skip_1_3': True, 'skip_2_3': False, 'optimizer': 'adamw'}"
43216692,20.607324600219727,1555.7261810302734,"{'skip_0_1': True, 'skip_0_2': False, 'skip_1_2': True, 'skip_0_3': True, 'skip_1_3': True, 'skip_2_3': False, 'optimizer': 'rmsprop'}"
43216692,20.607324600219727,1555.7261810302734,"{'skip_0_1': True, 'skip_0_2': False, 'skip_1_2': True, 'skip_0_3': True, 'skip_1_3': True, 'skip_2_3': False, 'optimizer': 'adam'}"
43216692,20.607324600219727,1555.7261810302734,"{'skip_0_1': True, 'skip_0_2': True, 'skip_1_2': False, 'skip_0_3': True, 'skip_1_3': True, 'skip_2_3': False, 'optimizer': 'rmsprop'}"
43216692,20.607324600219727,1555.7261810302734,"{'skip_0_1': True, 'skip_0_2': True, 'skip_1_2': True, 'skip_0_3': True, 'skip_1_3': True, 'skip_2_3': False, 'optimizer': 'rmsprop'}"
43216692,20.607324600219727,1555.7261810302734,"{'skip_0_1': True, 'skip_0_2': False, 'skip_1_2': True, 'skip_0_3': True, 'skip_1_3': True, 'skip_2_3': False, 'optimizer': 'adamw'}"
43216692,20.607324600219727,1555.7261810302734,"{'skip_0_1': True, 'skip_0_2': False, 'skip_1_2': False, 'skip_0_3': True, 'skip_1_3': True, 'skip_2_3': False, 'optimizer': 'adam'}"
43216692,20.607324600219727,1555.7261810302734,"{'skip_0_1': True, 'skip_0_2': True, 'skip_1_2': False, 'skip_0_3': True, 'skip_1_3': True, 'skip_2_3': False, 'optimizer': 'adamw'}"
43216692,20.607324600219727,1555.7261810302734,"{'skip_0_1': True, 'skip_0_2': False, 'skip_1_2': False, 'skip_0_3': True, 'skip_1_3': True, 'skip_2_3': False, 'optimizer': 'adamw'}"
43216692,20.607324600219727,1555.7261810302734,"{'skip_0_1': True, 'skip_0_2': False, 'skip_1_2': False, 'skip_0_3': True, 'skip_1_3': True, 'skip_2_3': False, 'optimizer': 'adamw'}"
43216692,20.607324600219727,1555.7261810302734,"{'skip_0_1': True, 'skip_0_2': True, 'skip_1_2': True, 'skip_0_3': True, 'skip_1_3': True, 'skip_2_3': False, 'optimizer': 'adamw'}"
43216692,20.607324600219727,1555.7261810302734,"{'skip_0_1': True, 'skip_0_2': True, 'skip_1_2': True, 'skip_0_3': True, 'skip_1_3': True, 'skip_2_3': False, 'optimizer': 'adamw'}"
43216692,20.607324600219727,1555.7261810302734,"{'skip_0_1': True, 'skip_0_2': False, 'skip_1_2': False, 'skip_0_3': True, 'skip_1_3': True, 'skip_2_3': False, 'optimizer': 'adamw'}"
43183604,20.5915470123291,1555.3489837646484,"{'skip_0_1': False, 'skip_0_2': False, 'skip_1_2': False, 'skip_0_3': True, 'skip_1_3': True, 'skip_2_3': False, 'optimizer': 'adamw'}"
43183604,20.5915470123291,1555.3489837646484,"{'skip_0_1': False, 'skip_0_2': False, 'skip_1_2': True, 'skip_0_3': True, 'skip_1_3': True, 'skip_2_3': False, 'optimizer': 'adamw'}"
43183604,20.5915470123291,1555.3489837646484,"{'skip_0_1': False, 'skip_0_2': True, 'skip_1_2': False, 'skip_0_3': True, 'skip_1_3': True, 'skip_2_3': False, 'optimizer': 'lion'}"
43183604,20.5915470123291,1555.3489837646484,"{'skip_0_1': False, 'skip_0_2': True, 'skip_1_2': False, 'skip_0_3': True, 'skip_1_3': True, 'skip_2_3': False, 'optimizer': 'rmsprop'}"
43183604,20.5915470123291,1555.3489837646484,"{'skip_0_1': False, 'skip_0_2': False, 'skip_1_2': True, 'skip_0_3': True, 'skip_1_3': True, 'skip_2_3': False, 'optimizer': 'lion'}"
43183604,20.5915470123291,1555.3489837646484,"{'skip_0_1': False, 'skip_0_2': True, 'skip_1_2': False, 'skip_0_3': True, 'skip_1_3': True, 'skip_2_3': False, 'optimizer': 'rmsprop'}"
43183604,20.5915470123291,1555.3489837646484,"{'skip_0_1': False, 'skip_0_2': True, 'skip_1_2': False, 'skip_0_3': True, 'skip_1_3': True, 'skip_2_3': False, 'optimizer': 'lion'}"
43183604,20.5915470123291,1555.3489837646484,"{'skip_0_1': False, 'skip_0_2': False, 'skip_1_2': True, 'skip_0_3': True, 'skip_1_3': True, 'skip_2_3': False, 'optimizer': 'lion'}"
43183604,20.5915470123291,1555.3489837646484,"{'skip_0_1': False, 'skip_0_2': True, 'skip_1_2': True, 'skip_0_3': True, 'skip_1_3': True, 'skip_2_3': False, 'optimizer': 'adam'}"
43183604,20.5915470123291,1555.3489837646484,"{'skip_0_1': False, 'skip_0_2': False, 'skip_1_2': False, 'skip_0_3': True, 'skip_1_3': True, 'skip_2_3': False, 'optimizer': 'adam'}"
43183604,20.5915470123291,1555.3489837646484,"{'skip_0_1': False, 'skip_0_2': True, 'skip_1_2': True, 'skip_0_3': True, 'skip_1_3': True, 'skip_2_3': False, 'optimizer': 'rmsprop'}"
43183604,20.5915470123291,1555.3489837646484,"{'skip_0_1': False, 'skip_0_2': False, 'skip_1_2': True, 'skip_0_3': True, 'skip_1_3': True, 'skip_2_3': False, 'optimizer': 'adamw'}"
43183604,20.5915470123291,1555.3489837646484,"{'skip_0_1': False, 'skip_0_2': False, 'skip_1_2': True, 'skip_0_3': True, 'skip_1_3': True, 'skip_2_3': False, 'optimizer': 'adam'}"
43183604,20.5915470123291,1555.3489837646484,"{'skip_0_1': False, 'skip_0_2': False, 'skip_1_2': False, 'skip_0_3': True, 'skip_1_3': True, 'skip_2_3': False, 'optimizer': 'adam'}"
43183604,20.5915470123291,1555.3489837646484,"{'skip_0_1': False, 'skip_0_2': False, 'skip_1_2': True, 'skip_0_3': True, 'skip_1_3': True, 'skip_2_3': False, 'optimizer': 'rmsprop'}"
43183604,20.5915470123291,1555.3489837646484,"{'skip_0_1': False, 'skip_0_2': True, 'skip_1_2': False, 'skip_0_3': True, 'skip_1_3': True, 'skip_2_3': False, 'optimizer': 'rmsprop'}"
43183604,20.5915470123291,1555.3489837646484,"{'skip_0_1': False, 'skip_0_2': True, 'skip_1_2': True, 'skip_0_3': True, 'skip_1_3': True, 'skip_2_3': False, 'optimizer': 'rmsprop'}"
43183604,20.5915470123291,1555.3489837646484,"{'skip_0_1': False, 'skip_0_2': True, 'skip_1_2': True, 'skip_0_3': True, 'skip_1_3': True, 'skip_2_3': False, 'optimizer': 'lion'}"
43183604,20.5915470123291,1555.3489837646484,"{'skip_0_1': False, 'skip_0_2': False, 'skip_1_2': False, 'skip_0_3': True, 'skip_1_3': True, 'skip_2_3': False, 'optimizer': 'adam'}"
43183604,20.5915470123291,1555.3489837646484,"{'skip_0_1': False, 'skip_0_2': True, 'skip_1_2': False, 'skip_0_3': True, 'skip_1_3': True, 'skip_2_3': False, 'optimizer': 'adamw'}"
43183604,20.5915470123291,1555.3489837646484,"{'skip_0_1': False, 'skip_0_2': True, 'skip_1_2': False, 'skip_0_3': True, 'skip_1_3': True, 'skip_2_3': False, 'optimizer': 'lion'}"
43183604,20.5915470123291,1555.3489837646484,"{'skip_0_1': False, 'skip_0_2': True, 'skip_1_2': False, 'skip_0_3': True, 'skip_1_3': True, 'skip_2_3': False, 'optimizer': 'adam'}"
43183604,20.5915470123291,1555.3489837646484,"{'skip_0_1': False, 'skip_0_2': False, 'skip_1_2': False, 'skip_0_3': True, 'skip_1_3': True, 'skip_2_3': False, 'optimizer': 'adamw'}"
43183604,20.5915470123291,1555.3489837646484,"{'skip_0_1': False, 'skip_0_2': True, 'skip_1_2': True, 'skip_0_3': True, 'skip_1_3': True, 'skip_2_3': False, 'optimizer': 'adamw'}"
43183604,20.5915470123291,1555.3489837646484,"{'skip_0_1': False, 'skip_0_2': False, 'skip_1_2': True, 'skip_0_3': True, 'skip_1_3': True, 'skip_2_3': False, 'optimizer': 'rmsprop'}"
43183604,20.5915470123291,1555.3489837646484,"{'skip_0_1': False, 'skip_0_2': True, 'skip_1_2': False, 'skip_0_3': True, 'skip_1_3': True, 'skip_2_3': False, 'optimizer': 'lion'}"
43183604,20.5915470123291,1555.3489837646484,"{'skip_0_1': False, 'skip_0_2': True, 'skip_1_2': False, 'skip_0_3': True, 'skip_1_3': True, 'skip_2_3': False, 'optimizer': 'lion'}"
43183604,20.5915470123291,1555.3489837646484,"{'skip_0_1': False, 'skip_0_2': True, 'skip_1_2': False, 'skip_0_3': True, 'skip_1_3': True, 'skip_2_3': False, 'optimizer': 'rmsprop'}"
43183604,20.5915470123291,1555.3489837646484,"{'skip_0_1': False, 'skip_0_2': False, 'skip_1_2': True, 'skip_0_3': True, 'skip_1_3': True, 'skip_2_3': False, 'optimizer': 'adamw'}"
43183604,20.5915470123291,1555.3489837646484,"{'skip_0_1': False, 'skip_0_2': True, 'skip_1_2': True, 'skip_0_3': True, 'skip_1_3': True, 'skip_2_3': False, 'optimizer': 'adam'}"
43183604,20.5915470123291,1555.3489837646484,"{'skip_0_1': False, 'skip_0_2': True, 'skip_1_2': True, 'skip_0_3': True, 'skip_1_3': True, 'skip_2_3': False, 'optimizer': 'adamw'}"
43183604,20.5915470123291,1555.3489837646484,"{'skip_0_1': False, 'skip_0_2': False, 'skip_1_2': False, 'skip_0_3': True, 'skip_1_3': True, 'skip_2_3': False, 'optimizer': 'adam'}"
43183604,20.5915470123291,1555.3489837646484,"{'skip_0_1': False, 'skip_0_2': True, 'skip_1_2': False, 'skip_0_3': True, 'skip_1_3': True, 'skip_2_3': False, 'optimizer': 'adamw'}"
43183604,20.5915470123291,1555.3489837646484,"{'skip_0_1': False, 'skip_0_2': True, 'skip_1_2': False, 'skip_0_3': True, 'skip_1_3': True, 'skip_2_3': False, 'optimizer': 'rmsprop'}"
43183604,20.5915470123291,1555.3489837646484,"{'skip_0_1': False, 'skip_0_2': True, 'skip_1_2': True, 'skip_0_3': True, 'skip_1_3': True, 'skip_2_3': False, 'optimizer': 'adamw'}"
43183604,20.5915470123291,1555.3489837646484,"{'skip_0_1': False, 'skip_0_2': False, 'skip_1_2': False, 'skip_0_3': True, 'skip_1_3': True, 'skip_2_3': False, 'optimizer': 'rmsprop'}"
43183604,20.5915470123291,1555.3489837646484,"{'skip_0_1': False, 'skip_0_2': False, 'skip_1_2': False, 'skip_0_3': True, 'skip_1_3': True, 'skip_2_3': False, 'optimizer': 'lion'}"
43183604,20.5915470123291,1555.3489837646484,"{'skip_0_1': False, 'skip_0_2': False, 'skip_1_2': True, 'skip_0_3': True, 'skip_1_3': True, 'skip_2_3': False, 'optimizer': 'adam'}"
43183604,20.5915470123291,1555.3489837646484,"{'skip_0_1': False, 'skip_0_2': False, 'skip_1_2': True, 'skip_0_3': True, 'skip_1_3': True, 'skip_2_3': False, 'optimizer': 'adam'}"
43183604,20.5915470123291,1555.3489837646484,"{'skip_0_1': False, 'skip_0_2': True, 'skip_1_2': False, 'skip_0_3': True, 'skip_1_3': True, 'skip_2_3': False, 'optimizer': 'rmsprop'}"
43183604,20.5915470123291,1555.3489837646484,"{'skip_0_1': False, 'skip_0_2': True, 'skip_1_2': False, 'skip_0_3': True, 'skip_1_3': True, 'skip_2_3': False, 'optimizer': 'adamw'}"
43183604,20.5915470123291,1555.3489837646484,"{'skip_0_1': False, 'skip_0_2': False, 'skip_1_2': False, 'skip_0_3': True, 'skip_1_3': True, 'skip_2_3': False, 'optimizer': 'lion'}"
43183604,20.5915470123291,1555.3489837646484,"{'skip_0_1': False, 'skip_0_2': False, 'skip_1_2': True, 'skip_0_3': True, 'skip_1_3': True, 'skip_2_3': False, 'optimizer': 'lion'}"
43183604,20.5915470123291,1555.3489837646484,"{'skip_0_1': False, 'skip_0_2': False, 'skip_1_2': False, 'skip_0_3': True, 'skip_1_3': True, 'skip_2_3': False, 'optimizer': 'adam'}"
43183604,20.5915470123291,1555.3489837646484,"{'skip_0_1': False, 'skip_0_2': True, 'skip_1_2': True, 'skip_0_3': True, 'skip_1_3': True, 'skip_2_3': False, 'optimizer': 'lion'}"
43183604,20.5915470123291,1555.3489837646484,"{'skip_0_1': False, 'skip_0_2': True, 'skip_1_2': False, 'skip_0_3': True, 'skip_1_3': True, 'skip_2_3': False, 'optimizer': 'adamw'}"
43183604,20.5915470123291,1555.3489837646484,"{'skip_0_1': False, 'skip_0_2': True, 'skip_1_2': False, 'skip_0_3': True, 'skip_1_3': True, 'skip_2_3': False, 'optimizer': 'rmsprop'}"
43183604,20.5915470123291,1555.3489837646484,"{'skip_0_1': False, 'skip_0_2': True, 'skip_1_2': True, 'skip_0_3': True, 'skip_1_3': True, 'skip_2_3': False, 'optimizer': 'adam'}"
43183604,20.5915470123291,1555.3489837646484,"{'skip_0_1': False, 'skip_0_2': False, 'skip_1_2': False, 'skip_0_3': True, 'skip_1_3': True, 'skip_2_3': False, 'optimizer': 'adam'}"
43183604,20.5915470123291,1555.3489837646484,"{'skip_0_1': False, 'skip_0_2': False, 'skip_1_2': False, 'skip_0_3': True, 'skip_1_3': True, 'skip_2_3': False, 'optimizer': 'adamw'}"
43183604,20.5915470123291,1555.3489837646484,"{'skip_0_1': False, 'skip_0_2': False, 'skip_1_2': True, 'skip_0_3': True, 'skip_1_3': True, 'skip_2_3': False, 'optimizer': 'rmsprop'}"
43183604,20.5915470123291,1555.3489837646484,"{'skip_0_1': False, 'skip_0_2': False, 'skip_1_2': False, 'skip_0_3': True, 'skip_1_3': True, 'skip_2_3': False, 'optimizer': 'rmsprop'}"
43183604,20.5915470123291,1555.3489837646484,"{'skip_0_1': False, 'skip_0_2': True, 'skip_1_2': True, 'skip_0_3': True, 'skip_1_3': True, 'skip_2_3': False, 'optimizer': 'lion'}"
43199988,20.5993595123291,1555.3196868896484,"{'skip_0_1': False, 'skip_0_2': False, 'skip_1_2': False, 'skip_0_3': True, 'skip_1_3': False, 'skip_2_3': True, 'optimizer': 'adamw'}"
43199988,20.5993595123291,1555.3196868896484,"{'skip_0_1': True, 'skip_0_2': False, 'skip_1_2': False, 'skip_0_3': True, 'skip_1_3': False, 'skip_2_3': True, 'optimizer': 'adamw'}"
43199988,20.5993595123291,1555.3196868896484,"{'skip_0_1': False, 'skip_0_2': False, 'skip_1_2': False, 'skip_0_3': True, 'skip_1_3': False, 'skip_2_3': True, 'optimizer': 'adamw'}"
43199988,20.5993595123291,1555.3196868896484,"{'skip_0_1': False, 'skip_0_2': False, 'skip_1_2': False, 'skip_0_3': True, 'skip_1_3': False, 'skip_2_3': True, 'optimizer': 'lion'}"
43199988,20.5993595123291,1555.3196868896484,"{'skip_0_1': False, 'skip_0_2': False, 'skip_1_2': False, 'skip_0_3': True, 'skip_1_3': False, 'skip_2_3': True, 'optimizer': 'rmsprop'}"
43199988,20.5993595123291,1555.3196868896484,"{'skip_0_1': False, 'skip_0_2': False, 'skip_1_2': False, 'skip_0_3': True, 'skip_1_3': False, 'skip_2_3': True, 'optimizer': 'adamw'}"
43199988,20.5993595123291,1555.3196868896484,"{'skip_0_1': True, 'skip_0_2': False, 'skip_1_2': False, 'skip_0_3': True, 'skip_1_3': False, 'skip_2_3': True, 'optimizer': 'rmsprop'}"
43199988,20.5993595123291,1555.3196868896484,"{'skip_0_1': False, 'skip_0_2': False, 'skip_1_2': False, 'skip_0_3': True, 'skip_1_3': False, 'skip_2_3': True, 'optimizer': 'adamw'}"
43199988,20.5993595123291,1555.3196868896484,"{'skip_0_1': False, 'skip_0_2': False, 'skip_1_2': False, 'skip_0_3': True, 'skip_1_3': False, 'skip_2_3': True, 'optimizer': 'adam'}"
43199988,20.5993595123291,1555.3196868896484,"{'skip_0_1': True, 'skip_0_2': False, 'skip_1_2': False, 'skip_0_3': True, 'skip_1_3': False, 'skip_2_3': True, 'optimizer': 'adam'}"
43199988,20.5993595123291,1555.3196868896484,"{'skip_0_1': True, 'skip_0_2': False, 'skip_1_2': False, 'skip_0_3': True, 'skip_1_3': False, 'skip_2_3': True, 'optimizer': 'rmsprop'}"
43199988,20.5993595123291,1555.3196868896484,"{'skip_0_1': False, 'skip_0_2': False, 'skip_1_2': False, 'skip_0_3': True, 'skip_1_3': False, 'skip_2_3': True, 'optimizer': 'lion'}"
43199988,20.5993595123291,1555.3196868896484,"{'skip_0_1': False, 'skip_0_2': False, 'skip_1_2': False, 'skip_0_3': True, 'skip_1_3': False, 'skip_2_3': True, 'optimizer': 'adamw'}"
43199988,20.5993595123291,1555.3196868896484,"{'skip_0_1': True, 'skip_0_2': False, 'skip_1_2': False, 'skip_0_3': True, 'skip_1_3': False, 'skip_2_3': True, 'optimizer': 'adam'}"
43199988,20.5993595123291,1555.3196868896484,"{'skip_0_1': False, 'skip_0_2': False, 'skip_1_2': False, 'skip_0_3': True, 'skip_1_3': False, 'skip_2_3': True, 'optimizer': 'rmsprop'}"
43199988,20.5993595123291,1555.3196868896484,"{'skip_0_1': False, 'skip_0_2': False, 'skip_1_2': False, 'skip_0_3': True, 'skip_1_3': False, 'skip_2_3': True, 'optimizer': 'adam'}"
43199988,20.5993595123291,1555.3196868896484,"{'skip_0_1': False, 'skip_0_2': False, 'skip_1_2': False, 'skip_0_3': True, 'skip_1_3': False, 'skip_2_3': True, 'optimizer': 'lion'}"
43199988,20.5993595123291,1555.3196868896484,"{'skip_0_1': False, 'skip_0_2': False, 'skip_1_2': False, 'skip_0_3': True, 'skip_1_3': False, 'skip_2_3': True, 'optimizer': 'lion'}"
43199988,20.5993595123291,1555.3196868896484,"{'skip_0_1': False, 'skip_0_2': False, 'skip_1_2': False, 'skip_0_3': True, 'skip_1_3': False, 'skip_2_3': True, 'optimizer': 'adamw'}"
43199988,20.5993595123291,1555.3196868896484,"{'skip_0_1': False, 'skip_0_2': False, 'skip_1_2': False, 'skip_0_3': True, 'skip_1_3': False, 'skip_2_3': True, 'optimizer': 'rmsprop'}"
43199988,20.5993595123291,1555.3196868896484,"{'skip_0_1': False, 'skip_0_2': False, 'skip_1_2': False, 'skip_0_3': True, 'skip_1_3': False, 'skip_2_3': True, 'optimizer': 'adam'}"
43199988,20.5993595123291,1555.3196868896484,"{'skip_0_1': True, 'skip_0_2': False, 'skip_1_2': False, 'skip_0_3': True, 'skip_1_3': False, 'skip_2_3': True, 'optimizer': 'rmsprop'}"
43199988,20.5993595123291,1555.3196868896484,"{'skip_0_1': True, 'skip_0_2': False, 'skip_1_2': False, 'skip_0_3': True, 'skip_1_3': False, 'skip_2_3': True, 'optimizer': 'adam'}"
43199988,20.5993595123291,1555.3196868896484,"{'skip_0_1': True, 'skip_0_2': False, 'skip_1_2': False, 'skip_0_3': True, 'skip_1_3': False, 'skip_2_3': True, 'optimizer': 'rmsprop'}"
43183924,20.591699600219727,1555.1343841552734,"{'skip_0_1': True, 'skip_0_2': False, 'skip_1_2': False, 'skip_0_3': False, 'skip_1_3': True, 'skip_2_3': True, 'optimizer': 'adamw'}"
43183924,20.591699600219727,1555.1343841552734,"{'skip_0_1': True, 'skip_0_2': False, 'skip_1_2': False, 'skip_0_3': False, 'skip_1_3': True, 'skip_2_3': True, 'optimizer': 'adamw'}"
43183924,20.591699600219727,1555.1343841552734,"{'skip_0_1': True, 'skip_0_2': False, 'skip_1_2': False, 'skip_0_3': False, 'skip_1_3': True, 'skip_2_3': True, 'optimizer': 'adamw'}"
43183924,20.591699600219727,1555.1343841552734,"{'skip_0_1': True, 'skip_0_2': False, 'skip_1_2': False, 'skip_0_3': False, 'skip_1_3': True, 'skip_2_3': True, 'optimizer': 'adam'}"
43183924,20.591699600219727,1555.1343841552734,"{'skip_0_1': True, 'skip_0_2': False, 'skip_1_2': False, 'skip_0_3': False, 'skip_1_3': True, 'skip_2_3': True, 'optimizer': 'adam'}"
43183924,20.591699600219727,1555.1343841552734,"{'skip_0_1': True, 'skip_0_2': False, 'skip_1_2': False, 'skip_0_3': False, 'skip_1_3': True, 'skip_2_3': True, 'optimizer': 'adam'}"
43183924,20.591699600219727,1555.1343841552734,"{'skip_0_1': True, 'skip_0_2': False, 'skip_1_2': False, 'skip_0_3': False, 'skip_1_3': True, 'skip_2_3': True, 'optimizer': 'rmsprop'}"
43183924,20.591699600219727,1555.1343841552734,"{'skip_0_1': True, 'skip_0_2': False, 'skip_1_2': False, 'skip_0_3': False, 'skip_1_3': True, 'skip_2_3': True, 'optimizer': 'rmsprop'}"
43183924,20.591699600219727,1555.1343841552734,"{'skip_0_1': True, 'skip_0_2': False, 'skip_1_2': False, 'skip_0_3': False, 'skip_1_3': True, 'skip_2_3': True, 'optimizer': 'lion'}"
43183924,20.591699600219727,1555.1343841552734,"{'skip_0_1': True, 'skip_0_2': False, 'skip_1_2': False, 'skip_0_3': False, 'skip_1_3': True, 'skip_2_3': True, 'optimizer': 'adamw'}"
43150836,20.5759220123291,1554.7571868896484,"{'skip_0_1': False, 'skip_0_2': False, 'skip_1_2': False, 'skip_0_3': False, 'skip_1_3': True, 'skip_2_3': True, 'optimizer': 'lion'}"
43150836,20.5759220123291,1554.7571868896484,"{'skip_0_1': False, 'skip_0_2': False, 'skip_1_2': False, 'skip_0_3': False, 'skip_1_3': True, 'skip_2_3': True, 'optimizer': 'lion'}"
43150836,20.5759220123291,1554.7571868896484,"{'skip_0_1': False, 'skip_0_2': False, 'skip_1_2': False, 'skip_0_3': False, 'skip_1_3': True, 'skip_2_3': True, 'optimizer': 'rmsprop'}"
43150836,20.5759220123291,1554.7571868896484,"{'skip_0_1': False, 'skip_0_2': False, 'skip_1_2': False, 'skip_0_3': False, 'skip_1_3': True, 'skip_2_3': True, 'optimizer': 'adam'}"
43150836,20.5759220123291,1554.7571868896484,"{'skip_0_1': False, 'skip_0_2': False, 'skip_1_2': False, 'skip_0_3': False, 'skip_1_3': True, 'skip_2_3': True, 'optimizer': 'rmsprop'}"
43150836,20.5759220123291,1554.7571868896484,"{'skip_0_1': False, 'skip_0_2': False, 'skip_1_2': False, 'skip_0_3': False, 'skip_1_3': True, 'skip_2_3': True, 'optimizer': 'rmsprop'}"
43150836,20.5759220123291,1554.7571868896484,"{'skip_0_1': False, 'skip_0_2': False, 'skip_1_2': False, 'skip_0_3': False, 'skip_1_3': True, 'skip_2_3': True, 'optimizer': 'adam'}"
43150836,20.5759220123291,1554.7571868896484,"{'skip_0_1': False, 'skip_0_2': False, 'skip_1_2': False, 'skip_0_3': False, 'skip_1_3': True, 'skip_2_3': True, 'optimizer': 'rmsprop'}"
43150836,20.5759220123291,1554.7571868896484,"{'skip_0_1': False, 'skip_0_2': False, 'skip_1_2': False, 'skip_0_3': False, 'skip_1_3': True, 'skip_2_3': True, 'optimizer': 'adam'}"
43150836,20.5759220123291,1554.7571868896484,"{'skip_0_1': False, 'skip_0_2': False, 'skip_1_2': False, 'skip_0_3': False, 'skip_1_3': True, 'skip_2_3': True, 'optimizer': 'lion'}"
43150836,20.5759220123291,1554.7571868896484,"{'skip_0_1': False, 'skip_0_2': False, 'skip_1_2': False, 'skip_0_3': False, 'skip_1_3': True, 'skip_2_3': True, 'optimizer': 'lion'}"
43150836,20.5759220123291,1554.7571868896484,"{'skip_0_1': False, 'skip_0_2': False, 'skip_1_2': False, 'skip_0_3': False, 'skip_1_3': True, 'skip_2_3': True, 'optimizer': 'rmsprop'}"
43150836,20.5759220123291,1554.7571868896484,"{'skip_0_1': False, 'skip_0_2': False, 'skip_1_2': False, 'skip_0_3': False, 'skip_1_3': True, 'skip_2_3': True, 'optimizer': 'adam'}"
57574708,27.453760147094727,1501.7132873535156,"{'skip_0_1': True, 'skip_0_2': True, 'skip_1_2': True, 'skip_0_3': True, 'skip_1_3': True, 'skip_2_3': True, 'optimizer': 'sgd'}"
57574708,27.453760147094727,1501.7132873535156,"{'skip_0_1': True, 'skip_0_2': True, 'skip_1_2': True, 'skip_0_3': True, 'skip_1_3': True, 'skip_2_3': True, 'optimizer': 'sgd'}"
57533428,27.4340763092041,1501.3993225097656,"{'skip_0_1': False, 'skip_0_2': True, 'skip_1_2': True, 'skip_0_3': True, 'skip_1_3': True, 'skip_2_3': True, 'optimizer': 'sgd'}"
57533428,27.4340763092041,1501.3993225097656,"{'skip_0_1': False, 'skip_0_2': True, 'skip_1_2': True, 'skip_0_3': True, 'skip_1_3': True, 'skip_2_3': True, 'optimizer': 'sgd'}"
57524916,27.430017471313477,1500.6849670410156,"{'skip_0_1': True, 'skip_0_2': True, 'skip_1_2': False, 'skip_0_3': True, 'skip_1_3': True, 'skip_2_3': True, 'optimizer': 'sgd'}"
57524916,27.430017471313477,1500.6849670410156,"{'skip_0_1': True, 'skip_0_2': True, 'skip_1_2': False, 'skip_0_3': True, 'skip_1_3': True, 'skip_2_3': True, 'optimizer': 'sgd'}"
57524916,27.430017471313477,1500.6849670410156,"{'skip_0_1': True, 'skip_0_2': True, 'skip_1_2': False, 'skip_0_3': True, 'skip_1_3': True, 'skip_2_3': True, 'optimizer': 'sgd'}"
57508532,27.422204971313477,1500.5599670410156,"{'skip_0_1': True, 'skip_0_2': False, 'skip_1_2': True, 'skip_0_3': True, 'skip_1_3': True, 'skip_2_3': True, 'optimizer': 'sgd'}"
57508532,27.422204971313477,1500.5599670410156,"{'skip_0_1': True, 'skip_0_2': False, 'skip_1_2': True, 'skip_0_3': True, 'skip_1_3': True, 'skip_2_3': True, 'optimizer': 'sgd'}"
57508532,27.422204971313477,1500.5599670410156,"{'skip_0_1': True, 'skip_0_2': False, 'skip_1_2': True, 'skip_0_3': True, 'skip_1_3': True, 'skip_2_3': True, 'optimizer': 'sgd'}"
57491828,27.41423988342285,1500.4335021972656,"{'skip_0_1': False, 'skip_0_2': True, 'skip_1_2': False, 'skip_0_3': True, 'skip_1_3': True, 'skip_2_3': True, 'optimizer': 'sgd'}"
57491828,27.41423988342285,1500.4335021972656,"{'skip_0_1': False, 'skip_0_2': True, 'skip_1_2': False, 'skip_0_3': True, 'skip_1_3': True, 'skip_2_3': True, 'optimizer': 'sgd'}"
57491828,27.41423988342285,1500.4335021972656,"{'skip_0_1': False, 'skip_0_2': True, 'skip_1_2': False, 'skip_0_3': True, 'skip_1_3': True, 'skip_2_3': True, 'optimizer': 'sgd'}"
57491828,27.41423988342285,1500.4335021972656,"{'skip_0_1': False, 'skip_0_2': True, 'skip_1_2': False, 'skip_0_3': True, 'skip_1_3': True, 'skip_2_3': True, 'optimizer': 'sgd'}"
57467252,27.40252113342285,1500.2460021972656,"{'skip_0_1': False, 'skip_0_2': False, 'skip_1_2': True, 'skip_0_3': True, 'skip_1_3': True, 'skip_2_3': True, 'optimizer': 'sgd'}"
57458740,27.398462295532227,1499.5316467285156,"{'skip_0_1': True, 'skip_0_2': False, 'skip_1_2': False, 'skip_0_3': True, 'skip_1_3': True, 'skip_2_3': True, 'optimizer': 'sgd'}"
57458740,27.398462295532227,1499.5316467285156,"{'skip_0_1': True, 'skip_0_2': False, 'skip_1_2': False, 'skip_0_3': True, 'skip_1_3': True, 'skip_2_3': True, 'optimizer': 'sgd'}"
29057844,13.855859756469727,1395.1363372802734,"{'skip_0_1': True, 'skip_0_2': True, 'skip_1_2': True, 'skip_0_3': False, 'skip_1_3': False, 'skip_2_3': True, 'optimizer': 'rmsprop'}"
29057844,13.855859756469727,1395.1363372802734,"{'skip_0_1': True, 'skip_0_2': True, 'skip_1_2': True, 'skip_0_3': False, 'skip_1_3': False, 'skip_2_3': True, 'optimizer': 'adamw'}"
29057844,13.855859756469727,1395.1363372802734,"{'skip_0_1': True, 'skip_0_2': True, 'skip_1_2': True, 'skip_0_3': False, 'skip_1_3': False, 'skip_2_3': True, 'optimizer': 'lion'}"
29057844,13.855859756469727,1395.1363372802734,"{'skip_0_1': True, 'skip_0_2': True, 'skip_1_2': True, 'skip_0_3': False, 'skip_1_3': False, 'skip_2_3': True, 'optimizer': 'adamw'}"
29057844,13.855859756469727,1395.1363372802734,"{'skip_0_1': True, 'skip_0_2': True, 'skip_1_2': True, 'skip_0_3': False, 'skip_1_3': False, 'skip_2_3': True, 'optimizer': 'adamw'}"
29057844,13.855859756469727,1395.1363372802734,"{'skip_0_1': True, 'skip_0_2': True, 'skip_1_2': True, 'skip_0_3': False, 'skip_1_3': False, 'skip_2_3': True, 'optimizer': 'adam'}"
29057844,13.855859756469727,1395.1363372802734,"{'skip_0_1': True, 'skip_0_2': True, 'skip_1_2': True, 'skip_0_3': False, 'skip_1_3': False, 'skip_2_3': True, 'optimizer': 'adamw'}"
29057844,13.855859756469727,1395.1363372802734,"{'skip_0_1': True, 'skip_0_2': True, 'skip_1_2': True, 'skip_0_3': False, 'skip_1_3': False, 'skip_2_3': True, 'optimizer': 'lion'}"
29057844,13.855859756469727,1395.1363372802734,"{'skip_0_1': True, 'skip_0_2': True, 'skip_1_2': True, 'skip_0_3': False, 'skip_1_3': False, 'skip_2_3': True, 'optimizer': 'lion'}"
29057844,13.855859756469727,1395.1363372802734,"{'skip_0_1': True, 'skip_0_2': True, 'skip_1_2': True, 'skip_0_3': False, 'skip_1_3': False, 'skip_2_3': True, 'optimizer': 'adamw'}"
29057844,13.855859756469727,1395.1363372802734,"{'skip_0_1': True, 'skip_0_2': True, 'skip_1_2': True, 'skip_0_3': False, 'skip_1_3': False, 'skip_2_3': True, 'optimizer': 'rmsprop'}"
29057844,13.855859756469727,1395.1363372802734,"{'skip_0_1': True, 'skip_0_2': True, 'skip_1_2': True, 'skip_0_3': False, 'skip_1_3': False, 'skip_2_3': True, 'optimizer': 'lion'}"
29057844,13.855859756469727,1395.1363372802734,"{'skip_0_1': True, 'skip_0_2': True, 'skip_1_2': True, 'skip_0_3': False, 'skip_1_3': False, 'skip_2_3': True, 'optimizer': 'rmsprop'}"
29057844,13.855859756469727,1395.1363372802734,"{'skip_0_1': True, 'skip_0_2': True, 'skip_1_2': True, 'skip_0_3': False, 'skip_1_3': False, 'skip_2_3': True, 'optimizer': 'adamw'}"
29032948,13.843988418579102,1394.8528900146484,"{'skip_0_1': False, 'skip_0_2': True, 'skip_1_2': True, 'skip_0_3': False, 'skip_1_3': False, 'skip_2_3': True, 'optimizer': 'rmsprop'}"
29032948,13.843988418579102,1394.8528900146484,"{'skip_0_1': False, 'skip_0_2': True, 'skip_1_2': True, 'skip_0_3': False, 'skip_1_3': False, 'skip_2_3': True, 'optimizer': 'adamw'}"
29032948,13.843988418579102,1394.8528900146484,"{'skip_0_1': False, 'skip_0_2': True, 'skip_1_2': True, 'skip_0_3': False, 'skip_1_3': False, 'skip_2_3': True, 'optimizer': 'adam'}"
29032948,13.843988418579102,1394.8528900146484,"{'skip_0_1': False, 'skip_0_2': True, 'skip_1_2': True, 'skip_0_3': False, 'skip_1_3': False, 'skip_2_3': True, 'optimizer': 'lion'}"
29032948,13.843988418579102,1394.8528900146484,"{'skip_0_1': False, 'skip_0_2': True, 'skip_1_2': True, 'skip_0_3': False, 'skip_1_3': False, 'skip_2_3': True, 'optimizer': 'adamw'}"
29032948,13.843988418579102,1394.8528900146484,"{'skip_0_1': False, 'skip_0_2': True, 'skip_1_2': True, 'skip_0_3': False, 'skip_1_3': False, 'skip_2_3': True, 'optimizer': 'rmsprop'}"
29032948,13.843988418579102,1394.8528900146484,"{'skip_0_1': False, 'skip_0_2': True, 'skip_1_2': True, 'skip_0_3': False, 'skip_1_3': False, 'skip_2_3': True, 'optimizer': 'adam'}"
29032948,13.843988418579102,1394.8528900146484,"{'skip_0_1': False, 'skip_0_2': True, 'skip_1_2': True, 'skip_0_3': False, 'skip_1_3': False, 'skip_2_3': True, 'optimizer': 'lion'}"
29032948,13.843988418579102,1394.8528900146484,"{'skip_0_1': False, 'skip_0_2': True, 'skip_1_2': True, 'skip_0_3': False, 'skip_1_3': False, 'skip_2_3': True, 'optimizer': 'adam'}"
29032948,13.843988418579102,1394.8528900146484,"{'skip_0_1': False, 'skip_0_2': True, 'skip_1_2': True, 'skip_0_3': False, 'skip_1_3': False, 'skip_2_3': True, 'optimizer': 'adamw'}"
29032948,13.843988418579102,1394.8528900146484,"{'skip_0_1': False, 'skip_0_2': True, 'skip_1_2': True, 'skip_0_3': False, 'skip_1_3': False, 'skip_2_3': True, 'optimizer': 'rmsprop'}"
29032948,13.843988418579102,1394.8528900146484,"{'skip_0_1': False, 'skip_0_2': True, 'skip_1_2': True, 'skip_0_3': False, 'skip_1_3': False, 'skip_2_3': True, 'optimizer': 'adamw'}"
28991668,13.824304580688477,1393.7315521240234,"{'skip_0_1': True, 'skip_0_2': False, 'skip_1_2': True, 'skip_0_3': False, 'skip_1_3': False, 'skip_2_3': True, 'optimizer': 'adam'}"
28991668,13.824304580688477,1393.7315521240234,"{'skip_0_1': True, 'skip_0_2': False, 'skip_1_2': True, 'skip_0_3': False, 'skip_1_3': False, 'skip_2_3': True, 'optimizer': 'adam'}"
28991668,13.824304580688477,1393.7315521240234,"{'skip_0_1': True, 'skip_0_2': False, 'skip_1_2': True, 'skip_0_3': False, 'skip_1_3': False, 'skip_2_3': True, 'optimizer': 'adamw'}"
28991668,13.824304580688477,1393.7315521240234,"{'skip_0_1': True, 'skip_0_2': False, 'skip_1_2': True, 'skip_0_3': False, 'skip_1_3': False, 'skip_2_3': True, 'optimizer': 'rmsprop'}"
28991668,13.824304580688477,1393.7315521240234,"{'skip_0_1': True, 'skip_0_2': False, 'skip_1_2': True, 'skip_0_3': False, 'skip_1_3': False, 'skip_2_3': True, 'optimizer': 'lion'}"
28991668,13.824304580688477,1393.7315521240234,"{'skip_0_1': True, 'skip_0_2': False, 'skip_1_2': True, 'skip_0_3': False, 'skip_1_3': False, 'skip_2_3': True, 'optimizer': 'adam'}"
28991668,13.824304580688477,1393.7315521240234,"{'skip_0_1': True, 'skip_0_2': False, 'skip_1_2': True, 'skip_0_3': False, 'skip_1_3': False, 'skip_2_3': True, 'optimizer': 'adamw'}"
28991668,13.824304580688477,1393.7315521240234,"{'skip_0_1': True, 'skip_0_2': False, 'skip_1_2': True, 'skip_0_3': False, 'skip_1_3': False, 'skip_2_3': True, 'optimizer': 'adam'}"
28991668,13.824304580688477,1393.7315521240234,"{'skip_0_1': True, 'skip_0_2': False, 'skip_1_2': True, 'skip_0_3': False, 'skip_1_3': False, 'skip_2_3': True, 'optimizer': 'adamw'}"
28991668,13.824304580688477,1393.7315521240234,"{'skip_0_1': True, 'skip_0_2': False, 'skip_1_2': True, 'skip_0_3': False, 'skip_1_3': False, 'skip_2_3': True, 'optimizer': 'lion'}"
28991668,13.824304580688477,1393.7315521240234,"{'skip_0_1': True, 'skip_0_2': False, 'skip_1_2': True, 'skip_0_3': False, 'skip_1_3': False, 'skip_2_3': True, 'optimizer': 'adamw'}"
28991668,13.824304580688477,1393.7315521240234,"{'skip_0_1': True, 'skip_0_2': False, 'skip_1_2': True, 'skip_0_3': False, 'skip_1_3': False, 'skip_2_3': True, 'optimizer': 'adam'}"
28991668,13.824304580688477,1393.7315521240234,"{'skip_0_1': True, 'skip_0_2': False, 'skip_1_2': True, 'skip_0_3': False, 'skip_1_3': False, 'skip_2_3': True, 'optimizer': 'adamw'}"
28991668,13.824304580688477,1393.7315521240234,"{'skip_0_1': True, 'skip_0_2': False, 'skip_1_2': True, 'skip_0_3': False, 'skip_1_3': False, 'skip_2_3': True, 'optimizer': 'lion'}"
28991668,13.824304580688477,1393.7315521240234,"{'skip_0_1': True, 'skip_0_2': False, 'skip_1_2': True, 'skip_0_3': False, 'skip_1_3': False, 'skip_2_3': True, 'optimizer': 'rmsprop'}"
28991348,13.824151992797852,1393.7293548583984,"{'skip_0_1': True, 'skip_0_2': True, 'skip_1_2': False, 'skip_0_3': False, 'skip_1_3': False, 'skip_2_3': True, 'optimizer': 'adam'}"
28991348,13.824151992797852,1393.7293548583984,"{'skip_0_1': True, 'skip_0_2': True, 'skip_1_2': False, 'skip_0_3': False, 'skip_1_3': False, 'skip_2_3': True, 'optimizer': 'rmsprop'}"
28991348,13.824151992797852,1393.7293548583984,"{'skip_0_1': True, 'skip_0_2': True, 'skip_1_2': False, 'skip_0_3': False, 'skip_1_3': False, 'skip_2_3': True, 'optimizer': 'lion'}"
28991348,13.824151992797852,1393.7293548583984,"{'skip_0_1': True, 'skip_0_2': True, 'skip_1_2': False, 'skip_0_3': False, 'skip_1_3': False, 'skip_2_3': True, 'optimizer': 'adamw'}"
28991348,13.824151992797852,1393.7293548583984,"{'skip_0_1': True, 'skip_0_2': True, 'skip_1_2': False, 'skip_0_3': False, 'skip_1_3': False, 'skip_2_3': True, 'optimizer': 'adamw'}"
28991348,13.824151992797852,1393.7293548583984,"{'skip_0_1': True, 'skip_0_2': True, 'skip_1_2': False, 'skip_0_3': False, 'skip_1_3': False, 'skip_2_3': True, 'optimizer': 'lion'}"
28991348,13.824151992797852,1393.7293548583984,"{'skip_0_1': True, 'skip_0_2': True, 'skip_1_2': False, 'skip_0_3': False, 'skip_1_3': False, 'skip_2_3': True, 'optimizer': 'lion'}"
28991348,13.824151992797852,1393.7293548583984,"{'skip_0_1': True, 'skip_0_2': True, 'skip_1_2': False, 'skip_0_3': False, 'skip_1_3': False, 'skip_2_3': True, 'optimizer': 'adamw'}"
28991348,13.824151992797852,1393.7293548583984,"{'skip_0_1': True, 'skip_0_2': True, 'skip_1_2': False, 'skip_0_3': False, 'skip_1_3': False, 'skip_2_3': True, 'optimizer': 'rmsprop'}"
28991348,13.824151992797852,1393.7293548583984,"{'skip_0_1': True, 'skip_0_2': True, 'skip_1_2': False, 'skip_0_3': False, 'skip_1_3': False, 'skip_2_3': True, 'optimizer': 'adam'}"
28991348,13.824151992797852,1393.7293548583984,"{'skip_0_1': False, 'skip_0_2': True, 'skip_1_2': False, 'skip_0_3': False, 'skip_1_3': False, 'skip_2_3': True, 'optimizer': 'rmsprop'}"
28991348,13.824151992797852,1393.7293548583984,"{'skip_0_1': False, 'skip_0_2': True, 'skip_1_2': False, 'skip_0_3': False, 'skip_1_3': False, 'skip_2_3': True, 'optimizer': 'lion'}"
28991348,13.824151992797852,1393.7293548583984,"{'skip_0_1': False, 'skip_0_2': True, 'skip_1_2': False, 'skip_0_3': False, 'skip_1_3': False, 'skip_2_3': True, 'optimizer': 'rmsprop'}"
28991348,13.824151992797852,1393.7293548583984,"{'skip_0_1': True, 'skip_0_2': True, 'skip_1_2': False, 'skip_0_3': False, 'skip_1_3': False, 'skip_2_3': True, 'optimizer': 'adamw'}"
28991348,13.824151992797852,1393.7293548583984,"{'skip_0_1': False, 'skip_0_2': True, 'skip_1_2': False, 'skip_0_3': False, 'skip_1_3': False, 'skip_2_3': True, 'optimizer': 'adamw'}"
28991348,13.824151992797852,1393.7293548583984,"{'skip_0_1': True, 'skip_0_2': True, 'skip_1_2': False, 'skip_0_3': False, 'skip_1_3': False, 'skip_2_3': True, 'optimizer': 'adamw'}"
28991348,13.824151992797852,1393.7293548583984,"{'skip_0_1': True, 'skip_0_2': True, 'skip_1_2': False, 'skip_0_3': False, 'skip_1_3': False, 'skip_2_3': True, 'optimizer': 'rmsprop'}"
28991348,13.824151992797852,1393.7293548583984,"{'skip_0_1': True, 'skip_0_2': True, 'skip_1_2': False, 'skip_0_3': False, 'skip_1_3': False, 'skip_2_3': True, 'optimizer': 'lion'}"
28991348,13.824151992797852,1393.7293548583984,"{'skip_0_1': False, 'skip_0_2': True, 'skip_1_2': False, 'skip_0_3': False, 'skip_1_3': False, 'skip_2_3': True, 'optimizer': 'rmsprop'}"
28991348,13.824151992797852,1393.7293548583984,"{'skip_0_1': True, 'skip_0_2': True, 'skip_1_2': False, 'skip_0_3': False, 'skip_1_3': False, 'skip_2_3': True, 'optimizer': 'lion'}"
28991348,13.824151992797852,1393.7293548583984,"{'skip_0_1': True, 'skip_0_2': True, 'skip_1_2': False, 'skip_0_3': False, 'skip_1_3': False, 'skip_2_3': True, 'optimizer': 'adam'}"
28991348,13.824151992797852,1393.7293548583984,"{'skip_0_1': True, 'skip_0_2': True, 'skip_1_2': False, 'skip_0_3': False, 'skip_1_3': False, 'skip_2_3': True, 'optimizer': 'adam'}"
28991348,13.824151992797852,1393.7293548583984,"{'skip_0_1': False, 'skip_0_2': True, 'skip_1_2': False, 'skip_0_3': False, 'skip_1_3': False, 'skip_2_3': True, 'optimizer': 'adam'}"
28991348,13.824151992797852,1393.7293548583984,"{'skip_0_1': True, 'skip_0_2': True, 'skip_1_2': False, 'skip_0_3': False, 'skip_1_3': False, 'skip_2_3': True, 'optimizer': 'adam'}"
28966772,13.812433242797852,1393.4481048583984,"{'skip_0_1': False, 'skip_0_2': False, 'skip_1_2': True, 'skip_0_3': False, 'skip_1_3': False, 'skip_2_3': True, 'optimizer': 'adamw'}"
28966772,13.812433242797852,1393.4481048583984,"{'skip_0_1': False, 'skip_0_2': False, 'skip_1_2': True, 'skip_0_3': False, 'skip_1_3': False, 'skip_2_3': True, 'optimizer': 'rmsprop'}"
28966772,13.812433242797852,1393.4481048583984,"{'skip_0_1': False, 'skip_0_2': False, 'skip_1_2': True, 'skip_0_3': False, 'skip_1_3': False, 'skip_2_3': True, 'optimizer': 'adam'}"
28966772,13.812433242797852,1393.4481048583984,"{'skip_0_1': False, 'skip_0_2': False, 'skip_1_2': True, 'skip_0_3': False, 'skip_1_3': False, 'skip_2_3': True, 'optimizer': 'lion'}"
28966772,13.812433242797852,1393.4481048583984,"{'skip_0_1': False, 'skip_0_2': False, 'skip_1_2': True, 'skip_0_3': False, 'skip_1_3': False, 'skip_2_3': True, 'optimizer': 'adam'}"
28966772,13.812433242797852,1393.4481048583984,"{'skip_0_1': False, 'skip_0_2': False, 'skip_1_2': True, 'skip_0_3': False, 'skip_1_3': False, 'skip_2_3': True, 'optimizer': 'adam'}"
28966772,13.812433242797852,1393.4481048583984,"{'skip_0_1': False, 'skip_0_2': False, 'skip_1_2': True, 'skip_0_3': False, 'skip_1_3': False, 'skip_2_3': True, 'optimizer': 'adam'}"
28966772,13.812433242797852,1393.4481048583984,"{'skip_0_1': False, 'skip_0_2': False, 'skip_1_2': True, 'skip_0_3': False, 'skip_1_3': False, 'skip_2_3': True, 'optimizer': 'rmsprop'}"
28966772,13.812433242797852,1393.4481048583984,"{'skip_0_1': False, 'skip_0_2': False, 'skip_1_2': True, 'skip_0_3': False, 'skip_1_3': False, 'skip_2_3': True, 'optimizer': 'adamw'}"
28966772,13.812433242797852,1393.4481048583984,"{'skip_0_1': False, 'skip_0_2': False, 'skip_1_2': True, 'skip_0_3': False, 'skip_1_3': False, 'skip_2_3': True, 'optimizer': 'adamw'}"
28966772,13.812433242797852,1393.4481048583984,"{'skip_0_1': False, 'skip_0_2': False, 'skip_1_2': True, 'skip_0_3': False, 'skip_1_3': False, 'skip_2_3': True, 'optimizer': 'adamw'}"
43332660,20.662622451782227,1392.8421936035156,"{'skip_0_1': True, 'skip_0_2': True, 'skip_1_2': True, 'skip_0_3': True, 'skip_1_3': False, 'skip_2_3': True, 'optimizer': 'sgd'}"
43332660,20.662622451782227,1392.8421936035156,"{'skip_0_1': True, 'skip_0_2': True, 'skip_1_2': True, 'skip_0_3': True, 'skip_1_3': False, 'skip_2_3': True, 'optimizer': 'sgd'}"
43332660,20.662622451782227,1392.8421936035156,"{'skip_0_1': True, 'skip_0_2': True, 'skip_1_2': True, 'skip_0_3': True, 'skip_1_3': False, 'skip_2_3': True, 'optimizer': 'sgd'}"
43332660,20.662622451782227,1392.8421936035156,"{'skip_0_1': True, 'skip_0_2': True, 'skip_1_2': True, 'skip_0_3': True, 'skip_1_3': False, 'skip_2_3': True, 'optimizer': 'sgd'}"
43299892,20.646997451782227,1392.5921936035156,"{'skip_0_1': True, 'skip_0_2': True, 'skip_1_2': True, 'skip_0_3': False, 'skip_1_3': True, 'skip_2_3': True, 'optimizer': 'sgd'}"
43299892,20.646997451782227,1392.5921936035156,"{'skip_0_1': True, 'skip_0_2': True, 'skip_1_2': True, 'skip_0_3': False, 'skip_1_3': True, 'skip_2_3': True, 'optimizer': 'sgd'}"
28957940,13.808221817016602,1392.3382415771484,"{'skip_0_1': True, 'skip_0_2': False, 'skip_1_2': False, 'skip_0_3': True, 'skip_1_3': False, 'skip_2_3': False, 'optimizer': 'lion'}"
28957940,13.808221817016602,1392.3382415771484,"{'skip_0_1': True, 'skip_0_2': True, 'skip_1_2': False, 'skip_0_3': True, 'skip_1_3': False, 'skip_2_3': False, 'optimizer': 'rmsprop'}"
28957940,13.808221817016602,1392.3382415771484,"{'skip_0_1': False, 'skip_0_2': True, 'skip_1_2': True, 'skip_0_3': True, 'skip_1_3': False, 'skip_2_3': False, 'optimizer': 'lion'}"
28957940,13.808221817016602,1392.3382415771484,"{'skip_0_1': True, 'skip_0_2': True, 'skip_1_2': False, 'skip_0_3': True, 'skip_1_3': False, 'skip_2_3': False, 'optimizer': 'adamw'}"
28957940,13.808221817016602,1392.3382415771484,"{'skip_0_1': True, 'skip_0_2': False, 'skip_1_2': True, 'skip_0_3': True, 'skip_1_3': False, 'skip_2_3': False, 'optimizer': 'lion'}"
28957940,13.808221817016602,1392.3382415771484,"{'skip_0_1': False, 'skip_0_2': True, 'skip_1_2': False, 'skip_0_3': True, 'skip_1_3': False, 'skip_2_3': False, 'optimizer': 'adamw'}"
28957940,13.808221817016602,1392.3382415771484,"{'skip_0_1': True, 'skip_0_2': False, 'skip_1_2': False, 'skip_0_3': True, 'skip_1_3': False, 'skip_2_3': False, 'optimizer': 'rmsprop'}"
28957940,13.808221817016602,1392.3382415771484,"{'skip_0_1': True, 'skip_0_2': True, 'skip_1_2': False, 'skip_0_3': True, 'skip_1_3': False, 'skip_2_3': False, 'optimizer': 'adam'}"
28957940,13.808221817016602,1392.3382415771484,"{'skip_0_1': False, 'skip_0_2': True, 'skip_1_2': False, 'skip_0_3': True, 'skip_1_3': False, 'skip_2_3': False, 'optimizer': 'adamw'}"
28957940,13.808221817016602,1392.3382415771484,"{'skip_0_1': True, 'skip_0_2': True, 'skip_1_2': True, 'skip_0_3': True, 'skip_1_3': False, 'skip_2_3': False, 'optimizer': 'lion'}"
28957940,13.808221817016602,1392.3382415771484,"{'skip_0_1': False, 'skip_0_2': True, 'skip_1_2': True, 'skip_0_3': True, 'skip_1_3': False, 'skip_2_3': False, 'optimizer': 'lion'}"
28957940,13.808221817016602,1392.3382415771484,"{'skip_0_1': False, 'skip_0_2': True, 'skip_1_2': False, 'skip_0_3': True, 'skip_1_3': False, 'skip_2_3': False, 'optimizer': 'adam'}"
28957940,13.808221817016602,1392.3382415771484,"{'skip_0_1': True, 'skip_0_2': True, 'skip_1_2': True, 'skip_0_3': True, 'skip_1_3': False, 'skip_2_3': False, 'optimizer': 'adamw'}"
28957940,13.808221817016602,1392.3382415771484,"{'skip_0_1': False, 'skip_0_2': True, 'skip_1_2': True, 'skip_0_3': True, 'skip_1_3': False, 'skip_2_3': False, 'optimizer': 'lion'}"
28957940,13.808221817016602,1392.3382415771484,"{'skip_0_1': False, 'skip_0_2': False, 'skip_1_2': False, 'skip_0_3': True, 'skip_1_3': False, 'skip_2_3': False, 'optimizer': 'adamw'}"
28957940,13.808221817016602,1392.3382415771484,"{'skip_0_1': False, 'skip_0_2': True, 'skip_1_2': False, 'skip_0_3': True, 'skip_1_3': False, 'skip_2_3': False, 'optimizer': 'adamw'}"
28957940,13.808221817016602,1392.3382415771484,"{'skip_0_1': True, 'skip_0_2': True, 'skip_1_2': False, 'skip_0_3': True, 'skip_1_3': False, 'skip_2_3': False, 'optimizer': 'adam'}"
28957940,13.808221817016602,1392.3382415771484,"{'skip_0_1': True, 'skip_0_2': False, 'skip_1_2': False, 'skip_0_3': True, 'skip_1_3': False, 'skip_2_3': False, 'optimizer': 'rmsprop'}"
28957940,13.808221817016602,1392.3382415771484,"{'skip_0_1': False, 'skip_0_2': False, 'skip_1_2': False, 'skip_0_3': True, 'skip_1_3': False, 'skip_2_3': False, 'optimizer': 'lion'}"
28957940,13.808221817016602,1392.3382415771484,"{'skip_0_1': True, 'skip_0_2': True, 'skip_1_2': True, 'skip_0_3': True, 'skip_1_3': False, 'skip_2_3': False, 'optimizer': 'rmsprop'}"
28957940,13.808221817016602,1392.3382415771484,"{'skip_0_1': True, 'skip_0_2': True, 'skip_1_2': False, 'skip_0_3': True, 'skip_1_3': False, 'skip_2_3': False, 'optimizer': 'rmsprop'}"
28957940,13.808221817016602,1392.3382415771484,"{'skip_0_1': True, 'skip_0_2': False, 'skip_1_2': False, 'skip_0_3': True, 'skip_1_3': False, 'skip_2_3': False, 'optimizer': 'lion'}"
28957940,13.808221817016602,1392.3382415771484,"{'skip_0_1': False, 'skip_0_2': False, 'skip_1_2': True, 'skip_0_3': True, 'skip_1_3': False, 'skip_2_3': False, 'optimizer': 'adamw'}"
28957940,13.808221817016602,1392.3382415771484,"{'skip_0_1': False, 'skip_0_2': True, 'skip_1_2': False, 'skip_0_3': True, 'skip_1_3': False, 'skip_2_3': False, 'optimizer': 'adamw'}"
28957940,13.808221817016602,1392.3382415771484,"{'skip_0_1': True, 'skip_0_2': True, 'skip_1_2': True, 'skip_0_3': True, 'skip_1_3': False, 'skip_2_3': False, 'optimizer': 'adam'}"
28957940,13.808221817016602,1392.3382415771484,"{'skip_0_1': True, 'skip_0_2': True, 'skip_1_2': True, 'skip_0_3': True, 'skip_1_3': False, 'skip_2_3': False, 'optimizer': 'lion'}"
28957940,13.808221817016602,1392.3382415771484,"{'skip_0_1': True, 'skip_0_2': True, 'skip_1_2': False, 'skip_0_3': True, 'skip_1_3': False, 'skip_2_3': False, 'optimizer': 'lion'}"
28957940,13.808221817016602,1392.3382415771484,"{'skip_0_1': False, 'skip_0_2': True, 'skip_1_2': True, 'skip_0_3': True, 'skip_1_3': False, 'skip_2_3': False, 'optimizer': 'adamw'}"
28957940,13.808221817016602,1392.3382415771484,"{'skip_0_1': False, 'skip_0_2': False, 'skip_1_2': False, 'skip_0_3': True, 'skip_1_3': False, 'skip_2_3': False, 'optimizer': 'adam'}"
28957940,13.808221817016602,1392.3382415771484,"{'skip_0_1': True, 'skip_0_2': True, 'skip_1_2': True, 'skip_0_3': True, 'skip_1_3': False, 'skip_2_3': False, 'optimizer': 'adam'}"
28957940,13.808221817016602,1392.3382415771484,"{'skip_0_1': False, 'skip_0_2': False, 'skip_1_2': True, 'skip_0_3': True, 'skip_1_3': False, 'skip_2_3': False, 'optimizer': 'rmsprop'}"
28957940,13.808221817016602,1392.3382415771484,"{'skip_0_1': False, 'skip_0_2': False, 'skip_1_2': True, 'skip_0_3': True, 'skip_1_3': False, 'skip_2_3': False, 'optimizer': 'adam'}"
28957940,13.808221817016602,1392.3382415771484,"{'skip_0_1': False, 'skip_0_2': True, 'skip_1_2': True, 'skip_0_3': True, 'skip_1_3': False, 'skip_2_3': False, 'optimizer': 'adam'}"
28957940,13.808221817016602,1392.3382415771484,"{'skip_0_1': True, 'skip_0_2': True, 'skip_1_2': True, 'skip_0_3': True, 'skip_1_3': False, 'skip_2_3': False, 'optimizer': 'adamw'}"
28957940,13.808221817016602,1392.3382415771484,"{'skip_0_1': True, 'skip_0_2': True, 'skip_1_2': True, 'skip_0_3': True, 'skip_1_3': False, 'skip_2_3': False, 'optimizer': 'adamw'}"
28957940,13.808221817016602,1392.3382415771484,"{'skip_0_1': False, 'skip_0_2': False, 'skip_1_2': True, 'skip_0_3': True, 'skip_1_3': False, 'skip_2_3': False, 'optimizer': 'lion'}"
28957940,13.808221817016602,1392.3382415771484,"{'skip_0_1': True, 'skip_0_2': True, 'skip_1_2': True, 'skip_0_3': True, 'skip_1_3': False, 'skip_2_3': False, 'optimizer': 'adam'}"
28957940,13.808221817016602,1392.3382415771484,"{'skip_0_1': False, 'skip_0_2': True, 'skip_1_2': True, 'skip_0_3': True, 'skip_1_3': False, 'skip_2_3': False, 'optimizer': 'lion'}"
28957940,13.808221817016602,1392.3382415771484,"{'skip_0_1': True, 'skip_0_2': True, 'skip_1_2': False, 'skip_0_3': True, 'skip_1_3': False, 'skip_2_3': False, 'optimizer': 'adamw'}"
28957940,13.808221817016602,1392.3382415771484,"{'skip_0_1': True, 'skip_0_2': False, 'skip_1_2': True, 'skip_0_3': True, 'skip_1_3': False, 'skip_2_3': False, 'optimizer': 'adam'}"
28957940,13.808221817016602,1392.3382415771484,"{'skip_0_1': False, 'skip_0_2': True, 'skip_1_2': False, 'skip_0_3': True, 'skip_1_3': False, 'skip_2_3': False, 'optimizer': 'adamw'}"
28957940,13.808221817016602,1392.3382415771484,"{'skip_0_1': False, 'skip_0_2': False, 'skip_1_2': False, 'skip_0_3': True, 'skip_1_3': False, 'skip_2_3': False, 'optimizer': 'lion'}"
28957940,13.808221817016602,1392.3382415771484,"{'skip_0_1': False, 'skip_0_2': False, 'skip_1_2': False, 'skip_0_3': True, 'skip_1_3': False, 'skip_2_3': False, 'optimizer': 'adam'}"
28957940,13.808221817016602,1392.3382415771484,"{'skip_0_1': True, 'skip_0_2': True, 'skip_1_2': False, 'skip_0_3': True, 'skip_1_3': False, 'skip_2_3': False, 'optimizer': 'adam'}"
28957940,13.808221817016602,1392.3382415771484,"{'skip_0_1': True, 'skip_0_2': True, 'skip_1_2': True, 'skip_0_3': True, 'skip_1_3': False, 'skip_2_3': False, 'optimizer': 'lion'}"
28957940,13.808221817016602,1392.3382415771484,"{'skip_0_1': False, 'skip_0_2': False, 'skip_1_2': False, 'skip_0_3': True, 'skip_1_3': False, 'skip_2_3': False, 'optimizer': 'adamw'}"
28957940,13.808221817016602,1392.3382415771484,"{'skip_0_1': False, 'skip_0_2': True, 'skip_1_2': True, 'skip_0_3': True, 'skip_1_3': False, 'skip_2_3': False, 'optimizer': 'adam'}"
28957940,13.808221817016602,1392.3382415771484,"{'skip_0_1': True, 'skip_0_2': False, 'skip_1_2': False, 'skip_0_3': True, 'skip_1_3': False, 'skip_2_3': False, 'optimizer': 'adamw'}"
28957940,13.808221817016602,1392.3382415771484,"{'skip_0_1': False, 'skip_0_2': True, 'skip_1_2': True, 'skip_0_3': True, 'skip_1_3': False, 'skip_2_3': False, 'optimizer': 'rmsprop'}"
28957940,13.808221817016602,1392.3382415771484,"{'skip_0_1': True, 'skip_0_2': False, 'skip_1_2': True, 'skip_0_3': True, 'skip_1_3': False, 'skip_2_3': False, 'optimizer': 'lion'}"
28957940,13.808221817016602,1392.3382415771484,"{'skip_0_1': False, 'skip_0_2': True, 'skip_1_2': True, 'skip_0_3': True, 'skip_1_3': False, 'skip_2_3': False, 'optimizer': 'adam'}"
28957940,13.808221817016602,1392.3382415771484,"{'skip_0_1': True, 'skip_0_2': True, 'skip_1_2': False, 'skip_0_3': True, 'skip_1_3': False, 'skip_2_3': False, 'optimizer': 'lion'}"
28957940,13.808221817016602,1392.3382415771484,"{'skip_0_1': True, 'skip_0_2': False, 'skip_1_2': True, 'skip_0_3': True, 'skip_1_3': False, 'skip_2_3': False, 'optimizer': 'adamw'}"
28957940,13.808221817016602,1392.3382415771484,"{'skip_0_1': False, 'skip_0_2': False, 'skip_1_2': False, 'skip_0_3': True, 'skip_1_3': False, 'skip_2_3': False, 'optimizer': 'adam'}"
28957940,13.808221817016602,1392.3382415771484,"{'skip_0_1': True, 'skip_0_2': False, 'skip_1_2': False, 'skip_0_3': True, 'skip_1_3': False, 'skip_2_3': False, 'optimizer': 'adamw'}"
28957940,13.808221817016602,1392.3382415771484,"{'skip_0_1': True, 'skip_0_2': True, 'skip_1_2': False, 'skip_0_3': True, 'skip_1_3': False, 'skip_2_3': False, 'optimizer': 'adamw'}"
28957940,13.808221817016602,1392.3382415771484,"{'skip_0_1': False, 'skip_0_2': False, 'skip_1_2': True, 'skip_0_3': True, 'skip_1_3': False, 'skip_2_3': False, 'optimizer': 'adam'}"
28957940,13.808221817016602,1392.3382415771484,"{'skip_0_1': False, 'skip_0_2': True, 'skip_1_2': True, 'skip_0_3': True, 'skip_1_3': False, 'skip_2_3': False, 'optimizer': 'rmsprop'}"
28957940,13.808221817016602,1392.3382415771484,"{'skip_0_1': False, 'skip_0_2': True, 'skip_1_2': True, 'skip_0_3': True, 'skip_1_3': False, 'skip_2_3': False, 'optimizer': 'lion'}"
28957940,13.808221817016602,1392.3382415771484,"{'skip_0_1': False, 'skip_0_2': True, 'skip_1_2': True, 'skip_0_3': True, 'skip_1_3': False, 'skip_2_3': False, 'optimizer': 'adam'}"
28957940,13.808221817016602,1392.3382415771484,"{'skip_0_1': True, 'skip_0_2': False, 'skip_1_2': True, 'skip_0_3': True, 'skip_1_3': False, 'skip_2_3': False, 'optimizer': 'rmsprop'}"
28957940,13.808221817016602,1392.3382415771484,"{'skip_0_1': False, 'skip_0_2': True, 'skip_1_2': True, 'skip_0_3': True, 'skip_1_3': False, 'skip_2_3': False, 'optimizer': 'adam'}"
28957940,13.808221817016602,1392.3382415771484,"{'skip_0_1': False, 'skip_0_2': True, 'skip_1_2': True, 'skip_0_3': True, 'skip_1_3': False, 'skip_2_3': False, 'optimizer': 'rmsprop'}"
28957940,13.808221817016602,1392.3382415771484,"{'skip_0_1': False, 'skip_0_2': False, 'skip_1_2': True, 'skip_0_3': True, 'skip_1_3': False, 'skip_2_3': False, 'optimizer': 'rmsprop'}"
28957940,13.808221817016602,1392.3382415771484,"{'skip_0_1': True, 'skip_0_2': False, 'skip_1_2': False, 'skip_0_3': True, 'skip_1_3': False, 'skip_2_3': False, 'optimizer': 'adam'}"
28957940,13.808221817016602,1392.3382415771484,"{'skip_0_1': True, 'skip_0_2': False, 'skip_1_2': True, 'skip_0_3': True, 'skip_1_3': False, 'skip_2_3': False, 'optimizer': 'adam'}"
28957940,13.808221817016602,1392.3382415771484,"{'skip_0_1': False, 'skip_0_2': False, 'skip_1_2': True, 'skip_0_3': True, 'skip_1_3': False, 'skip_2_3': False, 'optimizer': 'adamw'}"
28957940,13.808221817016602,1392.3382415771484,"{'skip_0_1': False, 'skip_0_2': False, 'skip_1_2': True, 'skip_0_3': True, 'skip_1_3': False, 'skip_2_3': False, 'optimizer': 'lion'}"
28957940,13.808221817016602,1392.3382415771484,"{'skip_0_1': False, 'skip_0_2': False, 'skip_1_2': True, 'skip_0_3': True, 'skip_1_3': False, 'skip_2_3': False, 'optimizer': 'rmsprop'}"
28957940,13.808221817016602,1392.3382415771484,"{'skip_0_1': False, 'skip_0_2': True, 'skip_1_2': False, 'skip_0_3': True, 'skip_1_3': False, 'skip_2_3': False, 'optimizer': 'lion'}"
28957940,13.808221817016602,1392.3382415771484,"{'skip_0_1': True, 'skip_0_2': True, 'skip_1_2': True, 'skip_0_3': True, 'skip_1_3': False, 'skip_2_3': False, 'optimizer': 'rmsprop'}"
28957940,13.808221817016602,1392.3382415771484,"{'skip_0_1': True, 'skip_0_2': True, 'skip_1_2': True, 'skip_0_3': True, 'skip_1_3': False, 'skip_2_3': False, 'optimizer': 'adamw'}"
28957940,13.808221817016602,1392.3382415771484,"{'skip_0_1': True, 'skip_0_2': False, 'skip_1_2': True, 'skip_0_3': True, 'skip_1_3': False, 'skip_2_3': False, 'optimizer': 'adamw'}"
28957940,13.808221817016602,1392.3382415771484,"{'skip_0_1': True, 'skip_0_2': True, 'skip_1_2': False, 'skip_0_3': True, 'skip_1_3': False, 'skip_2_3': False, 'optimizer': 'lion'}"
28957940,13.808221817016602,1392.3382415771484,"{'skip_0_1': False, 'skip_0_2': False, 'skip_1_2': True, 'skip_0_3': True, 'skip_1_3': False, 'skip_2_3': False, 'optimizer': 'adam'}"
28957940,13.808221817016602,1392.3382415771484,"{'skip_0_1': False, 'skip_0_2': True, 'skip_1_2': False, 'skip_0_3': True, 'skip_1_3': False, 'skip_2_3': False, 'optimizer': 'adam'}"
28957940,13.808221817016602,1392.3382415771484,"{'skip_0_1': False, 'skip_0_2': True, 'skip_1_2': False, 'skip_0_3': True, 'skip_1_3': False, 'skip_2_3': False, 'optimizer': 'rmsprop'}"
28957940,13.808221817016602,1392.3382415771484,"{'skip_0_1': False, 'skip_0_2': False, 'skip_1_2': True, 'skip_0_3': True, 'skip_1_3': False, 'skip_2_3': False, 'optimizer': 'lion'}"
28957940,13.808221817016602,1392.3382415771484,"{'skip_0_1': True, 'skip_0_2': False, 'skip_1_2': False, 'skip_0_3': True, 'skip_1_3': False, 'skip_2_3': False, 'optimizer': 'adamw'}"
28957940,13.808221817016602,1392.3382415771484,"{'skip_0_1': False, 'skip_0_2': True, 'skip_1_2': False, 'skip_0_3': True, 'skip_1_3': False, 'skip_2_3': False, 'optimizer': 'adamw'}"
28957940,13.808221817016602,1392.3382415771484,"{'skip_0_1': False, 'skip_0_2': True, 'skip_1_2': False, 'skip_0_3': True, 'skip_1_3': False, 'skip_2_3': False, 'optimizer': 'lion'}"
28957940,13.808221817016602,1392.3382415771484,"{'skip_0_1': True, 'skip_0_2': True, 'skip_1_2': False, 'skip_0_3': True, 'skip_1_3': False, 'skip_2_3': False, 'optimizer': 'adamw'}"
28957940,13.808221817016602,1392.3382415771484,"{'skip_0_1': True, 'skip_0_2': False, 'skip_1_2': False, 'skip_0_3': True, 'skip_1_3': False, 'skip_2_3': False, 'optimizer': 'rmsprop'}"
28957940,13.808221817016602,1392.3382415771484,"{'skip_0_1': False, 'skip_0_2': True, 'skip_1_2': True, 'skip_0_3': True, 'skip_1_3': False, 'skip_2_3': False, 'optimizer': 'adamw'}"
28957940,13.808221817016602,1392.3382415771484,"{'skip_0_1': True, 'skip_0_2': False, 'skip_1_2': True, 'skip_0_3': True, 'skip_1_3': False, 'skip_2_3': False, 'optimizer': 'adam'}"
28957940,13.808221817016602,1392.3382415771484,"{'skip_0_1': True, 'skip_0_2': True, 'skip_1_2': True, 'skip_0_3': True, 'skip_1_3': False, 'skip_2_3': False, 'optimizer': 'lion'}"
28957940,13.808221817016602,1392.3382415771484,"{'skip_0_1': False, 'skip_0_2': False, 'skip_1_2': False, 'skip_0_3': True, 'skip_1_3': False, 'skip_2_3': False, 'optimizer': 'rmsprop'}"
28957940,13.808221817016602,1392.3382415771484,"{'skip_0_1': False, 'skip_0_2': False, 'skip_1_2': False, 'skip_0_3': True, 'skip_1_3': False, 'skip_2_3': False, 'optimizer': 'rmsprop'}"
28957940,13.808221817016602,1392.3382415771484,"{'skip_0_1': False, 'skip_0_2': False, 'skip_1_2': False, 'skip_0_3': True, 'skip_1_3': False, 'skip_2_3': False, 'optimizer': 'adamw'}"
28957940,13.808221817016602,1392.3382415771484,"{'skip_0_1': False, 'skip_0_2': False, 'skip_1_2': False, 'skip_0_3': True, 'skip_1_3': False, 'skip_2_3': False, 'optimizer': 'adamw'}"
28957940,13.808221817016602,1392.3382415771484,"{'skip_0_1': False, 'skip_0_2': False, 'skip_1_2': True, 'skip_0_3': True, 'skip_1_3': False, 'skip_2_3': False, 'optimizer': 'rmsprop'}"
28957940,13.808221817016602,1392.3382415771484,"{'skip_0_1': False, 'skip_0_2': False, 'skip_1_2': False, 'skip_0_3': True, 'skip_1_3': False, 'skip_2_3': False, 'optimizer': 'adam'}"
28957940,13.808221817016602,1392.3382415771484,"{'skip_0_1': False, 'skip_0_2': True, 'skip_1_2': False, 'skip_0_3': True, 'skip_1_3': False, 'skip_2_3': False, 'optimizer': 'adam'}"
28957940,13.808221817016602,1392.3382415771484,"{'skip_0_1': True, 'skip_0_2': True, 'skip_1_2': False, 'skip_0_3': True, 'skip_1_3': False, 'skip_2_3': False, 'optimizer': 'adam'}"
28957940,13.808221817016602,1392.3382415771484,"{'skip_0_1': True, 'skip_0_2': False, 'skip_1_2': False, 'skip_0_3': True, 'skip_1_3': False, 'skip_2_3': False, 'optimizer': 'rmsprop'}"
28925172,13.792596817016602,1392.3245697021484,"{'skip_0_1': True, 'skip_0_2': False, 'skip_1_2': False, 'skip_0_3': False, 'skip_1_3': False, 'skip_2_3': True, 'optimizer': 'rmsprop'}"
28925172,13.792596817016602,1392.3245697021484,"{'skip_0_1': False, 'skip_0_2': False, 'skip_1_2': False, 'skip_0_3': False, 'skip_1_3': False, 'skip_2_3': True, 'optimizer': 'rmsprop'}"
28925172,13.792596817016602,1392.3245697021484,"{'skip_0_1': False, 'skip_0_2': False, 'skip_1_2': False, 'skip_0_3': False, 'skip_1_3': False, 'skip_2_3': True, 'optimizer': 'adamw'}"
28925172,13.792596817016602,1392.3245697021484,"{'skip_0_1': False, 'skip_0_2': False, 'skip_1_2': False, 'skip_0_3': False, 'skip_1_3': False, 'skip_2_3': True, 'optimizer': 'adamw'}"
28925172,13.792596817016602,1392.3245697021484,"{'skip_0_1': True, 'skip_0_2': False, 'skip_1_2': False, 'skip_0_3': False, 'skip_1_3': False, 'skip_2_3': True, 'optimizer': 'adam'}"
28925172,13.792596817016602,1392.3245697021484,"{'skip_0_1': True, 'skip_0_2': False, 'skip_1_2': False, 'skip_0_3': False, 'skip_1_3': False, 'skip_2_3': True, 'optimizer': 'rmsprop'}"
28925172,13.792596817016602,1392.3245697021484,"{'skip_0_1': True, 'skip_0_2': False, 'skip_1_2': False, 'skip_0_3': False, 'skip_1_3': False, 'skip_2_3': True, 'optimizer': 'lion'}"
28925172,13.792596817016602,1392.3245697021484,"{'skip_0_1': False, 'skip_0_2': False, 'skip_1_2': False, 'skip_0_3': False, 'skip_1_3': False, 'skip_2_3': True, 'optimizer': 'lion'}"
28925172,13.792596817016602,1392.3245697021484,"{'skip_0_1': False, 'skip_0_2': False, 'skip_1_2': False, 'skip_0_3': False, 'skip_1_3': False, 'skip_2_3': True, 'optimizer': 'lion'}"
28925172,13.792596817016602,1392.3245697021484,"{'skip_0_1': False, 'skip_0_2': False, 'skip_1_2': False, 'skip_0_3': False, 'skip_1_3': False, 'skip_2_3': True, 'optimizer': 'adamw'}"
28925172,13.792596817016602,1392.3245697021484,"{'skip_0_1': True, 'skip_0_2': False, 'skip_1_2': False, 'skip_0_3': False, 'skip_1_3': False, 'skip_2_3': True, 'optimizer': 'rmsprop'}"
28925172,13.792596817016602,1392.3245697021484,"{'skip_0_1': False, 'skip_0_2': False, 'skip_1_2': False, 'skip_0_3': False, 'skip_1_3': False, 'skip_2_3': True, 'optimizer': 'lion'}"
28925172,13.792596817016602,1392.3245697021484,"{'skip_0_1': False, 'skip_0_2': False, 'skip_1_2': False, 'skip_0_3': False, 'skip_1_3': False, 'skip_2_3': True, 'optimizer': 'adam'}"
28925172,13.792596817016602,1392.3245697021484,"{'skip_0_1': False, 'skip_0_2': False, 'skip_1_2': False, 'skip_0_3': False, 'skip_1_3': False, 'skip_2_3': True, 'optimizer': 'adam'}"
28925172,13.792596817016602,1392.3245697021484,"{'skip_0_1': True, 'skip_0_2': False, 'skip_1_2': False, 'skip_0_3': False, 'skip_1_3': False, 'skip_2_3': True, 'optimizer': 'adamw'}"
28925172,13.792596817016602,1392.3245697021484,"{'skip_0_1': True, 'skip_0_2': False, 'skip_1_2': False, 'skip_0_3': False, 'skip_1_3': False, 'skip_2_3': True, 'optimizer': 'lion'}"
28925172,13.792596817016602,1392.3245697021484,"{'skip_0_1': True, 'skip_0_2': False, 'skip_1_2': False, 'skip_0_3': False, 'skip_1_3': False, 'skip_2_3': True, 'optimizer': 'adam'}"
28925172,13.792596817016602,1392.3245697021484,"{'skip_0_1': False, 'skip_0_2': False, 'skip_1_2': False, 'skip_0_3': False, 'skip_1_3': False, 'skip_2_3': True, 'optimizer': 'lion'}"
28925172,13.792596817016602,1392.3245697021484,"{'skip_0_1': True, 'skip_0_2': False, 'skip_1_2': False, 'skip_0_3': False, 'skip_1_3': False, 'skip_2_3': True, 'optimizer': 'lion'}"
28925172,13.792596817016602,1392.3245697021484,"{'skip_0_1': True, 'skip_0_2': False, 'skip_1_2': False, 'skip_0_3': False, 'skip_1_3': False, 'skip_2_3': True, 'optimizer': 'rmsprop'}"
28925172,13.792596817016602,1392.3245697021484,"{'skip_0_1': False, 'skip_0_2': False, 'skip_1_2': False, 'skip_0_3': False, 'skip_1_3': False, 'skip_2_3': True, 'optimizer': 'adam'}"
28925172,13.792596817016602,1392.3245697021484,"{'skip_0_1': False, 'skip_0_2': False, 'skip_1_2': False, 'skip_0_3': False, 'skip_1_3': False, 'skip_2_3': True, 'optimizer': 'adamw'}"
43258612,20.6273136138916,1392.2782287597656,"{'skip_0_1': False, 'skip_0_2': True, 'skip_1_2': True, 'skip_0_3': False, 'skip_1_3': True, 'skip_2_3': True, 'optimizer': 'sgd'}"
43258612,20.6273136138916,1392.2782287597656,"{'skip_0_1': False, 'skip_0_2': True, 'skip_1_2': True, 'skip_0_3': False, 'skip_1_3': True, 'skip_2_3': True, 'optimizer': 'sgd'}"
43258612,20.6273136138916,1392.2782287597656,"{'skip_0_1': False, 'skip_0_2': True, 'skip_1_2': True, 'skip_0_3': False, 'skip_1_3': True, 'skip_2_3': True, 'optimizer': 'sgd'}"
28941876,13.800561904907227,1392.1529388427734,"{'skip_0_1': True, 'skip_0_2': False, 'skip_1_2': True, 'skip_0_3': False, 'skip_1_3': True, 'skip_2_3': False, 'optimizer': 'adamw'}"
28941876,13.800561904907227,1392.1529388427734,"{'skip_0_1': True, 'skip_0_2': True, 'skip_1_2': True, 'skip_0_3': False, 'skip_1_3': True, 'skip_2_3': False, 'optimizer': 'lion'}"
28941876,13.800561904907227,1392.1529388427734,"{'skip_0_1': True, 'skip_0_2': False, 'skip_1_2': True, 'skip_0_3': False, 'skip_1_3': True, 'skip_2_3': False, 'optimizer': 'lion'}"
28941876,13.800561904907227,1392.1529388427734,"{'skip_0_1': True, 'skip_0_2': True, 'skip_1_2': False, 'skip_0_3': False, 'skip_1_3': True, 'skip_2_3': False, 'optimizer': 'adam'}"
28941876,13.800561904907227,1392.1529388427734,"{'skip_0_1': True, 'skip_0_2': True, 'skip_1_2': False, 'skip_0_3': False, 'skip_1_3': True, 'skip_2_3': False, 'optimizer': 'adamw'}"
28941876,13.800561904907227,1392.1529388427734,"{'skip_0_1': True, 'skip_0_2': False, 'skip_1_2': True, 'skip_0_3': False, 'skip_1_3': True, 'skip_2_3': False, 'optimizer': 'adam'}"
28941876,13.800561904907227,1392.1529388427734,"{'skip_0_1': True, 'skip_0_2': True, 'skip_1_2': True, 'skip_0_3': False, 'skip_1_3': True, 'skip_2_3': False, 'optimizer': 'lion'}"
28941876,13.800561904907227,1392.1529388427734,"{'skip_0_1': True, 'skip_0_2': False, 'skip_1_2': True, 'skip_0_3': False, 'skip_1_3': True, 'skip_2_3': False, 'optimizer': 'adam'}"
28941876,13.800561904907227,1392.1529388427734,"{'skip_0_1': True, 'skip_0_2': False, 'skip_1_2': True, 'skip_0_3': False, 'skip_1_3': True, 'skip_2_3': False, 'optimizer': 'adamw'}"
28941876,13.800561904907227,1392.1529388427734,"{'skip_0_1': True, 'skip_0_2': True, 'skip_1_2': False, 'skip_0_3': False, 'skip_1_3': True, 'skip_2_3': False, 'optimizer': 'adam'}"
28941876,13.800561904907227,1392.1529388427734,"{'skip_0_1': True, 'skip_0_2': False, 'skip_1_2': True, 'skip_0_3': False, 'skip_1_3': True, 'skip_2_3': False, 'optimizer': 'lion'}"
28941876,13.800561904907227,1392.1529388427734,"{'skip_0_1': True, 'skip_0_2': True, 'skip_1_2': True, 'skip_0_3': False, 'skip_1_3': True, 'skip_2_3': False, 'optimizer': 'rmsprop'}"
28941876,13.800561904907227,1392.1529388427734,"{'skip_0_1': True, 'skip_0_2': False, 'skip_1_2': True, 'skip_0_3': False, 'skip_1_3': True, 'skip_2_3': False, 'optimizer': 'adamw'}"
28941876,13.800561904907227,1392.1529388427734,"{'skip_0_1': True, 'skip_0_2': False, 'skip_1_2': False, 'skip_0_3': False, 'skip_1_3': True, 'skip_2_3': False, 'optimizer': 'adam'}"
28941876,13.800561904907227,1392.1529388427734,"{'skip_0_1': True, 'skip_0_2': False, 'skip_1_2': False, 'skip_0_3': False, 'skip_1_3': True, 'skip_2_3': False, 'optimizer': 'adam'}"
28941876,13.800561904907227,1392.1529388427734,"{'skip_0_1': True, 'skip_0_2': False, 'skip_1_2': True, 'skip_0_3': False, 'skip_1_3': True, 'skip_2_3': False, 'optimizer': 'rmsprop'}"
28941876,13.800561904907227,1392.1529388427734,"{'skip_0_1': True, 'skip_0_2': False, 'skip_1_2': False, 'skip_0_3': False, 'skip_1_3': True, 'skip_2_3': False, 'optimizer': 'lion'}"
28941876,13.800561904907227,1392.1529388427734,"{'skip_0_1': True, 'skip_0_2': False, 'skip_1_2': True, 'skip_0_3': False, 'skip_1_3': True, 'skip_2_3': False, 'optimizer': 'adamw'}"
28941876,13.800561904907227,1392.1529388427734,"{'skip_0_1': True, 'skip_0_2': False, 'skip_1_2': True, 'skip_0_3': False, 'skip_1_3': True, 'skip_2_3': False, 'optimizer': 'adam'}"
28941876,13.800561904907227,1392.1529388427734,"{'skip_0_1': True, 'skip_0_2': False, 'skip_1_2': False, 'skip_0_3': False, 'skip_1_3': True, 'skip_2_3': False, 'optimizer': 'adam'}"
28941876,13.800561904907227,1392.1529388427734,"{'skip_0_1': True, 'skip_0_2': False, 'skip_1_2': True, 'skip_0_3': False, 'skip_1_3': True, 'skip_2_3': False, 'optimizer': 'adam'}"
28941876,13.800561904907227,1392.1529388427734,"{'skip_0_1': True, 'skip_0_2': False, 'skip_1_2': False, 'skip_0_3': False, 'skip_1_3': True, 'skip_2_3': False, 'optimizer': 'rmsprop'}"
28941876,13.800561904907227,1392.1529388427734,"{'skip_0_1': True, 'skip_0_2': False, 'skip_1_2': False, 'skip_0_3': False, 'skip_1_3': True, 'skip_2_3': False, 'optimizer': 'lion'}"
28941876,13.800561904907227,1392.1529388427734,"{'skip_0_1': True, 'skip_0_2': True, 'skip_1_2': True, 'skip_0_3': False, 'skip_1_3': True, 'skip_2_3': False, 'optimizer': 'adam'}"
28941876,13.800561904907227,1392.1529388427734,"{'skip_0_1': True, 'skip_0_2': True, 'skip_1_2': False, 'skip_0_3': False, 'skip_1_3': True, 'skip_2_3': False, 'optimizer': 'rmsprop'}"
28941876,13.800561904907227,1392.1529388427734,"{'skip_0_1': True, 'skip_0_2': False, 'skip_1_2': True, 'skip_0_3': False, 'skip_1_3': True, 'skip_2_3': False, 'optimizer': 'adamw'}"
28941876,13.800561904907227,1392.1529388427734,"{'skip_0_1': True, 'skip_0_2': False, 'skip_1_2': False, 'skip_0_3': False, 'skip_1_3': True, 'skip_2_3': False, 'optimizer': 'rmsprop'}"
28941876,13.800561904907227,1392.1529388427734,"{'skip_0_1': True, 'skip_0_2': True, 'skip_1_2': True, 'skip_0_3': False, 'skip_1_3': True, 'skip_2_3': False, 'optimizer': 'adam'}"
28941876,13.800561904907227,1392.1529388427734,"{'skip_0_1': True, 'skip_0_2': True, 'skip_1_2': False, 'skip_0_3': False, 'skip_1_3': True, 'skip_2_3': False, 'optimizer': 'lion'}"
28941876,13.800561904907227,1392.1529388427734,"{'skip_0_1': True, 'skip_0_2': False, 'skip_1_2': False, 'skip_0_3': False, 'skip_1_3': True, 'skip_2_3': False, 'optimizer': 'rmsprop'}"
28941876,13.800561904907227,1392.1529388427734,"{'skip_0_1': True, 'skip_0_2': False, 'skip_1_2': True, 'skip_0_3': False, 'skip_1_3': True, 'skip_2_3': False, 'optimizer': 'rmsprop'}"
28941876,13.800561904907227,1392.1529388427734,"{'skip_0_1': True, 'skip_0_2': False, 'skip_1_2': False, 'skip_0_3': False, 'skip_1_3': True, 'skip_2_3': False, 'optimizer': 'adamw'}"
28941876,13.800561904907227,1392.1529388427734,"{'skip_0_1': True, 'skip_0_2': False, 'skip_1_2': False, 'skip_0_3': False, 'skip_1_3': True, 'skip_2_3': False, 'optimizer': 'adamw'}"
28941876,13.800561904907227,1392.1529388427734,"{'skip_0_1': True, 'skip_0_2': False, 'skip_1_2': False, 'skip_0_3': False, 'skip_1_3': True, 'skip_2_3': False, 'optimizer': 'rmsprop'}"
28941876,13.800561904907227,1392.1529388427734,"{'skip_0_1': True, 'skip_0_2': True, 'skip_1_2': False, 'skip_0_3': False, 'skip_1_3': True, 'skip_2_3': False, 'optimizer': 'rmsprop'}"
28941876,13.800561904907227,1392.1529388427734,"{'skip_0_1': True, 'skip_0_2': False, 'skip_1_2': False, 'skip_0_3': False, 'skip_1_3': True, 'skip_2_3': False, 'optimizer': 'lion'}"
28941876,13.800561904907227,1392.1529388427734,"{'skip_0_1': True, 'skip_0_2': False, 'skip_1_2': False, 'skip_0_3': False, 'skip_1_3': True, 'skip_2_3': False, 'optimizer': 'rmsprop'}"
28941876,13.800561904907227,1392.1529388427734,"{'skip_0_1': True, 'skip_0_2': False, 'skip_1_2': False, 'skip_0_3': False, 'skip_1_3': True, 'skip_2_3': False, 'optimizer': 'adamw'}"
28941876,13.800561904907227,1392.1529388427734,"{'skip_0_1': True, 'skip_0_2': False, 'skip_1_2': False, 'skip_0_3': False, 'skip_1_3': True, 'skip_2_3': False, 'optimizer': 'lion'}"
28941876,13.800561904907227,1392.1529388427734,"{'skip_0_1': True, 'skip_0_2': False, 'skip_1_2': False, 'skip_0_3': False, 'skip_1_3': True, 'skip_2_3': False, 'optimizer': 'adam'}"
28941876,13.800561904907227,1392.1529388427734,"{'skip_0_1': True, 'skip_0_2': True, 'skip_1_2': True, 'skip_0_3': False, 'skip_1_3': True, 'skip_2_3': False, 'optimizer': 'adamw'}"
28941876,13.800561904907227,1392.1529388427734,"{'skip_0_1': True, 'skip_0_2': False, 'skip_1_2': True, 'skip_0_3': False, 'skip_1_3': True, 'skip_2_3': False, 'optimizer': 'lion'}"
28941876,13.800561904907227,1392.1529388427734,"{'skip_0_1': True, 'skip_0_2': False, 'skip_1_2': False, 'skip_0_3': False, 'skip_1_3': True, 'skip_2_3': False, 'optimizer': 'lion'}"
28941876,13.800561904907227,1392.1529388427734,"{'skip_0_1': True, 'skip_0_2': True, 'skip_1_2': True, 'skip_0_3': False, 'skip_1_3': True, 'skip_2_3': False, 'optimizer': 'lion'}"
28941876,13.800561904907227,1392.1529388427734,"{'skip_0_1': True, 'skip_0_2': True, 'skip_1_2': False, 'skip_0_3': False, 'skip_1_3': True, 'skip_2_3': False, 'optimizer': 'adamw'}"
28941876,13.800561904907227,1392.1529388427734,"{'skip_0_1': True, 'skip_0_2': True, 'skip_1_2': False, 'skip_0_3': False, 'skip_1_3': True, 'skip_2_3': False, 'optimizer': 'lion'}"
28941876,13.800561904907227,1392.1529388427734,"{'skip_0_1': True, 'skip_0_2': True, 'skip_1_2': False, 'skip_0_3': False, 'skip_1_3': True, 'skip_2_3': False, 'optimizer': 'lion'}"
28908788,13.784784317016602,1391.7757415771484,"{'skip_0_1': False, 'skip_0_2': False, 'skip_1_2': True, 'skip_0_3': False, 'skip_1_3': True, 'skip_2_3': False, 'optimizer': 'rmsprop'}"
28908788,13.784784317016602,1391.7757415771484,"{'skip_0_1': False, 'skip_0_2': True, 'skip_1_2': True, 'skip_0_3': False, 'skip_1_3': True, 'skip_2_3': False, 'optimizer': 'adam'}"
28908788,13.784784317016602,1391.7757415771484,"{'skip_0_1': False, 'skip_0_2': False, 'skip_1_2': False, 'skip_0_3': False, 'skip_1_3': True, 'skip_2_3': False, 'optimizer': 'adam'}"
28908788,13.784784317016602,1391.7757415771484,"{'skip_0_1': False, 'skip_0_2': False, 'skip_1_2': False, 'skip_0_3': False, 'skip_1_3': True, 'skip_2_3': False, 'optimizer': 'lion'}"
28908788,13.784784317016602,1391.7757415771484,"{'skip_0_1': False, 'skip_0_2': True, 'skip_1_2': False, 'skip_0_3': False, 'skip_1_3': True, 'skip_2_3': False, 'optimizer': 'lion'}"
28908788,13.784784317016602,1391.7757415771484,"{'skip_0_1': False, 'skip_0_2': False, 'skip_1_2': True, 'skip_0_3': False, 'skip_1_3': True, 'skip_2_3': False, 'optimizer': 'lion'}"
28908788,13.784784317016602,1391.7757415771484,"{'skip_0_1': False, 'skip_0_2': True, 'skip_1_2': True, 'skip_0_3': False, 'skip_1_3': True, 'skip_2_3': False, 'optimizer': 'adam'}"
28908788,13.784784317016602,1391.7757415771484,"{'skip_0_1': False, 'skip_0_2': True, 'skip_1_2': True, 'skip_0_3': False, 'skip_1_3': True, 'skip_2_3': False, 'optimizer': 'adam'}"
28908788,13.784784317016602,1391.7757415771484,"{'skip_0_1': False, 'skip_0_2': True, 'skip_1_2': False, 'skip_0_3': False, 'skip_1_3': True, 'skip_2_3': False, 'optimizer': 'lion'}"
28908788,13.784784317016602,1391.7757415771484,"{'skip_0_1': False, 'skip_0_2': False, 'skip_1_2': False, 'skip_0_3': False, 'skip_1_3': True, 'skip_2_3': False, 'optimizer': 'adam'}"
28908788,13.784784317016602,1391.7757415771484,"{'skip_0_1': False, 'skip_0_2': False, 'skip_1_2': False, 'skip_0_3': False, 'skip_1_3': True, 'skip_2_3': False, 'optimizer': 'adam'}"
28908788,13.784784317016602,1391.7757415771484,"{'skip_0_1': False, 'skip_0_2': True, 'skip_1_2': False, 'skip_0_3': False, 'skip_1_3': True, 'skip_2_3': False, 'optimizer': 'rmsprop'}"
28908788,13.784784317016602,1391.7757415771484,"{'skip_0_1': False, 'skip_0_2': False, 'skip_1_2': True, 'skip_0_3': False, 'skip_1_3': True, 'skip_2_3': False, 'optimizer': 'adamw'}"
28908788,13.784784317016602,1391.7757415771484,"{'skip_0_1': False, 'skip_0_2': True, 'skip_1_2': True, 'skip_0_3': False, 'skip_1_3': True, 'skip_2_3': False, 'optimizer': 'adamw'}"
28908788,13.784784317016602,1391.7757415771484,"{'skip_0_1': False, 'skip_0_2': False, 'skip_1_2': True, 'skip_0_3': False, 'skip_1_3': True, 'skip_2_3': False, 'optimizer': 'lion'}"
28908788,13.784784317016602,1391.7757415771484,"{'skip_0_1': False, 'skip_0_2': True, 'skip_1_2': False, 'skip_0_3': False, 'skip_1_3': True, 'skip_2_3': False, 'optimizer': 'rmsprop'}"
28908788,13.784784317016602,1391.7757415771484,"{'skip_0_1': False, 'skip_0_2': False, 'skip_1_2': False, 'skip_0_3': False, 'skip_1_3': True, 'skip_2_3': False, 'optimizer': 'adamw'}"
28908788,13.784784317016602,1391.7757415771484,"{'skip_0_1': False, 'skip_0_2': True, 'skip_1_2': True, 'skip_0_3': False, 'skip_1_3': True, 'skip_2_3': False, 'optimizer': 'rmsprop'}"
28908788,13.784784317016602,1391.7757415771484,"{'skip_0_1': False, 'skip_0_2': True, 'skip_1_2': False, 'skip_0_3': False, 'skip_1_3': True, 'skip_2_3': False, 'optimizer': 'lion'}"
28908788,13.784784317016602,1391.7757415771484,"{'skip_0_1': False, 'skip_0_2': False, 'skip_1_2': True, 'skip_0_3': False, 'skip_1_3': True, 'skip_2_3': False, 'optimizer': 'adam'}"
28908788,13.784784317016602,1391.7757415771484,"{'skip_0_1': False, 'skip_0_2': True, 'skip_1_2': False, 'skip_0_3': False, 'skip_1_3': True, 'skip_2_3': False, 'optimizer': 'adamw'}"
28908788,13.784784317016602,1391.7757415771484,"{'skip_0_1': False, 'skip_0_2': False, 'skip_1_2': True, 'skip_0_3': False, 'skip_1_3': True, 'skip_2_3': False, 'optimizer': 'adamw'}"
28908788,13.784784317016602,1391.7757415771484,"{'skip_0_1': False, 'skip_0_2': False, 'skip_1_2': True, 'skip_0_3': False, 'skip_1_3': True, 'skip_2_3': False, 'optimizer': 'adam'}"
28908788,13.784784317016602,1391.7757415771484,"{'skip_0_1': False, 'skip_0_2': True, 'skip_1_2': False, 'skip_0_3': False, 'skip_1_3': True, 'skip_2_3': False, 'optimizer': 'rmsprop'}"
28908788,13.784784317016602,1391.7757415771484,"{'skip_0_1': False, 'skip_0_2': True, 'skip_1_2': False, 'skip_0_3': False, 'skip_1_3': True, 'skip_2_3': False, 'optimizer': 'lion'}"
28908788,13.784784317016602,1391.7757415771484,"{'skip_0_1': False, 'skip_0_2': False, 'skip_1_2': False, 'skip_0_3': False, 'skip_1_3': True, 'skip_2_3': False, 'optimizer': 'lion'}"
28908788,13.784784317016602,1391.7757415771484,"{'skip_0_1': False, 'skip_0_2': False, 'skip_1_2': True, 'skip_0_3': False, 'skip_1_3': True, 'skip_2_3': False, 'optimizer': 'rmsprop'}"
28908788,13.784784317016602,1391.7757415771484,"{'skip_0_1': False, 'skip_0_2': True, 'skip_1_2': False, 'skip_0_3': False, 'skip_1_3': True, 'skip_2_3': False, 'optimizer': 'adam'}"
28908788,13.784784317016602,1391.7757415771484,"{'skip_0_1': False, 'skip_0_2': True, 'skip_1_2': True, 'skip_0_3': False, 'skip_1_3': True, 'skip_2_3': False, 'optimizer': 'adam'}"
28908788,13.784784317016602,1391.7757415771484,"{'skip_0_1': False, 'skip_0_2': False, 'skip_1_2': False, 'skip_0_3': False, 'skip_1_3': True, 'skip_2_3': False, 'optimizer': 'adam'}"
28908788,13.784784317016602,1391.7757415771484,"{'skip_0_1': False, 'skip_0_2': False, 'skip_1_2': True, 'skip_0_3': False, 'skip_1_3': True, 'skip_2_3': False, 'optimizer': 'adam'}"
28908788,13.784784317016602,1391.7757415771484,"{'skip_0_1': False, 'skip_0_2': False, 'skip_1_2': True, 'skip_0_3': False, 'skip_1_3': True, 'skip_2_3': False, 'optimizer': 'rmsprop'}"
28908788,13.784784317016602,1391.7757415771484,"{'skip_0_1': False, 'skip_0_2': True, 'skip_1_2': False, 'skip_0_3': False, 'skip_1_3': True, 'skip_2_3': False, 'optimizer': 'rmsprop'}"
28908788,13.784784317016602,1391.7757415771484,"{'skip_0_1': False, 'skip_0_2': False, 'skip_1_2': True, 'skip_0_3': False, 'skip_1_3': True, 'skip_2_3': False, 'optimizer': 'adam'}"
28908788,13.784784317016602,1391.7757415771484,"{'skip_0_1': False, 'skip_0_2': True, 'skip_1_2': True, 'skip_0_3': False, 'skip_1_3': True, 'skip_2_3': False, 'optimizer': 'adam'}"
28908788,13.784784317016602,1391.7757415771484,"{'skip_0_1': False, 'skip_0_2': True, 'skip_1_2': False, 'skip_0_3': False, 'skip_1_3': True, 'skip_2_3': False, 'optimizer': 'rmsprop'}"
28908788,13.784784317016602,1391.7757415771484,"{'skip_0_1': False, 'skip_0_2': False, 'skip_1_2': False, 'skip_0_3': False, 'skip_1_3': True, 'skip_2_3': False, 'optimizer': 'rmsprop'}"
28908788,13.784784317016602,1391.7757415771484,"{'skip_0_1': False, 'skip_0_2': False, 'skip_1_2': False, 'skip_0_3': False, 'skip_1_3': True, 'skip_2_3': False, 'optimizer': 'adam'}"
28908788,13.784784317016602,1391.7757415771484,"{'skip_0_1': False, 'skip_0_2': False, 'skip_1_2': True, 'skip_0_3': False, 'skip_1_3': True, 'skip_2_3': False, 'optimizer': 'rmsprop'}"
28908788,13.784784317016602,1391.7757415771484,"{'skip_0_1': False, 'skip_0_2': True, 'skip_1_2': True, 'skip_0_3': False, 'skip_1_3': True, 'skip_2_3': False, 'optimizer': 'adamw'}"
28908788,13.784784317016602,1391.7757415771484,"{'skip_0_1': False, 'skip_0_2': False, 'skip_1_2': True, 'skip_0_3': False, 'skip_1_3': True, 'skip_2_3': False, 'optimizer': 'lion'}"
28908788,13.784784317016602,1391.7757415771484,"{'skip_0_1': False, 'skip_0_2': True, 'skip_1_2': False, 'skip_0_3': False, 'skip_1_3': True, 'skip_2_3': False, 'optimizer': 'adam'}"
28908788,13.784784317016602,1391.7757415771484,"{'skip_0_1': False, 'skip_0_2': True, 'skip_1_2': False, 'skip_0_3': False, 'skip_1_3': True, 'skip_2_3': False, 'optimizer': 'adamw'}"
28908788,13.784784317016602,1391.7757415771484,"{'skip_0_1': False, 'skip_0_2': True, 'skip_1_2': True, 'skip_0_3': False, 'skip_1_3': True, 'skip_2_3': False, 'optimizer': 'adam'}"
28908788,13.784784317016602,1391.7757415771484,"{'skip_0_1': False, 'skip_0_2': True, 'skip_1_2': True, 'skip_0_3': False, 'skip_1_3': True, 'skip_2_3': False, 'optimizer': 'rmsprop'}"
28908788,13.784784317016602,1391.7757415771484,"{'skip_0_1': False, 'skip_0_2': False, 'skip_1_2': False, 'skip_0_3': False, 'skip_1_3': True, 'skip_2_3': False, 'optimizer': 'rmsprop'}"
28908788,13.784784317016602,1391.7757415771484,"{'skip_0_1': False, 'skip_0_2': False, 'skip_1_2': False, 'skip_0_3': False, 'skip_1_3': True, 'skip_2_3': False, 'optimizer': 'lion'}"
28908788,13.784784317016602,1391.7757415771484,"{'skip_0_1': False, 'skip_0_2': True, 'skip_1_2': True, 'skip_0_3': False, 'skip_1_3': True, 'skip_2_3': False, 'optimizer': 'adam'}"
28908788,13.784784317016602,1391.7757415771484,"{'skip_0_1': False, 'skip_0_2': True, 'skip_1_2': True, 'skip_0_3': False, 'skip_1_3': True, 'skip_2_3': False, 'optimizer': 'adam'}"
28908788,13.784784317016602,1391.7757415771484,"{'skip_0_1': False, 'skip_0_2': False, 'skip_1_2': False, 'skip_0_3': False, 'skip_1_3': True, 'skip_2_3': False, 'optimizer': 'lion'}"
28908788,13.784784317016602,1391.7757415771484,"{'skip_0_1': False, 'skip_0_2': False, 'skip_1_2': False, 'skip_0_3': False, 'skip_1_3': True, 'skip_2_3': False, 'optimizer': 'rmsprop'}"
28908788,13.784784317016602,1391.7757415771484,"{'skip_0_1': False, 'skip_0_2': True, 'skip_1_2': False, 'skip_0_3': False, 'skip_1_3': True, 'skip_2_3': False, 'optimizer': 'adamw'}"
28908788,13.784784317016602,1391.7757415771484,"{'skip_0_1': False, 'skip_0_2': False, 'skip_1_2': False, 'skip_0_3': False, 'skip_1_3': True, 'skip_2_3': False, 'optimizer': 'lion'}"
28908788,13.784784317016602,1391.7757415771484,"{'skip_0_1': False, 'skip_0_2': True, 'skip_1_2': False, 'skip_0_3': False, 'skip_1_3': True, 'skip_2_3': False, 'optimizer': 'rmsprop'}"
28908788,13.784784317016602,1391.7757415771484,"{'skip_0_1': False, 'skip_0_2': False, 'skip_1_2': False, 'skip_0_3': False, 'skip_1_3': True, 'skip_2_3': False, 'optimizer': 'lion'}"
28908788,13.784784317016602,1391.7757415771484,"{'skip_0_1': False, 'skip_0_2': True, 'skip_1_2': True, 'skip_0_3': False, 'skip_1_3': True, 'skip_2_3': False, 'optimizer': 'lion'}"
28908788,13.784784317016602,1391.7757415771484,"{'skip_0_1': False, 'skip_0_2': True, 'skip_1_2': False, 'skip_0_3': False, 'skip_1_3': True, 'skip_2_3': False, 'optimizer': 'adamw'}"
43266484,20.631067276000977,1391.6888732910156,"{'skip_0_1': True, 'skip_0_2': False, 'skip_1_2': True, 'skip_0_3': True, 'skip_1_3': False, 'skip_2_3': True, 'optimizer': 'sgd'}"
43266164,20.63091468811035,1391.6874084472656,"{'skip_0_1': False, 'skip_0_2': True, 'skip_1_2': False, 'skip_0_3': True, 'skip_1_3': False, 'skip_2_3': True, 'optimizer': 'sgd'}"
43266164,20.63091468811035,1391.6874084472656,"{'skip_0_1': False, 'skip_0_2': True, 'skip_1_2': False, 'skip_0_3': True, 'skip_1_3': False, 'skip_2_3': True, 'optimizer': 'sgd'}"
43266164,20.63091468811035,1391.6874084472656,"{'skip_0_1': True, 'skip_0_2': True, 'skip_1_2': False, 'skip_0_3': True, 'skip_1_3': False, 'skip_2_3': True, 'optimizer': 'sgd'}"
43250100,20.623254776000977,1391.5638732910156,"{'skip_0_1': True, 'skip_0_2': True, 'skip_1_2': False, 'skip_0_3': False, 'skip_1_3': True, 'skip_2_3': True, 'optimizer': 'sgd'}"
43250100,20.623254776000977,1391.5638732910156,"{'skip_0_1': True, 'skip_0_2': True, 'skip_1_2': False, 'skip_0_3': False, 'skip_1_3': True, 'skip_2_3': True, 'optimizer': 'sgd'}"
43241588,20.61919593811035,1391.4999084472656,"{'skip_0_1': False, 'skip_0_2': False, 'skip_1_2': True, 'skip_0_3': True, 'skip_1_3': False, 'skip_2_3': True, 'optimizer': 'sgd'}"
43241588,20.61919593811035,1391.4999084472656,"{'skip_0_1': False, 'skip_0_2': False, 'skip_1_2': True, 'skip_0_3': True, 'skip_1_3': False, 'skip_2_3': True, 'optimizer': 'sgd'}"
43217012,20.60747718811035,1391.3124084472656,"{'skip_0_1': False, 'skip_0_2': True, 'skip_1_2': False, 'skip_0_3': False, 'skip_1_3': True, 'skip_2_3': True, 'optimizer': 'sgd'}"
43217012,20.60747718811035,1391.3124084472656,"{'skip_0_1': False, 'skip_0_2': True, 'skip_1_2': False, 'skip_0_3': False, 'skip_1_3': True, 'skip_2_3': True, 'optimizer': 'sgd'}"
43217012,20.60747718811035,1391.3124084472656,"{'skip_0_1': False, 'skip_0_2': True, 'skip_1_2': False, 'skip_0_3': False, 'skip_1_3': True, 'skip_2_3': True, 'optimizer': 'sgd'}"
43192436,20.59575843811035,1391.1249084472656,"{'skip_0_1': False, 'skip_0_2': False, 'skip_1_2': True, 'skip_0_3': False, 'skip_1_3': True, 'skip_2_3': True, 'optimizer': 'sgd'}"
43192436,20.59575843811035,1391.1249084472656,"{'skip_0_1': False, 'skip_0_2': False, 'skip_1_2': True, 'skip_0_3': False, 'skip_1_3': True, 'skip_2_3': True, 'optimizer': 'sgd'}"
43192436,20.59575843811035,1391.1249084472656,"{'skip_0_1': False, 'skip_0_2': False, 'skip_1_2': True, 'skip_0_3': False, 'skip_1_3': True, 'skip_2_3': True, 'optimizer': 'sgd'}"
43216692,20.607324600219727,1390.8773498535156,"{'skip_0_1': True, 'skip_0_2': True, 'skip_1_2': False, 'skip_0_3': True, 'skip_1_3': True, 'skip_2_3': False, 'optimizer': 'sgd'}"
43216692,20.607324600219727,1390.8773498535156,"{'skip_0_1': True, 'skip_0_2': True, 'skip_1_2': False, 'skip_0_3': True, 'skip_1_3': True, 'skip_2_3': False, 'optimizer': 'sgd'}"
43216692,20.607324600219727,1390.8773498535156,"{'skip_0_1': True, 'skip_0_2': False, 'skip_1_2': True, 'skip_0_3': True, 'skip_1_3': True, 'skip_2_3': False, 'optimizer': 'sgd'}"
43216692,20.607324600219727,1390.8773498535156,"{'skip_0_1': True, 'skip_0_2': False, 'skip_1_2': False, 'skip_0_3': True, 'skip_1_3': True, 'skip_2_3': False, 'optimizer': 'sgd'}"
43216692,20.607324600219727,1390.8773498535156,"{'skip_0_1': True, 'skip_0_2': False, 'skip_1_2': False, 'skip_0_3': True, 'skip_1_3': True, 'skip_2_3': False, 'optimizer': 'sgd'}"
43216692,20.607324600219727,1390.8773498535156,"{'skip_0_1': True, 'skip_0_2': True, 'skip_1_2': False, 'skip_0_3': True, 'skip_1_3': True, 'skip_2_3': False, 'optimizer': 'sgd'}"
43183604,20.5915470123291,1390.6258850097656,"{'skip_0_1': False, 'skip_0_2': False, 'skip_1_2': True, 'skip_0_3': True, 'skip_1_3': True, 'skip_2_3': False, 'optimizer': 'sgd'}"
43183604,20.5915470123291,1390.6258850097656,"{'skip_0_1': False, 'skip_0_2': True, 'skip_1_2': True, 'skip_0_3': True, 'skip_1_3': True, 'skip_2_3': False, 'optimizer': 'sgd'}"
43183604,20.5915470123291,1390.6258850097656,"{'skip_0_1': False, 'skip_0_2': True, 'skip_1_2': False, 'skip_0_3': True, 'skip_1_3': True, 'skip_2_3': False, 'optimizer': 'sgd'}"
43183604,20.5915470123291,1390.6258850097656,"{'skip_0_1': False, 'skip_0_2': False, 'skip_1_2': False, 'skip_0_3': True, 'skip_1_3': True, 'skip_2_3': False, 'optimizer': 'sgd'}"
43183604,20.5915470123291,1390.6258850097656,"{'skip_0_1': False, 'skip_0_2': False, 'skip_1_2': False, 'skip_0_3': True, 'skip_1_3': True, 'skip_2_3': False, 'optimizer': 'sgd'}"
43183604,20.5915470123291,1390.6258850097656,"{'skip_0_1': False, 'skip_0_2': False, 'skip_1_2': False, 'skip_0_3': True, 'skip_1_3': True, 'skip_2_3': False, 'optimizer': 'sgd'}"
43183604,20.5915470123291,1390.6258850097656,"{'skip_0_1': False, 'skip_0_2': True, 'skip_1_2': True, 'skip_0_3': True, 'skip_1_3': True, 'skip_2_3': False, 'optimizer': 'sgd'}"
43183604,20.5915470123291,1390.6258850097656,"{'skip_0_1': False, 'skip_0_2': True, 'skip_1_2': False, 'skip_0_3': True, 'skip_1_3': True, 'skip_2_3': False, 'optimizer': 'sgd'}"
43183604,20.5915470123291,1390.6258850097656,"{'skip_0_1': False, 'skip_0_2': True, 'skip_1_2': False, 'skip_0_3': True, 'skip_1_3': True, 'skip_2_3': False, 'optimizer': 'sgd'}"
43183604,20.5915470123291,1390.6258850097656,"{'skip_0_1': False, 'skip_0_2': False, 'skip_1_2': False, 'skip_0_3': True, 'skip_1_3': True, 'skip_2_3': False, 'optimizer': 'sgd'}"
43183604,20.5915470123291,1390.6258850097656,"{'skip_0_1': False, 'skip_0_2': False, 'skip_1_2': True, 'skip_0_3': True, 'skip_1_3': True, 'skip_2_3': False, 'optimizer': 'sgd'}"
43183604,20.5915470123291,1390.6258850097656,"{'skip_0_1': False, 'skip_0_2': True, 'skip_1_2': True, 'skip_0_3': True, 'skip_1_3': True, 'skip_2_3': False, 'optimizer': 'sgd'}"
43183604,20.5915470123291,1390.6258850097656,"{'skip_0_1': False, 'skip_0_2': True, 'skip_1_2': True, 'skip_0_3': True, 'skip_1_3': True, 'skip_2_3': False, 'optimizer': 'sgd'}"
43183604,20.5915470123291,1390.6258850097656,"{'skip_0_1': False, 'skip_0_2': False, 'skip_1_2': False, 'skip_0_3': True, 'skip_1_3': True, 'skip_2_3': False, 'optimizer': 'sgd'}"
43199988,20.5993595123291,1390.5340881347656,"{'skip_0_1': True, 'skip_0_2': False, 'skip_1_2': False, 'skip_0_3': True, 'skip_1_3': False, 'skip_2_3': True, 'optimizer': 'sgd'}"
43199988,20.5993595123291,1390.5340881347656,"{'skip_0_1': True, 'skip_0_2': False, 'skip_1_2': False, 'skip_0_3': True, 'skip_1_3': False, 'skip_2_3': True, 'optimizer': 'sgd'}"
43199988,20.5993595123291,1390.5340881347656,"{'skip_0_1': True, 'skip_0_2': False, 'skip_1_2': False, 'skip_0_3': True, 'skip_1_3': False, 'skip_2_3': True, 'optimizer': 'sgd'}"
43199988,20.5993595123291,1390.5340881347656,"{'skip_0_1': True, 'skip_0_2': False, 'skip_1_2': False, 'skip_0_3': True, 'skip_1_3': False, 'skip_2_3': True, 'optimizer': 'sgd'}"
43199988,20.5993595123291,1390.5340881347656,"{'skip_0_1': False, 'skip_0_2': False, 'skip_1_2': False, 'skip_0_3': True, 'skip_1_3': False, 'skip_2_3': True, 'optimizer': 'sgd'}"
43199988,20.5993595123291,1390.5340881347656,"{'skip_0_1': True, 'skip_0_2': False, 'skip_1_2': False, 'skip_0_3': True, 'skip_1_3': False, 'skip_2_3': True, 'optimizer': 'sgd'}"
43199988,20.5993595123291,1390.5340881347656,"{'skip_0_1': True, 'skip_0_2': False, 'skip_1_2': False, 'skip_0_3': True, 'skip_1_3': False, 'skip_2_3': True, 'optimizer': 'sgd'}"
43199988,20.5993595123291,1390.5340881347656,"{'skip_0_1': False, 'skip_0_2': False, 'skip_1_2': False, 'skip_0_3': True, 'skip_1_3': False, 'skip_2_3': True, 'optimizer': 'sgd'}"
43199988,20.5993595123291,1390.5340881347656,"{'skip_0_1': False, 'skip_0_2': False, 'skip_1_2': False, 'skip_0_3': True, 'skip_1_3': False, 'skip_2_3': True, 'optimizer': 'sgd'}"
43199988,20.5993595123291,1390.5340881347656,"{'skip_0_1': False, 'skip_0_2': False, 'skip_1_2': False, 'skip_0_3': True, 'skip_1_3': False, 'skip_2_3': True, 'optimizer': 'sgd'}"
43199988,20.5993595123291,1390.5340881347656,"{'skip_0_1': False, 'skip_0_2': False, 'skip_1_2': False, 'skip_0_3': True, 'skip_1_3': False, 'skip_2_3': True, 'optimizer': 'sgd'}"
43199988,20.5993595123291,1390.5340881347656,"{'skip_0_1': False, 'skip_0_2': False, 'skip_1_2': False, 'skip_0_3': True, 'skip_1_3': False, 'skip_2_3': True, 'optimizer': 'sgd'}"
43199988,20.5993595123291,1390.5340881347656,"{'skip_0_1': True, 'skip_0_2': False, 'skip_1_2': False, 'skip_0_3': True, 'skip_1_3': False, 'skip_2_3': True, 'optimizer': 'sgd'}"
43199988,20.5993595123291,1390.5340881347656,"{'skip_0_1': False, 'skip_0_2': False, 'skip_1_2': False, 'skip_0_3': True, 'skip_1_3': False, 'skip_2_3': True, 'optimizer': 'sgd'}"
43183924,20.591699600219727,1390.4105529785156,"{'skip_0_1': True, 'skip_0_2': False, 'skip_1_2': False, 'skip_0_3': False, 'skip_1_3': True, 'skip_2_3': True, 'optimizer': 'sgd'}"
43183924,20.591699600219727,1390.4105529785156,"{'skip_0_1': True, 'skip_0_2': False, 'skip_1_2': False, 'skip_0_3': False, 'skip_1_3': True, 'skip_2_3': True, 'optimizer': 'sgd'}"
43183924,20.591699600219727,1390.4105529785156,"{'skip_0_1': True, 'skip_0_2': False, 'skip_1_2': False, 'skip_0_3': False, 'skip_1_3': True, 'skip_2_3': True, 'optimizer': 'sgd'}"
43183924,20.591699600219727,1390.4105529785156,"{'skip_0_1': True, 'skip_0_2': False, 'skip_1_2': False, 'skip_0_3': False, 'skip_1_3': True, 'skip_2_3': True, 'optimizer': 'sgd'}"
43183924,20.591699600219727,1390.4105529785156,"{'skip_0_1': True, 'skip_0_2': False, 'skip_1_2': False, 'skip_0_3': False, 'skip_1_3': True, 'skip_2_3': True, 'optimizer': 'sgd'}"
43150836,20.5759220123291,1390.1590881347656,"{'skip_0_1': False, 'skip_0_2': False, 'skip_1_2': False, 'skip_0_3': False, 'skip_1_3': True, 'skip_2_3': True, 'optimizer': 'sgd'}"
29057844,13.855859756469727,1284.2992248535156,"{'skip_0_1': True, 'skip_0_2': True, 'skip_1_2': True, 'skip_0_3': False, 'skip_1_3': False, 'skip_2_3': True, 'optimizer': 'sgd'}"
29057844,13.855859756469727,1284.2992248535156,"{'skip_0_1': True, 'skip_0_2': True, 'skip_1_2': True, 'skip_0_3': False, 'skip_1_3': False, 'skip_2_3': True, 'optimizer': 'sgd'}"
29057844,13.855859756469727,1284.2992248535156,"{'skip_0_1': True, 'skip_0_2': True, 'skip_1_2': True, 'skip_0_3': False, 'skip_1_3': False, 'skip_2_3': True, 'optimizer': 'sgd'}"
29032948,13.843988418579102,1284.1102600097656,"{'skip_0_1': False, 'skip_0_2': True, 'skip_1_2': True, 'skip_0_3': False, 'skip_1_3': False, 'skip_2_3': True, 'optimizer': 'sgd'}"
29032948,13.843988418579102,1284.1102600097656,"{'skip_0_1': False, 'skip_0_2': True, 'skip_1_2': True, 'skip_0_3': False, 'skip_1_3': False, 'skip_2_3': True, 'optimizer': 'sgd'}"
28991668,13.824304580688477,1283.1459045410156,"{'skip_0_1': True, 'skip_0_2': False, 'skip_1_2': True, 'skip_0_3': False, 'skip_1_3': False, 'skip_2_3': True, 'optimizer': 'sgd'}"
28991668,13.824304580688477,1283.1459045410156,"{'skip_0_1': True, 'skip_0_2': False, 'skip_1_2': True, 'skip_0_3': False, 'skip_1_3': False, 'skip_2_3': True, 'optimizer': 'sgd'}"
28991668,13.824304580688477,1283.1459045410156,"{'skip_0_1': True, 'skip_0_2': False, 'skip_1_2': True, 'skip_0_3': False, 'skip_1_3': False, 'skip_2_3': True, 'optimizer': 'sgd'}"
28991668,13.824304580688477,1283.1459045410156,"{'skip_0_1': True, 'skip_0_2': False, 'skip_1_2': True, 'skip_0_3': False, 'skip_1_3': False, 'skip_2_3': True, 'optimizer': 'sgd'}"
28991348,13.824151992797852,1283.1444396972656,"{'skip_0_1': False, 'skip_0_2': True, 'skip_1_2': False, 'skip_0_3': False, 'skip_1_3': False, 'skip_2_3': True, 'optimizer': 'sgd'}"
28991348,13.824151992797852,1283.1444396972656,"{'skip_0_1': True, 'skip_0_2': True, 'skip_1_2': False, 'skip_0_3': False, 'skip_1_3': False, 'skip_2_3': True, 'optimizer': 'sgd'}"
28991348,13.824151992797852,1283.1444396972656,"{'skip_0_1': True, 'skip_0_2': True, 'skip_1_2': False, 'skip_0_3': False, 'skip_1_3': False, 'skip_2_3': True, 'optimizer': 'sgd'}"
28991348,13.824151992797852,1283.1444396972656,"{'skip_0_1': True, 'skip_0_2': True, 'skip_1_2': False, 'skip_0_3': False, 'skip_1_3': False, 'skip_2_3': True, 'optimizer': 'sgd'}"
28991348,13.824151992797852,1283.1444396972656,"{'skip_0_1': True, 'skip_0_2': True, 'skip_1_2': False, 'skip_0_3': False, 'skip_1_3': False, 'skip_2_3': True, 'optimizer': 'sgd'}"
28966772,13.812433242797852,1282.9569396972656,"{'skip_0_1': False, 'skip_0_2': False, 'skip_1_2': True, 'skip_0_3': False, 'skip_1_3': False, 'skip_2_3': True, 'optimizer': 'sgd'}"
28925172,13.792596817016602,1281.9911193847656,"{'skip_0_1': True, 'skip_0_2': False, 'skip_1_2': False, 'skip_0_3': False, 'skip_1_3': False, 'skip_2_3': True, 'optimizer': 'sgd'}"
28925172,13.792596817016602,1281.9911193847656,"{'skip_0_1': False, 'skip_0_2': False, 'skip_1_2': False, 'skip_0_3': False, 'skip_1_3': False, 'skip_2_3': True, 'optimizer': 'sgd'}"
28925172,13.792596817016602,1281.9911193847656,"{'skip_0_1': True, 'skip_0_2': False, 'skip_1_2': False, 'skip_0_3': False, 'skip_1_3': False, 'skip_2_3': True, 'optimizer': 'sgd'}"
28925172,13.792596817016602,1281.9911193847656,"{'skip_0_1': False, 'skip_0_2': False, 'skip_1_2': False, 'skip_0_3': False, 'skip_1_3': False, 'skip_2_3': True, 'optimizer': 'sgd'}"
28957940,13.808221817016602,1281.8797912597656,"{'skip_0_1': False, 'skip_0_2': True, 'skip_1_2': False, 'skip_0_3': True, 'skip_1_3': False, 'skip_2_3': False, 'optimizer': 'sgd'}"
28957940,13.808221817016602,1281.8797912597656,"{'skip_0_1': False, 'skip_0_2': True, 'skip_1_2': False, 'skip_0_3': True, 'skip_1_3': False, 'skip_2_3': False, 'optimizer': 'sgd'}"
28957940,13.808221817016602,1281.8797912597656,"{'skip_0_1': False, 'skip_0_2': False, 'skip_1_2': False, 'skip_0_3': True, 'skip_1_3': False, 'skip_2_3': False, 'optimizer': 'sgd'}"
28957940,13.808221817016602,1281.8797912597656,"{'skip_0_1': False, 'skip_0_2': True, 'skip_1_2': False, 'skip_0_3': True, 'skip_1_3': False, 'skip_2_3': False, 'optimizer': 'sgd'}"
28957940,13.808221817016602,1281.8797912597656,"{'skip_0_1': False, 'skip_0_2': True, 'skip_1_2': True, 'skip_0_3': True, 'skip_1_3': False, 'skip_2_3': False, 'optimizer': 'sgd'}"
28957940,13.808221817016602,1281.8797912597656,"{'skip_0_1': False, 'skip_0_2': False, 'skip_1_2': True, 'skip_0_3': True, 'skip_1_3': False, 'skip_2_3': False, 'optimizer': 'sgd'}"
28957940,13.808221817016602,1281.8797912597656,"{'skip_0_1': False, 'skip_0_2': True, 'skip_1_2': False, 'skip_0_3': True, 'skip_1_3': False, 'skip_2_3': False, 'optimizer': 'sgd'}"
28957940,13.808221817016602,1281.8797912597656,"{'skip_0_1': False, 'skip_0_2': False, 'skip_1_2': False, 'skip_0_3': True, 'skip_1_3': False, 'skip_2_3': False, 'optimizer': 'sgd'}"
28957940,13.808221817016602,1281.8797912597656,"{'skip_0_1': True, 'skip_0_2': False, 'skip_1_2': True, 'skip_0_3': True, 'skip_1_3': False, 'skip_2_3': False, 'optimizer': 'sgd'}"
28957940,13.808221817016602,1281.8797912597656,"{'skip_0_1': False, 'skip_0_2': False, 'skip_1_2': False, 'skip_0_3': True, 'skip_1_3': False, 'skip_2_3': False, 'optimizer': 'sgd'}"
28957940,13.808221817016602,1281.8797912597656,"{'skip_0_1': True, 'skip_0_2': True, 'skip_1_2': False, 'skip_0_3': True, 'skip_1_3': False, 'skip_2_3': False, 'optimizer': 'sgd'}"
28957940,13.808221817016602,1281.8797912597656,"{'skip_0_1': False, 'skip_0_2': True, 'skip_1_2': True, 'skip_0_3': True, 'skip_1_3': False, 'skip_2_3': False, 'optimizer': 'sgd'}"
28957940,13.808221817016602,1281.8797912597656,"{'skip_0_1': False, 'skip_0_2': True, 'skip_1_2': True, 'skip_0_3': True, 'skip_1_3': False, 'skip_2_3': False, 'optimizer': 'sgd'}"
28957940,13.808221817016602,1281.8797912597656,"{'skip_0_1': True, 'skip_0_2': True, 'skip_1_2': False, 'skip_0_3': True, 'skip_1_3': False, 'skip_2_3': False, 'optimizer': 'sgd'}"
28957940,13.808221817016602,1281.8797912597656,"{'skip_0_1': True, 'skip_0_2': False, 'skip_1_2': True, 'skip_0_3': True, 'skip_1_3': False, 'skip_2_3': False, 'optimizer': 'sgd'}"
28957940,13.808221817016602,1281.8797912597656,"{'skip_0_1': True, 'skip_0_2': True, 'skip_1_2': False, 'skip_0_3': True, 'skip_1_3': False, 'skip_2_3': False, 'optimizer': 'sgd'}"
28957940,13.808221817016602,1281.8797912597656,"{'skip_0_1': False, 'skip_0_2': True, 'skip_1_2': True, 'skip_0_3': True, 'skip_1_3': False, 'skip_2_3': False, 'optimizer': 'sgd'}"
28957940,13.808221817016602,1281.8797912597656,"{'skip_0_1': False, 'skip_0_2': False, 'skip_1_2': False, 'skip_0_3': True, 'skip_1_3': False, 'skip_2_3': False, 'optimizer': 'sgd'}"
28957940,13.808221817016602,1281.8797912597656,"{'skip_0_1': False, 'skip_0_2': False, 'skip_1_2': True, 'skip_0_3': True, 'skip_1_3': False, 'skip_2_3': False, 'optimizer': 'sgd'}"
28957940,13.808221817016602,1281.8797912597656,"{'skip_0_1': True, 'skip_0_2': True, 'skip_1_2': True, 'skip_0_3': True, 'skip_1_3': False, 'skip_2_3': False, 'optimizer': 'sgd'}"
28957940,13.808221817016602,1281.8797912597656,"{'skip_0_1': False, 'skip_0_2': False, 'skip_1_2': False, 'skip_0_3': True, 'skip_1_3': False, 'skip_2_3': False, 'optimizer': 'sgd'}"
28957940,13.808221817016602,1281.8797912597656,"{'skip_0_1': False, 'skip_0_2': True, 'skip_1_2': False, 'skip_0_3': True, 'skip_1_3': False, 'skip_2_3': False, 'optimizer': 'sgd'}"
28957940,13.808221817016602,1281.8797912597656,"{'skip_0_1': True, 'skip_0_2': True, 'skip_1_2': False, 'skip_0_3': True, 'skip_1_3': False, 'skip_2_3': False, 'optimizer': 'sgd'}"
28957940,13.808221817016602,1281.8797912597656,"{'skip_0_1': True, 'skip_0_2': False, 'skip_1_2': True, 'skip_0_3': True, 'skip_1_3': False, 'skip_2_3': False, 'optimizer': 'sgd'}"
28957940,13.808221817016602,1281.8797912597656,"{'skip_0_1': True, 'skip_0_2': True, 'skip_1_2': False, 'skip_0_3': True, 'skip_1_3': False, 'skip_2_3': False, 'optimizer': 'sgd'}"
28957940,13.808221817016602,1281.8797912597656,"{'skip_0_1': True, 'skip_0_2': True, 'skip_1_2': True, 'skip_0_3': True, 'skip_1_3': False, 'skip_2_3': False, 'optimizer': 'sgd'}"
28941876,13.800561904907227,1281.7562561035156,"{'skip_0_1': True, 'skip_0_2': True, 'skip_1_2': True, 'skip_0_3': False, 'skip_1_3': True, 'skip_2_3': False, 'optimizer': 'sgd'}"
28941876,13.800561904907227,1281.7562561035156,"{'skip_0_1': True, 'skip_0_2': True, 'skip_1_2': False, 'skip_0_3': False, 'skip_1_3': True, 'skip_2_3': False, 'optimizer': 'sgd'}"
28941876,13.800561904907227,1281.7562561035156,"{'skip_0_1': True, 'skip_0_2': True, 'skip_1_2': True, 'skip_0_3': False, 'skip_1_3': True, 'skip_2_3': False, 'optimizer': 'sgd'}"
28941876,13.800561904907227,1281.7562561035156,"{'skip_0_1': True, 'skip_0_2': True, 'skip_1_2': True, 'skip_0_3': False, 'skip_1_3': True, 'skip_2_3': False, 'optimizer': 'sgd'}"
28941876,13.800561904907227,1281.7562561035156,"{'skip_0_1': True, 'skip_0_2': False, 'skip_1_2': False, 'skip_0_3': False, 'skip_1_3': True, 'skip_2_3': False, 'optimizer': 'sgd'}"
28941876,13.800561904907227,1281.7562561035156,"{'skip_0_1': True, 'skip_0_2': True, 'skip_1_2': False, 'skip_0_3': False, 'skip_1_3': True, 'skip_2_3': False, 'optimizer': 'sgd'}"
28941876,13.800561904907227,1281.7562561035156,"{'skip_0_1': True, 'skip_0_2': True, 'skip_1_2': False, 'skip_0_3': False, 'skip_1_3': True, 'skip_2_3': False, 'optimizer': 'sgd'}"
28941876,13.800561904907227,1281.7562561035156,"{'skip_0_1': True, 'skip_0_2': False, 'skip_1_2': False, 'skip_0_3': False, 'skip_1_3': True, 'skip_2_3': False, 'optimizer': 'sgd'}"
28941876,13.800561904907227,1281.7562561035156,"{'skip_0_1': True, 'skip_0_2': True, 'skip_1_2': False, 'skip_0_3': False, 'skip_1_3': True, 'skip_2_3': False, 'optimizer': 'sgd'}"
28941876,13.800561904907227,1281.7562561035156,"{'skip_0_1': True, 'skip_0_2': False, 'skip_1_2': False, 'skip_0_3': False, 'skip_1_3': True, 'skip_2_3': False, 'optimizer': 'sgd'}"
28941876,13.800561904907227,1281.7562561035156,"{'skip_0_1': True, 'skip_0_2': False, 'skip_1_2': True, 'skip_0_3': False, 'skip_1_3': True, 'skip_2_3': False, 'optimizer': 'sgd'}"
28941876,13.800561904907227,1281.7562561035156,"{'skip_0_1': True, 'skip_0_2': False, 'skip_1_2': True, 'skip_0_3': False, 'skip_1_3': True, 'skip_2_3': False, 'optimizer': 'sgd'}"
28941876,13.800561904907227,1281.7562561035156,"{'skip_0_1': True, 'skip_0_2': False, 'skip_1_2': False, 'skip_0_3': False, 'skip_1_3': True, 'skip_2_3': False, 'optimizer': 'sgd'}"
28941876,13.800561904907227,1281.7562561035156,"{'skip_0_1': True, 'skip_0_2': True, 'skip_1_2': True, 'skip_0_3': False, 'skip_1_3': True, 'skip_2_3': False, 'optimizer': 'sgd'}"
28908788,13.784784317016602,1281.5047912597656,"{'skip_0_1': False, 'skip_0_2': True, 'skip_1_2': False, 'skip_0_3': False, 'skip_1_3': True, 'skip_2_3': False, 'optimizer': 'sgd'}"
28908788,13.784784317016602,1281.5047912597656,"{'skip_0_1': False, 'skip_0_2': False, 'skip_1_2': True, 'skip_0_3': False, 'skip_1_3': True, 'skip_2_3': False, 'optimizer': 'sgd'}"
28908788,13.784784317016602,1281.5047912597656,"{'skip_0_1': False, 'skip_0_2': True, 'skip_1_2': True, 'skip_0_3': False, 'skip_1_3': True, 'skip_2_3': False, 'optimizer': 'sgd'}"
28908788,13.784784317016602,1281.5047912597656,"{'skip_0_1': False, 'skip_0_2': True, 'skip_1_2': False, 'skip_0_3': False, 'skip_1_3': True, 'skip_2_3': False, 'optimizer': 'sgd'}"
28908788,13.784784317016602,1281.5047912597656,"{'skip_0_1': False, 'skip_0_2': False, 'skip_1_2': False, 'skip_0_3': False, 'skip_1_3': True, 'skip_2_3': False, 'optimizer': 'sgd'}"
28908788,13.784784317016602,1281.5047912597656,"{'skip_0_1': False, 'skip_0_2': True, 'skip_1_2': False, 'skip_0_3': False, 'skip_1_3': True, 'skip_2_3': False, 'optimizer': 'sgd'}"
28908788,13.784784317016602,1281.5047912597656,"{'skip_0_1': False, 'skip_0_2': True, 'skip_1_2': True, 'skip_0_3': False, 'skip_1_3': True, 'skip_2_3': False, 'optimizer': 'sgd'}"
28908788,13.784784317016602,1281.5047912597656,"{'skip_0_1': False, 'skip_0_2': True, 'skip_1_2': True, 'skip_0_3': False, 'skip_1_3': True, 'skip_2_3': False, 'optimizer': 'sgd'}"
28908788,13.784784317016602,1281.5047912597656,"{'skip_0_1': False, 'skip_0_2': True, 'skip_1_2': True, 'skip_0_3': False, 'skip_1_3': True, 'skip_2_3': False, 'optimizer': 'sgd'}"
28908788,13.784784317016602,1281.5047912597656,"{'skip_0_1': False, 'skip_0_2': True, 'skip_1_2': True, 'skip_0_3': False, 'skip_1_3': True, 'skip_2_3': False, 'optimizer': 'sgd'}"
28908788,13.784784317016602,1281.5047912597656,"{'skip_0_1': False, 'skip_0_2': False, 'skip_1_2': False, 'skip_0_3': False, 'skip_1_3': True, 'skip_2_3': False, 'optimizer': 'sgd'}"
28908788,13.784784317016602,1281.5047912597656,"{'skip_0_1': False, 'skip_0_2': True, 'skip_1_2': False, 'skip_0_3': False, 'skip_1_3': True, 'skip_2_3': False, 'optimizer': 'sgd'}"
14683124,7.001459121704102,1229.3431243896484,"{'skip_0_1': False, 'skip_0_2': True, 'skip_1_2': True, 'skip_0_3': False, 'skip_1_3': False, 'skip_2_3': False, 'optimizer': 'adam'}"
14683124,7.001459121704102,1229.3431243896484,"{'skip_0_1': True, 'skip_0_2': True, 'skip_1_2': True, 'skip_0_3': False, 'skip_1_3': False, 'skip_2_3': False, 'optimizer': 'lion'}"
14683124,7.001459121704102,1229.3431243896484,"{'skip_0_1': True, 'skip_0_2': False, 'skip_1_2': False, 'skip_0_3': False, 'skip_1_3': False, 'skip_2_3': False, 'optimizer': 'rmsprop'}"
14683124,7.001459121704102,1229.3431243896484,"{'skip_0_1': True, 'skip_0_2': False, 'skip_1_2': False, 'skip_0_3': False, 'skip_1_3': False, 'skip_2_3': False, 'optimizer': 'adamw'}"
14683124,7.001459121704102,1229.3431243896484,"{'skip_0_1': False, 'skip_0_2': False, 'skip_1_2': True, 'skip_0_3': False, 'skip_1_3': False, 'skip_2_3': False, 'optimizer': 'adam'}"
14683124,7.001459121704102,1229.3431243896484,"{'skip_0_1': True, 'skip_0_2': True, 'skip_1_2': True, 'skip_0_3': False, 'skip_1_3': False, 'skip_2_3': False, 'optimizer': 'lion'}"
14683124,7.001459121704102,1229.3431243896484,"{'skip_0_1': True, 'skip_0_2': False, 'skip_1_2': True, 'skip_0_3': False, 'skip_1_3': False, 'skip_2_3': False, 'optimizer': 'rmsprop'}"
14683124,7.001459121704102,1229.3431243896484,"{'skip_0_1': True, 'skip_0_2': True, 'skip_1_2': True, 'skip_0_3': False, 'skip_1_3': False, 'skip_2_3': False, 'optimizer': 'adamw'}"
14683124,7.001459121704102,1229.3431243896484,"{'skip_0_1': True, 'skip_0_2': False, 'skip_1_2': False, 'skip_0_3': False, 'skip_1_3': False, 'skip_2_3': False, 'optimizer': 'adamw'}"
14683124,7.001459121704102,1229.3431243896484,"{'skip_0_1': True, 'skip_0_2': False, 'skip_1_2': True, 'skip_0_3': False, 'skip_1_3': False, 'skip_2_3': False, 'optimizer': 'lion'}"
14683124,7.001459121704102,1229.3431243896484,"{'skip_0_1': False, 'skip_0_2': True, 'skip_1_2': True, 'skip_0_3': False, 'skip_1_3': False, 'skip_2_3': False, 'optimizer': 'lion'}"
14683124,7.001459121704102,1229.3431243896484,"{'skip_0_1': True, 'skip_0_2': False, 'skip_1_2': False, 'skip_0_3': False, 'skip_1_3': False, 'skip_2_3': False, 'optimizer': 'adam'}"
14683124,7.001459121704102,1229.3431243896484,"{'skip_0_1': False, 'skip_0_2': False, 'skip_1_2': True, 'skip_0_3': False, 'skip_1_3': False, 'skip_2_3': False, 'optimizer': 'rmsprop'}"
14683124,7.001459121704102,1229.3431243896484,"{'skip_0_1': False, 'skip_0_2': False, 'skip_1_2': True, 'skip_0_3': False, 'skip_1_3': False, 'skip_2_3': False, 'optimizer': 'adam'}"
14683124,7.001459121704102,1229.3431243896484,"{'skip_0_1': False, 'skip_0_2': False, 'skip_1_2': True, 'skip_0_3': False, 'skip_1_3': False, 'skip_2_3': False, 'optimizer': 'lion'}"
14683124,7.001459121704102,1229.3431243896484,"{'skip_0_1': False, 'skip_0_2': True, 'skip_1_2': False, 'skip_0_3': False, 'skip_1_3': False, 'skip_2_3': False, 'optimizer': 'lion'}"
14683124,7.001459121704102,1229.3431243896484,"{'skip_0_1': False, 'skip_0_2': True, 'skip_1_2': True, 'skip_0_3': False, 'skip_1_3': False, 'skip_2_3': False, 'optimizer': 'adamw'}"
14683124,7.001459121704102,1229.3431243896484,"{'skip_0_1': True, 'skip_0_2': True, 'skip_1_2': False, 'skip_0_3': False, 'skip_1_3': False, 'skip_2_3': False, 'optimizer': 'adam'}"
14683124,7.001459121704102,1229.3431243896484,"{'skip_0_1': False, 'skip_0_2': False, 'skip_1_2': True, 'skip_0_3': False, 'skip_1_3': False, 'skip_2_3': False, 'optimizer': 'adam'}"
14683124,7.001459121704102,1229.3431243896484,"{'skip_0_1': False, 'skip_0_2': False, 'skip_1_2': False, 'skip_0_3': False, 'skip_1_3': False, 'skip_2_3': False, 'optimizer': 'lion'}"
14683124,7.001459121704102,1229.3431243896484,"{'skip_0_1': False, 'skip_0_2': True, 'skip_1_2': False, 'skip_0_3': False, 'skip_1_3': False, 'skip_2_3': False, 'optimizer': 'lion'}"
14683124,7.001459121704102,1229.3431243896484,"{'skip_0_1': True, 'skip_0_2': True, 'skip_1_2': False, 'skip_0_3': False, 'skip_1_3': False, 'skip_2_3': False, 'optimizer': 'adam'}"
14683124,7.001459121704102,1229.3431243896484,"{'skip_0_1': True, 'skip_0_2': True, 'skip_1_2': False, 'skip_0_3': False, 'skip_1_3': False, 'skip_2_3': False, 'optimizer': 'adamw'}"
14683124,7.001459121704102,1229.3431243896484,"{'skip_0_1': True, 'skip_0_2': False, 'skip_1_2': True, 'skip_0_3': False, 'skip_1_3': False, 'skip_2_3': False, 'optimizer': 'rmsprop'}"
14683124,7.001459121704102,1229.3431243896484,"{'skip_0_1': False, 'skip_0_2': False, 'skip_1_2': True, 'skip_0_3': False, 'skip_1_3': False, 'skip_2_3': False, 'optimizer': 'adamw'}"
14683124,7.001459121704102,1229.3431243896484,"{'skip_0_1': False, 'skip_0_2': True, 'skip_1_2': False, 'skip_0_3': False, 'skip_1_3': False, 'skip_2_3': False, 'optimizer': 'adam'}"
14683124,7.001459121704102,1229.3431243896484,"{'skip_0_1': True, 'skip_0_2': False, 'skip_1_2': True, 'skip_0_3': False, 'skip_1_3': False, 'skip_2_3': False, 'optimizer': 'adam'}"
14683124,7.001459121704102,1229.3431243896484,"{'skip_0_1': False, 'skip_0_2': True, 'skip_1_2': True, 'skip_0_3': False, 'skip_1_3': False, 'skip_2_3': False, 'optimizer': 'lion'}"
14683124,7.001459121704102,1229.3431243896484,"{'skip_0_1': False, 'skip_0_2': True, 'skip_1_2': True, 'skip_0_3': False, 'skip_1_3': False, 'skip_2_3': False, 'optimizer': 'adam'}"
14683124,7.001459121704102,1229.3431243896484,"{'skip_0_1': True, 'skip_0_2': False, 'skip_1_2': True, 'skip_0_3': False, 'skip_1_3': False, 'skip_2_3': False, 'optimizer': 'rmsprop'}"
14683124,7.001459121704102,1229.3431243896484,"{'skip_0_1': False, 'skip_0_2': True, 'skip_1_2': True, 'skip_0_3': False, 'skip_1_3': False, 'skip_2_3': False, 'optimizer': 'adamw'}"
14683124,7.001459121704102,1229.3431243896484,"{'skip_0_1': False, 'skip_0_2': False, 'skip_1_2': True, 'skip_0_3': False, 'skip_1_3': False, 'skip_2_3': False, 'optimizer': 'rmsprop'}"
14683124,7.001459121704102,1229.3431243896484,"{'skip_0_1': False, 'skip_0_2': False, 'skip_1_2': True, 'skip_0_3': False, 'skip_1_3': False, 'skip_2_3': False, 'optimizer': 'rmsprop'}"
14683124,7.001459121704102,1229.3431243896484,"{'skip_0_1': True, 'skip_0_2': False, 'skip_1_2': False, 'skip_0_3': False, 'skip_1_3': False, 'skip_2_3': False, 'optimizer': 'adam'}"
14683124,7.001459121704102,1229.3431243896484,"{'skip_0_1': False, 'skip_0_2': False, 'skip_1_2': True, 'skip_0_3': False, 'skip_1_3': False, 'skip_2_3': False, 'optimizer': 'rmsprop'}"
14683124,7.001459121704102,1229.3431243896484,"{'skip_0_1': True, 'skip_0_2': False, 'skip_1_2': True, 'skip_0_3': False, 'skip_1_3': False, 'skip_2_3': False, 'optimizer': 'adam'}"
14683124,7.001459121704102,1229.3431243896484,"{'skip_0_1': True, 'skip_0_2': False, 'skip_1_2': True, 'skip_0_3': False, 'skip_1_3': False, 'skip_2_3': False, 'optimizer': 'adam'}"
14683124,7.001459121704102,1229.3431243896484,"{'skip_0_1': True, 'skip_0_2': True, 'skip_1_2': True, 'skip_0_3': False, 'skip_1_3': False, 'skip_2_3': False, 'optimizer': 'rmsprop'}"
14683124,7.001459121704102,1229.3431243896484,"{'skip_0_1': True, 'skip_0_2': False, 'skip_1_2': True, 'skip_0_3': False, 'skip_1_3': False, 'skip_2_3': False, 'optimizer': 'lion'}"
14683124,7.001459121704102,1229.3431243896484,"{'skip_0_1': False, 'skip_0_2': False, 'skip_1_2': False, 'skip_0_3': False, 'skip_1_3': False, 'skip_2_3': False, 'optimizer': 'rmsprop'}"
14683124,7.001459121704102,1229.3431243896484,"{'skip_0_1': True, 'skip_0_2': True, 'skip_1_2': True, 'skip_0_3': False, 'skip_1_3': False, 'skip_2_3': False, 'optimizer': 'lion'}"
14683124,7.001459121704102,1229.3431243896484,"{'skip_0_1': False, 'skip_0_2': True, 'skip_1_2': True, 'skip_0_3': False, 'skip_1_3': False, 'skip_2_3': False, 'optimizer': 'adam'}"
14683124,7.001459121704102,1229.3431243896484,"{'skip_0_1': False, 'skip_0_2': False, 'skip_1_2': False, 'skip_0_3': False, 'skip_1_3': False, 'skip_2_3': False, 'optimizer': 'adamw'}"
14683124,7.001459121704102,1229.3431243896484,"{'skip_0_1': True, 'skip_0_2': True, 'skip_1_2': True, 'skip_0_3': False, 'skip_1_3': False, 'skip_2_3': False, 'optimizer': 'lion'}"
14683124,7.001459121704102,1229.3431243896484,"{'skip_0_1': False, 'skip_0_2': True, 'skip_1_2': True, 'skip_0_3': False, 'skip_1_3': False, 'skip_2_3': False, 'optimizer': 'adamw'}"
14683124,7.001459121704102,1229.3431243896484,"{'skip_0_1': True, 'skip_0_2': False, 'skip_1_2': True, 'skip_0_3': False, 'skip_1_3': False, 'skip_2_3': False, 'optimizer': 'adam'}"
14683124,7.001459121704102,1229.3431243896484,"{'skip_0_1': True, 'skip_0_2': True, 'skip_1_2': True, 'skip_0_3': False, 'skip_1_3': False, 'skip_2_3': False, 'optimizer': 'adamw'}"
14683124,7.001459121704102,1229.3431243896484,"{'skip_0_1': True, 'skip_0_2': False, 'skip_1_2': True, 'skip_0_3': False, 'skip_1_3': False, 'skip_2_3': False, 'optimizer': 'rmsprop'}"
14683124,7.001459121704102,1229.3431243896484,"{'skip_0_1': False, 'skip_0_2': True, 'skip_1_2': True, 'skip_0_3': False, 'skip_1_3': False, 'skip_2_3': False, 'optimizer': 'adamw'}"
14683124,7.001459121704102,1229.3431243896484,"{'skip_0_1': False, 'skip_0_2': False, 'skip_1_2': False, 'skip_0_3': False, 'skip_1_3': False, 'skip_2_3': False, 'optimizer': 'adam'}"
14683124,7.001459121704102,1229.3431243896484,"{'skip_0_1': False, 'skip_0_2': False, 'skip_1_2': False, 'skip_0_3': False, 'skip_1_3': False, 'skip_2_3': False, 'optimizer': 'rmsprop'}"
14683124,7.001459121704102,1229.3431243896484,"{'skip_0_1': True, 'skip_0_2': False, 'skip_1_2': True, 'skip_0_3': False, 'skip_1_3': False, 'skip_2_3': False, 'optimizer': 'lion'}"
14683124,7.001459121704102,1229.3431243896484,"{'skip_0_1': False, 'skip_0_2': True, 'skip_1_2': False, 'skip_0_3': False, 'skip_1_3': False, 'skip_2_3': False, 'optimizer': 'lion'}"
14683124,7.001459121704102,1229.3431243896484,"{'skip_0_1': True, 'skip_0_2': True, 'skip_1_2': False, 'skip_0_3': False, 'skip_1_3': False, 'skip_2_3': False, 'optimizer': 'rmsprop'}"
14683124,7.001459121704102,1229.3431243896484,"{'skip_0_1': True, 'skip_0_2': False, 'skip_1_2': True, 'skip_0_3': False, 'skip_1_3': False, 'skip_2_3': False, 'optimizer': 'rmsprop'}"
14683124,7.001459121704102,1229.3431243896484,"{'skip_0_1': False, 'skip_0_2': False, 'skip_1_2': False, 'skip_0_3': False, 'skip_1_3': False, 'skip_2_3': False, 'optimizer': 'adam'}"
14683124,7.001459121704102,1229.3431243896484,"{'skip_0_1': True, 'skip_0_2': True, 'skip_1_2': True, 'skip_0_3': False, 'skip_1_3': False, 'skip_2_3': False, 'optimizer': 'rmsprop'}"
14683124,7.001459121704102,1229.3431243896484,"{'skip_0_1': False, 'skip_0_2': True, 'skip_1_2': True, 'skip_0_3': False, 'skip_1_3': False, 'skip_2_3': False, 'optimizer': 'rmsprop'}"
14683124,7.001459121704102,1229.3431243896484,"{'skip_0_1': False, 'skip_0_2': False, 'skip_1_2': True, 'skip_0_3': False, 'skip_1_3': False, 'skip_2_3': False, 'optimizer': 'adamw'}"
14683124,7.001459121704102,1229.3431243896484,"{'skip_0_1': False, 'skip_0_2': False, 'skip_1_2': False, 'skip_0_3': False, 'skip_1_3': False, 'skip_2_3': False, 'optimizer': 'adamw'}"
14683124,7.001459121704102,1229.3431243896484,"{'skip_0_1': False, 'skip_0_2': True, 'skip_1_2': True, 'skip_0_3': False, 'skip_1_3': False, 'skip_2_3': False, 'optimizer': 'lion'}"
14683124,7.001459121704102,1229.3431243896484,"{'skip_0_1': True, 'skip_0_2': True, 'skip_1_2': True, 'skip_0_3': False, 'skip_1_3': False, 'skip_2_3': False, 'optimizer': 'lion'}"
14683124,7.001459121704102,1229.3431243896484,"{'skip_0_1': True, 'skip_0_2': True, 'skip_1_2': True, 'skip_0_3': False, 'skip_1_3': False, 'skip_2_3': False, 'optimizer': 'rmsprop'}"
14683124,7.001459121704102,1229.3431243896484,"{'skip_0_1': True, 'skip_0_2': True, 'skip_1_2': False, 'skip_0_3': False, 'skip_1_3': False, 'skip_2_3': False, 'optimizer': 'rmsprop'}"
14683124,7.001459121704102,1229.3431243896484,"{'skip_0_1': True, 'skip_0_2': True, 'skip_1_2': False, 'skip_0_3': False, 'skip_1_3': False, 'skip_2_3': False, 'optimizer': 'adam'}"
14683124,7.001459121704102,1229.3431243896484,"{'skip_0_1': False, 'skip_0_2': True, 'skip_1_2': True, 'skip_0_3': False, 'skip_1_3': False, 'skip_2_3': False, 'optimizer': 'adam'}"
14683124,7.001459121704102,1229.3431243896484,"{'skip_0_1': False, 'skip_0_2': True, 'skip_1_2': True, 'skip_0_3': False, 'skip_1_3': False, 'skip_2_3': False, 'optimizer': 'lion'}"
14683124,7.001459121704102,1229.3431243896484,"{'skip_0_1': True, 'skip_0_2': True, 'skip_1_2': False, 'skip_0_3': False, 'skip_1_3': False, 'skip_2_3': False, 'optimizer': 'adamw'}"
14683124,7.001459121704102,1229.3431243896484,"{'skip_0_1': True, 'skip_0_2': True, 'skip_1_2': True, 'skip_0_3': False, 'skip_1_3': False, 'skip_2_3': False, 'optimizer': 'adam'}"
14683124,7.001459121704102,1229.3431243896484,"{'skip_0_1': True, 'skip_0_2': False, 'skip_1_2': True, 'skip_0_3': False, 'skip_1_3': False, 'skip_2_3': False, 'optimizer': 'adam'}"
14683124,7.001459121704102,1229.3431243896484,"{'skip_0_1': False, 'skip_0_2': True, 'skip_1_2': False, 'skip_0_3': False, 'skip_1_3': False, 'skip_2_3': False, 'optimizer': 'adam'}"
14683124,7.001459121704102,1229.3431243896484,"{'skip_0_1': False, 'skip_0_2': True, 'skip_1_2': True, 'skip_0_3': False, 'skip_1_3': False, 'skip_2_3': False, 'optimizer': 'adamw'}"
14683124,7.001459121704102,1229.3431243896484,"{'skip_0_1': True, 'skip_0_2': True, 'skip_1_2': True, 'skip_0_3': False, 'skip_1_3': False, 'skip_2_3': False, 'optimizer': 'rmsprop'}"
14683124,7.001459121704102,1229.3431243896484,"{'skip_0_1': True, 'skip_0_2': False, 'skip_1_2': True, 'skip_0_3': False, 'skip_1_3': False, 'skip_2_3': False, 'optimizer': 'adam'}"
14683124,7.001459121704102,1229.3431243896484,"{'skip_0_1': False, 'skip_0_2': True, 'skip_1_2': True, 'skip_0_3': False, 'skip_1_3': False, 'skip_2_3': False, 'optimizer': 'rmsprop'}"
14683124,7.001459121704102,1229.3431243896484,"{'skip_0_1': True, 'skip_0_2': False, 'skip_1_2': False, 'skip_0_3': False, 'skip_1_3': False, 'skip_2_3': False, 'optimizer': 'lion'}"
14683124,7.001459121704102,1229.3431243896484,"{'skip_0_1': False, 'skip_0_2': False, 'skip_1_2': False, 'skip_0_3': False, 'skip_1_3': False, 'skip_2_3': False, 'optimizer': 'lion'}"
14683124,7.001459121704102,1229.3431243896484,"{'skip_0_1': True, 'skip_0_2': True, 'skip_1_2': True, 'skip_0_3': False, 'skip_1_3': False, 'skip_2_3': False, 'optimizer': 'adam'}"
14683124,7.001459121704102,1229.3431243896484,"{'skip_0_1': False, 'skip_0_2': True, 'skip_1_2': True, 'skip_0_3': False, 'skip_1_3': False, 'skip_2_3': False, 'optimizer': 'lion'}"
14683124,7.001459121704102,1229.3431243896484,"{'skip_0_1': False, 'skip_0_2': True, 'skip_1_2': True, 'skip_0_3': False, 'skip_1_3': False, 'skip_2_3': False, 'optimizer': 'adamw'}"
14683124,7.001459121704102,1229.3431243896484,"{'skip_0_1': True, 'skip_0_2': False, 'skip_1_2': False, 'skip_0_3': False, 'skip_1_3': False, 'skip_2_3': False, 'optimizer': 'lion'}"
14683124,7.001459121704102,1229.3431243896484,"{'skip_0_1': True, 'skip_0_2': True, 'skip_1_2': True, 'skip_0_3': False, 'skip_1_3': False, 'skip_2_3': False, 'optimizer': 'lion'}"
14683124,7.001459121704102,1229.3431243896484,"{'skip_0_1': True, 'skip_0_2': True, 'skip_1_2': False, 'skip_0_3': False, 'skip_1_3': False, 'skip_2_3': False, 'optimizer': 'lion'}"
14683124,7.001459121704102,1229.3431243896484,"{'skip_0_1': False, 'skip_0_2': True, 'skip_1_2': True, 'skip_0_3': False, 'skip_1_3': False, 'skip_2_3': False, 'optimizer': 'adam'}"
14683124,7.001459121704102,1229.3431243896484,"{'skip_0_1': True, 'skip_0_2': False, 'skip_1_2': False, 'skip_0_3': False, 'skip_1_3': False, 'skip_2_3': False, 'optimizer': 'adam'}"
14683124,7.001459121704102,1229.3431243896484,"{'skip_0_1': True, 'skip_0_2': True, 'skip_1_2': False, 'skip_0_3': False, 'skip_1_3': False, 'skip_2_3': False, 'optimizer': 'adam'}"
14683124,7.001459121704102,1229.3431243896484,"{'skip_0_1': True, 'skip_0_2': False, 'skip_1_2': True, 'skip_0_3': False, 'skip_1_3': False, 'skip_2_3': False, 'optimizer': 'lion'}"
14683124,7.001459121704102,1229.3431243896484,"{'skip_0_1': True, 'skip_0_2': False, 'skip_1_2': True, 'skip_0_3': False, 'skip_1_3': False, 'skip_2_3': False, 'optimizer': 'adam'}"
14683124,7.001459121704102,1229.3431243896484,"{'skip_0_1': False, 'skip_0_2': True, 'skip_1_2': False, 'skip_0_3': False, 'skip_1_3': False, 'skip_2_3': False, 'optimizer': 'lion'}"
14683124,7.001459121704102,1229.3431243896484,"{'skip_0_1': False, 'skip_0_2': True, 'skip_1_2': True, 'skip_0_3': False, 'skip_1_3': False, 'skip_2_3': False, 'optimizer': 'adamw'}"
14683124,7.001459121704102,1229.3431243896484,"{'skip_0_1': True, 'skip_0_2': True, 'skip_1_2': True, 'skip_0_3': False, 'skip_1_3': False, 'skip_2_3': False, 'optimizer': 'adam'}"
14683124,7.001459121704102,1229.3431243896484,"{'skip_0_1': True, 'skip_0_2': False, 'skip_1_2': False, 'skip_0_3': False, 'skip_1_3': False, 'skip_2_3': False, 'optimizer': 'adamw'}"
14683124,7.001459121704102,1229.3431243896484,"{'skip_0_1': True, 'skip_0_2': False, 'skip_1_2': False, 'skip_0_3': False, 'skip_1_3': False, 'skip_2_3': False, 'optimizer': 'lion'}"
14683124,7.001459121704102,1229.3431243896484,"{'skip_0_1': True, 'skip_0_2': True, 'skip_1_2': False, 'skip_0_3': False, 'skip_1_3': False, 'skip_2_3': False, 'optimizer': 'rmsprop'}"
14683124,7.001459121704102,1229.3431243896484,"{'skip_0_1': True, 'skip_0_2': False, 'skip_1_2': False, 'skip_0_3': False, 'skip_1_3': False, 'skip_2_3': False, 'optimizer': 'lion'}"
14683124,7.001459121704102,1229.3431243896484,"{'skip_0_1': True, 'skip_0_2': True, 'skip_1_2': False, 'skip_0_3': False, 'skip_1_3': False, 'skip_2_3': False, 'optimizer': 'adam'}"
14683124,7.001459121704102,1173.3368225097656,"{'skip_0_1': True, 'skip_0_2': False, 'skip_1_2': False, 'skip_0_3': False, 'skip_1_3': False, 'skip_2_3': False, 'optimizer': 'sgd'}"
14683124,7.001459121704102,1173.3368225097656,"{'skip_0_1': False, 'skip_0_2': True, 'skip_1_2': True, 'skip_0_3': False, 'skip_1_3': False, 'skip_2_3': False, 'optimizer': 'sgd'}"
14683124,7.001459121704102,1173.3368225097656,"{'skip_0_1': False, 'skip_0_2': False, 'skip_1_2': True, 'skip_0_3': False, 'skip_1_3': False, 'skip_2_3': False, 'optimizer': 'sgd'}"
14683124,7.001459121704102,1173.3368225097656,"{'skip_0_1': True, 'skip_0_2': False, 'skip_1_2': True, 'skip_0_3': False, 'skip_1_3': False, 'skip_2_3': False, 'optimizer': 'sgd'}"
14683124,7.001459121704102,1173.3368225097656,"{'skip_0_1': True, 'skip_0_2': True, 'skip_1_2': False, 'skip_0_3': False, 'skip_1_3': False, 'skip_2_3': False, 'optimizer': 'sgd'}"
14683124,7.001459121704102,1173.3368225097656,"{'skip_0_1': True, 'skip_0_2': True, 'skip_1_2': True, 'skip_0_3': False, 'skip_1_3': False, 'skip_2_3': False, 'optimizer': 'sgd'}"
14683124,7.001459121704102,1173.3368225097656,"{'skip_0_1': True, 'skip_0_2': True, 'skip_1_2': True, 'skip_0_3': False, 'skip_1_3': False, 'skip_2_3': False, 'optimizer': 'sgd'}"
14683124,7.001459121704102,1173.3368225097656,"{'skip_0_1': True, 'skip_0_2': False, 'skip_1_2': False, 'skip_0_3': False, 'skip_1_3': False, 'skip_2_3': False, 'optimizer': 'sgd'}"
14683124,7.001459121704102,1173.3368225097656,"{'skip_0_1': True, 'skip_0_2': False, 'skip_1_2': False, 'skip_0_3': False, 'skip_1_3': False, 'skip_2_3': False, 'optimizer': 'sgd'}"
14683124,7.001459121704102,1173.3368225097656,"{'skip_0_1': True, 'skip_0_2': False, 'skip_1_2': True, 'skip_0_3': False, 'skip_1_3': False, 'skip_2_3': False, 'optimizer': 'sgd'}"
14683124,7.001459121704102,1173.3368225097656,"{'skip_0_1': True, 'skip_0_2': True, 'skip_1_2': True, 'skip_0_3': False, 'skip_1_3': False, 'skip_2_3': False, 'optimizer': 'sgd'}"
14683124,7.001459121704102,1173.3368225097656,"{'skip_0_1': True, 'skip_0_2': False, 'skip_1_2': True, 'skip_0_3': False, 'skip_1_3': False, 'skip_2_3': False, 'optimizer': 'sgd'}"
14683124,7.001459121704102,1173.3368225097656,"{'skip_0_1': True, 'skip_0_2': True, 'skip_1_2': False, 'skip_0_3': False, 'skip_1_3': False, 'skip_2_3': False, 'optimizer': 'sgd'}"
14683124,7.001459121704102,1173.3368225097656,"{'skip_0_1': True, 'skip_0_2': False, 'skip_1_2': False, 'skip_0_3': False, 'skip_1_3': False, 'skip_2_3': False, 'optimizer': 'sgd'}"
14683124,7.001459121704102,1173.3368225097656,"{'skip_0_1': True, 'skip_0_2': True, 'skip_1_2': False, 'skip_0_3': False, 'skip_1_3': False, 'skip_2_3': False, 'optimizer': 'sgd'}"
14683124,7.001459121704102,1173.3368225097656,"{'skip_0_1': True, 'skip_0_2': False, 'skip_1_2': True, 'skip_0_3': False, 'skip_1_3': False, 'skip_2_3': False, 'optimizer': 'sgd'}"
14683124,7.001459121704102,1173.3368225097656,"{'skip_0_1': True, 'skip_0_2': False, 'skip_1_2': True, 'skip_0_3': False, 'skip_1_3': False, 'skip_2_3': False, 'optimizer': 'sgd'}"
14683124,7.001459121704102,1173.3368225097656,"{'skip_0_1': False, 'skip_0_2': True, 'skip_1_2': False, 'skip_0_3': False, 'skip_1_3': False, 'skip_2_3': False, 'optimizer': 'sgd'}"
14683124,7.001459121704102,1173.3368225097656,"{'skip_0_1': True, 'skip_0_2': True, 'skip_1_2': True, 'skip_0_3': False, 'skip_1_3': False, 'skip_2_3': False, 'optimizer': 'sgd'}"
14683124,7.001459121704102,1173.3368225097656,"{'skip_0_1': False, 'skip_0_2': False, 'skip_1_2': True, 'skip_0_3': False, 'skip_1_3': False, 'skip_2_3': False, 'optimizer': 'sgd'}"
14683124,7.001459121704102,1173.3368225097656,"{'skip_0_1': True, 'skip_0_2': False, 'skip_1_2': True, 'skip_0_3': False, 'skip_1_3': False, 'skip_2_3': False, 'optimizer': 'sgd'}"
14683124,7.001459121704102,1173.3368225097656,"{'skip_0_1': False, 'skip_0_2': False, 'skip_1_2': False, 'skip_0_3': False, 'skip_1_3': False, 'skip_2_3': False, 'optimizer': 'sgd'}"
14683124,7.001459121704102,1173.3368225097656,"{'skip_0_1': True, 'skip_0_2': True, 'skip_1_2': False, 'skip_0_3': False, 'skip_1_3': False, 'skip_2_3': False, 'optimizer': 'sgd'}"
14683124,7.001459121704102,1173.3368225097656,"{'skip_0_1': False, 'skip_0_2': False, 'skip_1_2': False, 'skip_0_3': False, 'skip_1_3': False, 'skip_2_3': False, 'optimizer': 'sgd'}"
14683124,7.001459121704102,1173.3368225097656,"{'skip_0_1': True, 'skip_0_2': True, 'skip_1_2': False, 'skip_0_3': False, 'skip_1_3': False, 'skip_2_3': False, 'optimizer': 'sgd'}"
14683124,7.001459121704102,1173.3368225097656,"{'skip_0_1': True, 'skip_0_2': False, 'skip_1_2': False, 'skip_0_3': False, 'skip_1_3': False, 'skip_2_3': False, 'optimizer': 'sgd'}"
14683124,7.001459121704102,1173.3368225097656,"{'skip_0_1': True, 'skip_0_2': True, 'skip_1_2': True, 'skip_0_3': False, 'skip_1_3': False, 'skip_2_3': False, 'optimizer': 'sgd'}"
